clip_id,bird_name,scientific_name,family,xeno_canto_recording_id,recordist,source_url,license_name,license_url,original_length_seconds,clip_start_seconds,clip_end_seconds,clip_length_seconds,modified,commercial_allowed,derivatives_allowed,share_alike_required,app_safe,app_safe_reason
968,Abert's Towhee,Melozone aberti,Towhees and Sparrows (Passerellidae),863097,Scott Crabtree,https://xeno-canto.org/863097,CC BY-NC-SA 4.0,https://creativecommons.org/licenses/by-nc-sa/4.0/,82.0,17.33,37.33,20.0,yes,no,yes,yes,no,NonCommercial license; exclude from paid app unless the recordist grants permission.
646,Acadian Flycatcher,Empidonax virescens,Tyrant Flycatchers (Tyrannidae),1036513,Bobby Wilcox,https://xeno-canto.org/1036513,CC BY-NC-SA 4.0,https://creativecommons.org/licenses/by-nc-sa/4.0/,25.0,0.0,20.0,20.0,yes,no,yes,yes,no,NonCommercial license; exclude from paid app unless the recordist grants permission.
561,Acorn Woodpecker,Melanerpes formicivorus,Woodpeckers and Allies (Picidae),494259,Phoenix Birder,https://xeno-canto.org/494259,CC BY-NC-SA 4.0,https://creativecommons.org/licenses/by-nc-sa/4.0/,70.0,13.33,33.33,20.0,yes,no,yes,yes,no,NonCommercial license; exclude from paid app unless the recordist grants permission.
127,African Collared-Dove (1969-1994),Streptopelia roseogrisea,Pigeons and Doves (Columbidae),375491,Jonathan Fosdick,https://xeno-canto.org/375491,CC BY-NC-SA 4.0,https://creativecommons.org/licenses/by-nc-sa/4.0/,9.0,0.0,9.0,9.0,yes,no,yes,yes,no,NonCommercial license; exclude from paid app unless the recordist grants permission.
852,African Silverbill,Euodice cantans,Waxbills (Estrildidae),209513,Ross Gallardy,https://xeno-canto.org/209513,CC BY-NC-SA 4.0,https://creativecommons.org/licenses/by-nc-sa/4.0/,42.0,4.0,24.0,20.0,yes,no,yes,yes,no,NonCommercial license; exclude from paid app unless the recordist grants permission.
892,Akekee,Loxops caeruleirostris,Fringilline and Cardueline Finches and Allies (Fringillidae),210201,Ross Gallardy,https://xeno-canto.org/210201,CC BY-NC-SA 4.0,https://creativecommons.org/licenses/by-nc-sa/4.0/,76.0,15.33,35.33,20.0,yes,no,yes,yes,no,NonCommercial license; exclude from paid app unless the recordist grants permission.
886,Akiapolaau,Hemignathus wilsoni,Fringilline and Cardueline Finches and Allies (Fringillidae),747456,Brooks Rownd,https://xeno-canto.org/747456,CC BY-NC-SA 4.0,https://creativecommons.org/licenses/by-nc-sa/4.0/,76.0,15.33,35.33,20.0,yes,no,yes,yes,no,NonCommercial license; exclude from paid app unless the recordist grants permission.
878,Akikiki,Oreomystis bairdi,Fringilline and Cardueline Finches and Allies (Fringillidae),317034,Patrick Blake,https://xeno-canto.org/317034,CC BY-NC-SA 4.0,https://creativecommons.org/licenses/by-nc-sa/4.0/,50.0,6.67,26.67,20.0,yes,no,yes,yes,no,NonCommercial license; exclude from paid app unless the recordist grants permission.
882,Akohekohe,Palmeria dolei,Fringilline and Cardueline Finches and Allies (Fringillidae),122342,Brooks Rownd,https://xeno-canto.org/122342,CC BY-NC-SA 3.0,https://creativecommons.org/licenses/by-nc-sa/3.0/,101.0,23.67,43.67,20.0,yes,no,yes,yes,no,NonCommercial license; exclude from paid app unless the recordist grants permission.
647,Alder Flycatcher,Empidonax alnorum,Tyrant Flycatchers (Tyrannidae),1069847,Benjamin Drillat,https://xeno-canto.org/1069847,CC BY-NC-SA 4.0,https://creativecommons.org/licenses/by-nc-sa/4.0/,91.0,20.33,40.33,20.0,yes,no,yes,yes,no,NonCommercial license; exclude from paid app unless the recordist grants permission.
327,Aleutian Tern,Onychoprion aleuticus,"Gulls, Terns, and Skimmers (Laridae)",1045888,AUDEVARD Aurélien,https://xeno-canto.org/1045888,CC BY-NC-SA 4.0,https://creativecommons.org/licenses/by-nc-sa/4.0/,42.0,4.0,24.0,20.0,yes,no,yes,yes,no,NonCommercial license; exclude from paid app unless the recordist grants permission.
173,Allen's Hummingbird,Selasphorus sasin,Hummingbirds (Trochilidae),690436,Paul Marvin,https://xeno-canto.org/690436,CC BY-NC-SA 4.0,https://creativecommons.org/licenses/by-nc-sa/4.0/,100.0,23.33,43.33,20.0,yes,no,yes,yes,no,NonCommercial license; exclude from paid app unless the recordist grants permission.
986,Altamira Oriole,Icterus gularis,Blackbirds (Icteridae),359069,Paul Marvin,https://xeno-canto.org/359069,CC BY-NC-SA 4.0,https://creativecommons.org/licenses/by-nc-sa/4.0/,7.0,0.0,7.0,7.0,yes,no,yes,yes,no,NonCommercial license; exclude from paid app unless the recordist grants permission.
556,Amazon Kingfisher,Chloroceryle amazona,Kingfishers (Alcedinidae),1016902,Franco Vushurovich,https://xeno-canto.org/1016902,CC BY-NC-SA 4.0,https://creativecommons.org/licenses/by-nc-sa/4.0/,54.0,8.0,28.0,20.0,yes,no,yes,yes,no,NonCommercial license; exclude from paid app unless the recordist grants permission.
209,American Avocet,Recurvirostra americana,Stilts and Avocets (Recurvirostridae),891493,Ed Pandolfino,https://xeno-canto.org/891493,CC BY-NC-SA 4.0,https://creativecommons.org/licenses/by-nc-sa/4.0/,1.0,0.0,1.0,1.0,yes,no,yes,yes,no,NonCommercial license; exclude from paid app unless the recordist grants permission.
529,American Barn Owl,Tyto furcata,Barn Owls (Tytonidae),583813,Eric Zawatski,https://xeno-canto.org/583813,CC BY-NC-SA 4.0,https://creativecommons.org/licenses/by-nc-sa/4.0/,16.0,0.0,16.0,16.0,yes,no,yes,yes,no,NonCommercial license; exclude from paid app unless the recordist grants permission.
474,American Bittern,Botaurus lentiginosus,"Bitterns, Herons, and Allies (Ardeidae)",451067,Justin Watts,https://xeno-canto.org/451067,CC BY-SA 4.0,https://creativecommons.org/licenses/by-sa/4.0/,111.0,27.0,47.0,20.0,yes,yes,yes,yes,yes,"Commercial derivatives allowed, but the trimmed clip must remain under the same ShareAlike license."
39,American Black Duck,Anas rubripes,"Ducks, Geese, and Swans (Anatidae)",764687,William Whitehead,https://xeno-canto.org/764687,CC BY-NC-ND 4.0,https://creativecommons.org/licenses/by-nc-nd/4.0/,52.0,7.33,27.33,20.0,yes,no,no,no,no,NonCommercial license; exclude from paid app unless the recordist grants permission.
202,American Coot,Fulica americana,"Rails, Gallinules, and Coots (Rallidae)",1040451,Greg Irving,https://xeno-canto.org/1040451,CC BY-NC-SA 4.0,https://creativecommons.org/licenses/by-nc-sa/4.0/,68.0,12.67,32.67,20.0,yes,no,yes,yes,no,NonCommercial license; exclude from paid app unless the recordist grants permission.
699,American Crow,Corvus brachyrhynchos,Jays and Crows (Corvidae),807484,Barry Edmonston,https://xeno-canto.org/807484,CC BY-NC-SA 4.0,https://creativecommons.org/licenses/by-nc-sa/4.0/,48.0,6.0,26.0,20.0,yes,no,yes,yes,no,NonCommercial license; exclude from paid app unless the recordist grants permission.
801,American Dipper,Cinclus mexicanus,Dippers (Cinclidae),877031,Skyler Bol,https://xeno-canto.org/877031,CC BY-NC-SA 4.0,https://creativecommons.org/licenses/by-nc-sa/4.0/,10.0,0.0,10.0,10.0,yes,no,yes,yes,no,NonCommercial license; exclude from paid app unless the recordist grants permission.
101,American Flamingo,Phoenicopterus ruber,Flamingos (Phoenicopteridae),994738,FREDERIC Lionel,https://xeno-canto.org/994738,CC BY-NC-SA 4.0,https://creativecommons.org/licenses/by-nc-sa/4.0/,27.0,0.0,20.0,20.0,yes,no,yes,yes,no,NonCommercial license; exclude from paid app unless the recordist grants permission.
215,American Golden-Plover,Pluvialis dominica,Lapwings and Plovers (Charadriidae),1046370,AUDEVARD Aurélien,https://xeno-canto.org/1046370,CC BY-NC-SA 4.0,https://creativecommons.org/licenses/by-nc-sa/4.0/,22.0,0.0,20.0,20.0,yes,no,yes,yes,no,NonCommercial license; exclude from paid app unless the recordist grants permission.
914,American Goldfinch,Spinus tristis,Fringilline and Cardueline Finches and Allies (Fringillidae),1090062,Manuel Grosselet,https://xeno-canto.org/1090062,CC BY-NC-SA 4.0,https://creativecommons.org/licenses/by-nc-sa/4.0/,41.0,3.67,23.67,20.0,yes,no,yes,yes,no,NonCommercial license; exclude from paid app unless the recordist grants permission.
371,American Herring Gull,Larus smithsonianus,"Gulls, Terns, and Skimmers (Laridae)",983976,Valerie Heemstra,https://xeno-canto.org/983976,CC BY-NC-SA 4.0,https://creativecommons.org/licenses/by-nc-sa/4.0/,175.0,48.33,68.33,20.0,yes,no,yes,yes,no,NonCommercial license; exclude from paid app unless the recordist grants permission.
587,American Kestrel,Falco sparverius,Caracaras and Falcons (Falconidae),1010600,Scott Crabtree,https://xeno-canto.org/1010600,CC BY-NC-SA 4.0,https://creativecommons.org/licenses/by-nc-sa/4.0/,56.0,8.67,28.67,20.0,yes,no,yes,yes,no,NonCommercial license; exclude from paid app unless the recordist grants permission.
211,American Oystercatcher,Haematopus palliatus,Oystercatchers (Haematopodidae),565541,William Whitehead,https://xeno-canto.org/565541,CC BY-NC-SA 4.0,https://creativecommons.org/licenses/by-nc-sa/4.0/,22.0,0.0,20.0,20.0,yes,no,yes,yes,no,NonCommercial license; exclude from paid app unless the recordist grants permission.
870,American Pipit,Anthus rubescens,Wagtails and Pipits (Motacillidae),14085,Andrew Spencer,https://xeno-canto.org/14085,CC BY-NC-ND 2.5,https://creativecommons.org/licenses/by-nc-nd/2.5/,58.0,9.33,29.33,20.0,yes,no,no,no,no,NonCommercial license; exclude from paid app unless the recordist grants permission.
1025,American Redstart,Setophaga ruticilla,Wood-Warblers (Parulidae),1087127,Sue Riffe,https://xeno-canto.org/1087127,CC BY-NC-SA 4.0,https://creativecommons.org/licenses/by-nc-sa/4.0/,7.0,0.0,7.0,7.0,yes,no,yes,yes,no,NonCommercial license; exclude from paid app unless the recordist grants permission.
828,American Robin,Turdus migratorius,Thrushes (Turdidae),1100538,Jim Berry,https://xeno-canto.org/1100538,CC BY-NC-SA 4.0,https://creativecommons.org/licenses/by-nc-sa/4.0/,114.0,28.0,48.0,20.0,yes,no,yes,yes,no,NonCommercial license; exclude from paid app unless the recordist grants permission.
569,American Three-toed Woodpecker,Picoides dorsalis,Woodpeckers and Allies (Picidae),963173,Bill Pyle,https://xeno-canto.org/963173,CC BY-NC-SA 4.0,https://creativecommons.org/licenses/by-nc-sa/4.0/,96.0,22.0,42.0,20.0,yes,no,yes,yes,no,NonCommercial license; exclude from paid app unless the recordist grants permission.
947,American Tree Sparrow,Spizelloides arborea,Towhees and Sparrows (Passerellidae),562185,Steve Hampton,https://xeno-canto.org/562185,CC BY-NC-SA 4.0,https://creativecommons.org/licenses/by-nc-sa/4.0/,21.0,0.0,20.0,20.0,yes,no,yes,yes,no,NonCommercial license; exclude from paid app unless the recordist grants permission.
470,American White Pelican,Pelecanus erythrorhynchos,Pelicans (Pelecanidae),36292,Andrew Spencer,https://xeno-canto.org/36292,CC BY-NC-ND 2.5,https://creativecommons.org/licenses/by-nc-nd/2.5/,21.0,0.0,20.0,20.0,yes,no,no,no,no,NonCommercial license; exclude from paid app unless the recordist grants permission.
33,American Wigeon,Mareca americana,"Ducks, Geese, and Swans (Anatidae)",857365,Scott Crabtree,https://xeno-canto.org/857365,CC BY-NC-SA 4.0,https://creativecommons.org/licenses/by-nc-sa/4.0/,17.0,0.0,17.0,17.0,yes,no,yes,yes,no,NonCommercial license; exclude from paid app unless the recordist grants permission.
274,American Woodcock,Scolopax minor,"Sandpipers, Phalaropes, and Allies (Scolopacidae)",805470,Alex Lin-Moore,https://xeno-canto.org/805470,CC BY-NC-SA 4.0,https://creativecommons.org/licenses/by-nc-sa/4.0/,98.0,22.67,42.67,20.0,yes,no,yes,yes,no,NonCommercial license; exclude from paid app unless the recordist grants permission.
163,Amethyst-throated Mountain-gem,Lampornis amethystinus,Hummingbirds (Trochilidae),330585,Andrew Spencer,https://xeno-canto.org/330585,CC BY-NC-ND 4.0,https://creativecommons.org/licenses/by-nc-nd/4.0/,55.0,8.33,28.33,20.0,yes,no,no,no,no,NonCommercial license; exclude from paid app unless the recordist grants permission.
312,Ancient Murrelet,Synthliboramphus antiquus,"Auks, Murres, and Puffins (Alcidae)",950123,Matthew L. Brady,https://xeno-canto.org/950123,CC BY-NC-SA 4.0,https://creativecommons.org/licenses/by-nc-sa/4.0/,74.0,14.67,34.67,20.0,yes,no,yes,yes,no,NonCommercial license; exclude from paid app unless the recordist grants permission.
458,Anhinga,Anhinga anhinga,Darters (Anhingidae),705562,Paul Driver,https://xeno-canto.org/705562,CC BY-NC-SA 4.0,https://creativecommons.org/licenses/by-nc-sa/4.0/,4.0,0.0,4.0,4.0,yes,no,yes,yes,no,NonCommercial license; exclude from paid app unless the recordist grants permission.
887,Anianiau,Magumma parva,Fringilline and Cardueline Finches and Allies (Fringillidae),210206,Ross Gallardy,https://xeno-canto.org/210206,CC BY-NC-SA 4.0,https://creativecommons.org/licenses/by-nc-sa/4.0/,20.0,0.0,20.0,20.0,yes,no,yes,yes,no,NonCommercial license; exclude from paid app unless the recordist grants permission.
169,Anna's Hummingbird,Calypte anna,Hummingbirds (Trochilidae),1083908,Greg Irving,https://xeno-canto.org/1083908,CC BY-NC-SA 4.0,https://creativecommons.org/licenses/by-nc-sa/4.0/,39.0,3.0,23.0,20.0,yes,no,yes,yes,no,NonCommercial license; exclude from paid app unless the recordist grants permission.
142,Antillean Nighthawk,Chordeiles gundlachii,Goatsuckers (Caprimulgidae),102918,Andrew Spencer,https://xeno-canto.org/102918,CC BY-NC-ND 2.5,https://creativecommons.org/licenses/by-nc-nd/2.5/,120.0,30.0,50.0,20.0,yes,no,no,no,no,NonCommercial license; exclude from paid app unless the recordist grants permission.
158,Antillean Palm Swift (Palm-Swift),Tachornis phoenicobia,Swifts (Apodidae),800415,Daniel Parker,https://xeno-canto.org/800415,CC BY-NC-SA 4.0,https://creativecommons.org/licenses/by-nc-sa/4.0/,63.0,11.0,31.0,20.0,yes,no,yes,yes,no,NonCommercial license; exclude from paid app unless the recordist grants permission.
883,Apapane,Himatione sanguinea,Fringilline and Cardueline Finches and Allies (Fringillidae),864171,Bobby Wilcox,https://xeno-canto.org/864171,CC BY-NC-SA 4.0,https://creativecommons.org/licenses/by-nc-sa/4.0/,114.0,28.0,48.0,20.0,yes,no,yes,yes,no,NonCommercial license; exclude from paid app unless the recordist grants permission.
591,Aplomado Falcon,Falco femoralis,Caracaras and Falcons (Falconidae),880847,JAYRSON ARAUJO DE OLIVEIRA,https://xeno-canto.org/880847,CC BY-NC-SA 4.0,https://creativecommons.org/licenses/by-nc-sa/4.0/,10.0,0.0,10.0,10.0,yes,no,yes,yes,no,NonCommercial license; exclude from paid app unless the recordist grants permission.
384,Arctic Loon,Gavia arctica,Loons (Gaviidae),1101884,Ulf Elman,https://xeno-canto.org/1101884,CC BY-NC-ND 4.0,https://creativecommons.org/licenses/by-nc-nd/4.0/,35.0,1.67,21.67,20.0,yes,no,no,no,no,NonCommercial license; exclude from paid app unless the recordist grants permission.
339,Arctic Tern,Sterna paradisaea,"Gulls, Terns, and Skimmers (Laridae)",1045887,AUDEVARD Aurélien,https://xeno-canto.org/1045887,CC BY-NC-SA 4.0,https://creativecommons.org/licenses/by-nc-sa/4.0/,6.0,0.0,6.0,6.0,yes,no,yes,yes,no,NonCommercial license; exclude from paid app unless the recordist grants permission.
752,Arctic Warbler,Phylloscopus borealis,Leaf Warblers (Phylloscopidae),1011907,Benjamin Drillat,https://xeno-canto.org/1011907,CC BY-NC-SA 4.0,https://creativecommons.org/licenses/by-nc-sa/4.0/,30.0,0.0,20.0,20.0,yes,no,yes,yes,no,NonCommercial license; exclude from paid app unless the recordist grants permission.
578,Arizona Woodpecker,Dryobates arizonae,Woodpeckers and Allies (Picidae),782616,Paul Marvin,https://xeno-canto.org/782616,CC BY-NC-SA 4.0,https://creativecommons.org/licenses/by-nc-sa/4.0/,44.0,4.67,24.67,20.0,yes,no,yes,yes,no,NonCommercial license; exclude from paid app unless the recordist grants permission.
618,Ash-throated Flycatcher,Myiarchus cinerascens,Tyrant Flycatchers (Tyrannidae),915539,Matt Wistrand,https://xeno-canto.org/915539,CC BY-NC-SA 4.0,https://creativecommons.org/licenses/by-nc-sa/4.0/,172.0,47.33,67.33,20.0,yes,no,yes,yes,no,NonCommercial license; exclude from paid app unless the recordist grants permission.
406,Ashy Storm-Petrel,Hydrobates homochroa,Northern Storm-Petrels (Hydrobatidae),838760,Matthew L. Brady,https://xeno-canto.org/838760,CC BY-NC-SA 4.0,https://creativecommons.org/licenses/by-nc-sa/4.0/,137.0,35.67,55.67,20.0,yes,no,yes,yes,no,NonCommercial license; exclude from paid app unless the recordist grants permission.
833,Asian Brown Flycatcher,Muscicapa dauurica,Old World Flycatchers (Muscicapidae),1070121,JJSUN,https://xeno-canto.org/1070121,CC BY-NC-SA 4.0,https://creativecommons.org/licenses/by-nc-sa/4.0/,35.0,1.67,21.67,20.0,yes,no,yes,yes,no,NonCommercial license; exclude from paid app unless the recordist grants permission.
896,Asian Rosy-Finch,Leucosticte arctoa,Fringilline and Cardueline Finches and Allies (Fringillidae),294808,Ross Gallardy,https://xeno-canto.org/294808,CC BY-NC-SA 4.0,https://creativecommons.org/licenses/by-nc-sa/4.0/,16.0,0.0,16.0,16.0,yes,no,yes,yes,no,NonCommercial license; exclude from paid app unless the recordist grants permission.
319,Atlantic Puffin,Fratercula arctica,"Auks, Murres, and Puffins (Alcidae)",821150,Killian Sullivan,https://xeno-canto.org/821150,CC0-1.0,https://creativecommons.org/publicdomain/zero/1.0/,31.0,0.33,20.33,20.0,yes,yes,yes,no,yes,Commercial derivatives allowed with attribution.
388,Atlantic Yellow-nosed (Yellow-nosed) Albatross,Thalassarche chlororhynchos,Albatrosses (Diomedeidae),615665,Nature sounds by Simply Birding,https://xeno-canto.org/615665,CC BY-NC-ND 4.0,https://creativecommons.org/licenses/by-nc-nd/4.0/,31.0,0.33,20.33,20.0,yes,no,no,no,no,NonCommercial license; exclude from paid app unless the recordist grants permission.
987,Audubon's Oriole,Icterus graduacauda,Blackbirds (Icteridae),358991,Paul Marvin,https://xeno-canto.org/358991,CC BY-NC-SA 4.0,https://creativecommons.org/licenses/by-nc-sa/4.0/,22.0,0.0,20.0,20.0,yes,no,yes,yes,no,NonCommercial license; exclude from paid app unless the recordist grants permission.
831,Aztec Thrush,Ridgwayia pinicola,Thrushes (Turdidae),1088278,Manuel Grosselet,https://xeno-canto.org/1088278,CC BY-NC-SA 4.0,https://creativecommons.org/licenses/by-nc-sa/4.0/,18.0,0.0,18.0,18.0,yes,no,yes,yes,no,NonCommercial license; exclude from paid app unless the recordist grants permission.
933,Bachman's Sparrow,Peucaea aestivalis,Towhees and Sparrows (Passerellidae),1087240,steve,https://xeno-canto.org/1087240,CC BY-SA 4.0,https://creativecommons.org/licenses/by-sa/4.0/,30.0,0.0,20.0,20.0,yes,yes,yes,yes,yes,"Commercial derivatives allowed, but the trimmed clip must remain under the same ShareAlike license."
796,Bahama Mockingbird,Mimus gundlachii,Mockingbirds and Thrashers (Mimidae),1102841,PT xiao,https://xeno-canto.org/1102841,CC BY-NC-SA 4.0,https://creativecommons.org/licenses/by-nc-sa/4.0/,28.0,0.0,20.0,20.0,yes,no,yes,yes,no,NonCommercial license; exclude from paid app unless the recordist grants permission.
730,Bahama Swallow,Tachycineta cyaneoviridis,Swallows (Hirundinidae),331599,Andrew Spencer,https://xeno-canto.org/331599,CC BY-NC-ND 4.0,https://creativecommons.org/licenses/by-nc-nd/4.0/,30.0,0.0,20.0,20.0,yes,no,no,no,no,NonCommercial license; exclude from paid app unless the recordist grants permission.
168,Bahama Woodstar,Nesophlox evelynae,Hummingbirds (Trochilidae),331607,Andrew Spencer,https://xeno-canto.org/331607,CC BY-NC-ND 4.0,https://creativecommons.org/licenses/by-nc-nd/4.0/,9.0,0.0,9.0,9.0,yes,no,no,no,no,NonCommercial license; exclude from paid app unless the recordist grants permission.
25,Baikal Teal,Sibirionetta formosa,"Ducks, Geese, and Swans (Anatidae)",674861,Albert Lastukhin,https://xeno-canto.org/674861,CC BY-NC-ND 4.0,https://creativecommons.org/licenses/by-nc-nd/4.0/,25.0,0.0,20.0,20.0,yes,no,no,no,no,NonCommercial license; exclude from paid app unless the recordist grants permission.
262,Baird's Sandpiper,Calidris bairdii,"Sandpipers, Phalaropes, and Allies (Scolopacidae)",185621,Andrew Spencer,https://xeno-canto.org/185621,CC BY-NC-SA 4.0,https://creativecommons.org/licenses/by-nc-sa/4.0/,22.0,0.0,20.0,20.0,yes,no,yes,yes,no,NonCommercial license; exclude from paid app unless the recordist grants permission.
961,Baird's Sparrow,Centronyx bairdii,Towhees and Sparrows (Passerellidae),872719,Meena Haribal,https://xeno-canto.org/872719,CC BY-NC-SA 4.0,https://creativecommons.org/licenses/by-nc-sa/4.0/,84.0,18.0,38.0,20.0,yes,no,yes,yes,no,NonCommercial license; exclude from paid app unless the recordist grants permission.
507,Bald Eagle,Haliaeetus leucocephalus,"Hawks, Kites, Eagles, and Allies (Accipitridae)",1048352,Greg Irving,https://xeno-canto.org/1048352,CC BY-NC-SA 4.0,https://creativecommons.org/licenses/by-nc-sa/4.0/,12.0,0.0,12.0,12.0,yes,no,yes,yes,no,NonCommercial license; exclude from paid app unless the recordist grants permission.
988,Baltimore Oriole,Icterus galbula,Blackbirds (Icteridae),1036385,Bobby Wilcox,https://xeno-canto.org/1036385,CC BY-NC-SA 4.0,https://creativecommons.org/licenses/by-nc-sa/4.0/,26.0,0.0,20.0,20.0,yes,no,yes,yes,no,NonCommercial license; exclude from paid app unless the recordist grants permission.
1087,Baltimore Oriole,Icterus galbula,Blackbirds (Icteridae),1014854,Stanislas Wroza,https://xeno-canto.org/1014854,CC BY-NC-SA 4.0,https://creativecommons.org/licenses/by-nc-sa/4.0/,69.0,13.0,33.0,20.0,yes,no,yes,yes,no,NonCommercial license; exclude from paid app unless the recordist grants permission.
1081,Bananaquit,Coereba flaveola,Tanagers and Allies (Thraupidae),778612,ABirder,https://xeno-canto.org/778612,CC BY-NC-SA 4.0,https://creativecommons.org/licenses/by-nc-sa/4.0/,25.0,0.0,20.0,20.0,yes,no,yes,yes,no,NonCommercial license; exclude from paid app unless the recordist grants permission.
407,Band-rumped Storm-Petrel,Hydrobates castro,Northern Storm-Petrels (Hydrobatidae),1051036,Saxony Charlot,https://xeno-canto.org/1051036,CC BY-NC-SA 4.0,https://creativecommons.org/licenses/by-nc-sa/4.0/,59.0,9.67,29.67,20.0,yes,no,yes,yes,no,NonCommercial license; exclude from paid app unless the recordist grants permission.
119,Band-tailed Pigeon,Patagioenas fasciata,Pigeons and Doves (Columbidae),491897,Paul Marvin,https://xeno-canto.org/491897,CC BY-NC-SA 4.0,https://creativecommons.org/licenses/by-nc-sa/4.0/,11.0,0.0,11.0,11.0,yes,no,yes,yes,no,NonCommercial license; exclude from paid app unless the recordist grants permission.
728,Bank Swallow,Riparia riparia,Swallows (Hirundinidae),781088,Paul Driver,https://xeno-canto.org/781088,CC BY-NC-SA 4.0,https://creativecommons.org/licenses/by-nc-sa/4.0/,6.0,0.0,6.0,6.0,yes,no,yes,yes,no,NonCommercial license; exclude from paid app unless the recordist grants permission.
240,Bar-tailed Godwit,Limosa lapponica,"Sandpipers, Phalaropes, and Allies (Scolopacidae)",135141,Andrew Spencer,https://xeno-canto.org/135141,CC BY-NC-SA 3.0,https://creativecommons.org/licenses/by-nc-sa/3.0/,57.0,9.0,29.0,20.0,yes,no,yes,yes,no,NonCommercial license; exclude from paid app unless the recordist grants permission.
472,Bare-throated Tiger-Heron,Tigrisoma mexicanum,"Bitterns, Herons, and Allies (Ardeidae)",964416,Bill Pyle,https://xeno-canto.org/964416,CC BY-NC-SA 4.0,https://creativecommons.org/licenses/by-nc-sa/4.0/,78.0,16.0,36.0,20.0,yes,no,yes,yes,no,NonCommercial license; exclude from paid app unless the recordist grants permission.
740,Barn Swallow,Hirundo rustica,Swallows (Hirundinidae),129647,Thomas G. Graves,https://xeno-canto.org/129647,CC BY-NC-SA 3.0,https://creativecommons.org/licenses/by-nc-sa/3.0/,106.0,25.33,45.33,20.0,yes,no,yes,yes,no,NonCommercial license; exclude from paid app unless the recordist grants permission.
13,Barnacle Goose,Branta leucopsis,"Ducks, Geese, and Swans (Anatidae)",946834,Ulf Elman,https://xeno-canto.org/946834,CC BY-NC-ND 4.0,https://creativecommons.org/licenses/by-nc-nd/4.0/,109.0,26.33,46.33,20.0,yes,no,no,no,no,NonCommercial license; exclude from paid app unless the recordist grants permission.
447,Barolo Shearwater,Puffinus baroli,Shearwaters and Petrels (Procellariidae),565411,Rinse van der Vliet,https://xeno-canto.org/565411,CC BY-NC-SA 4.0,https://creativecommons.org/licenses/by-nc-sa/4.0/,20.0,0.0,20.0,20.0,yes,no,yes,yes,no,NonCommercial license; exclude from paid app unless the recordist grants permission.
542,Barred Owl,Strix varia,Typical Owls (Strigidae),956792,Kayla Brown,https://xeno-canto.org/956792,CC BY-NC-SA 4.0,https://creativecommons.org/licenses/by-nc-sa/4.0/,33.0,1.0,21.0,20.0,yes,no,yes,yes,no,NonCommercial license; exclude from paid app unless the recordist grants permission.
64,Barrow's Goldeneye,Bucephala islandica,"Ducks, Geese, and Swans (Anatidae)",381532,Walter Szeliga,https://xeno-canto.org/381532,CC BY-NC-SA 4.0,https://creativecommons.org/licenses/by-nc-sa/4.0/,94.0,21.33,41.33,20.0,yes,no,yes,yes,no,NonCommercial license; exclude from paid app unless the recordist grants permission.
592,Bat Falcon,Falco rufigularis,Caracaras and Falcons (Falconidae),706118,Sue Riffe,https://xeno-canto.org/706118,CC BY-NC-SA 4.0,https://creativecommons.org/licenses/by-nc-sa/4.0/,15.0,0.0,15.0,15.0,yes,no,yes,yes,no,NonCommercial license; exclude from paid app unless the recordist grants permission.
1032,Bay-breasted Warbler,Setophaga castanea,Wood-Warblers (Parulidae),1036962,Bobby Wilcox,https://xeno-canto.org/1036962,CC BY-NC-SA 4.0,https://creativecommons.org/licenses/by-nc-sa/4.0/,51.0,7.0,27.0,20.0,yes,no,yes,yes,no,NonCommercial license; exclude from paid app unless the recordist grants permission.
1102,Bay-breasted Warbler,Setophaga castanea,Wood-Warblers (Parulidae),1082107,David Darrell-Lambert,https://xeno-canto.org/1082107,CC BY-NC-SA 4.0,https://creativecommons.org/licenses/by-nc-sa/4.0/,4.0,0.0,4.0,4.0,yes,no,yes,yes,no,NonCommercial license; exclude from paid app unless the recordist grants permission.
360,Belcher's Gull,Larus belcheri,"Gulls, Terns, and Skimmers (Laridae)",355170,Jacek Betleja,https://xeno-canto.org/355170,CC BY-NC-SA 4.0,https://creativecommons.org/licenses/by-nc-sa/4.0/,39.0,3.0,23.0,20.0,yes,no,yes,yes,no,NonCommercial license; exclude from paid app unless the recordist grants permission.
954,Bell's Sparrow,Artemisiospiza belli,Towhees and Sparrows (Passerellidae),802619,Paul Marvin,https://xeno-canto.org/802619,CC BY-NC-SA 4.0,https://creativecommons.org/licenses/by-nc-sa/4.0/,47.0,5.67,25.67,20.0,yes,no,yes,yes,no,NonCommercial license; exclude from paid app unless the recordist grants permission.
664,Bell's Vireo,Vireo bellii,Vireos (Vireonidae),1088526,Scott Crabtree,https://xeno-canto.org/1088526,CC BY-NC-SA 4.0,https://creativecommons.org/licenses/by-nc-sa/4.0/,95.0,21.67,41.67,20.0,yes,no,yes,yes,no,NonCommercial license; exclude from paid app unless the recordist grants permission.
555,Belted Kingfisher,Megaceryle alcyon,Kingfishers (Alcedinidae),600420,William Whitehead,https://xeno-canto.org/600420,CC BY-NC-ND 4.0,https://creativecommons.org/licenses/by-nc-nd/4.0/,15.0,0.0,15.0,15.0,yes,no,no,no,no,NonCommercial license; exclude from paid app unless the recordist grants permission.
791,Bendire's Thrasher,Toxostoma bendirei,Mockingbirds and Thrashers (Mimidae),703925,Paul Marvin,https://xeno-canto.org/703925,CC BY-NC-SA 4.0,https://creativecommons.org/licenses/by-nc-sa/4.0/,131.0,33.67,53.67,20.0,yes,no,yes,yes,no,NonCommercial license; exclude from paid app unless the recordist grants permission.
419,Bermuda Petrel,Pterodroma cahow,Shearwaters and Petrels (Procellariidae),738388,Robert L. Flood,https://xeno-canto.org/738388,CC BY-NC-SA 4.0,https://creativecommons.org/licenses/by-nc-sa/4.0/,28.0,0.0,20.0,20.0,yes,no,yes,yes,no,NonCommercial license; exclude from paid app unless the recordist grants permission.
180,Berylline Hummingbird,Saucerottia beryllina,Hummingbirds (Trochilidae),145958,Richard E. Webster,https://xeno-canto.org/145958,CC BY-NC-SA 3.0,https://creativecommons.org/licenses/by-nc-sa/3.0/,41.0,3.67,23.67,20.0,yes,no,yes,yes,no,NonCommercial license; exclude from paid app unless the recordist grants permission.
779,Bewick's Wren,Thryomanes bewickii,Wrens (Troglodytidae),1104811,Ed Pandolfino,https://xeno-canto.org/1104811,CC BY-NC-SA 4.0,https://creativecommons.org/licenses/by-nc-sa/4.0/,69.0,13.0,33.0,20.0,yes,no,yes,yes,no,NonCommercial license; exclude from paid app unless the recordist grants permission.
813,Bicknell's Thrush,Catharus bicknelli,Thrushes (Turdidae),469601,Rolf A. de By,https://xeno-canto.org/469601,CC BY-NC-SA 4.0,https://creativecommons.org/licenses/by-nc-sa/4.0/,89.0,19.67,39.67,20.0,yes,no,yes,yes,no,NonCommercial license; exclude from paid app unless the recordist grants permission.
96,Black Francolin,Francolinus francolinus,"Partridges, Grouse, Turkeys, and Old World Quail (Phasianidae)",175524,Dan Lane,https://xeno-canto.org/175524,CC BY-NC-SA 4.0,https://creativecommons.org/licenses/by-nc-sa/4.0/,50.0,6.67,26.67,20.0,yes,no,yes,yes,no,NonCommercial license; exclude from paid app unless the recordist grants permission.
307,Black Guillemot,Cepphus grylle,"Auks, Murres, and Puffins (Alcidae)",1010748,Benjamin Drillat,https://xeno-canto.org/1010748,CC BY-NC-SA 4.0,https://creativecommons.org/licenses/by-nc-sa/4.0/,45.0,5.0,25.0,20.0,yes,no,yes,yes,no,NonCommercial license; exclude from paid app unless the recordist grants permission.
506,Black Kite,Milvus migrans,"Hawks, Kites, Eagles, and Allies (Accipitridae)",1001933,Marc Anderson,https://xeno-canto.org/1001933,CC BY-NC-ND 4.0,https://creativecommons.org/licenses/by-nc-nd/4.0/,18.0,0.0,18.0,18.0,yes,no,no,no,no,NonCommercial license; exclude from paid app unless the recordist grants permission.
322,Black Noddy,Anous minutus,"Gulls, Terns, and Skimmers (Laridae)",862247,Percy Ulsamer,https://xeno-canto.org/862247,CC BY-NC-SA 4.0,https://creativecommons.org/licenses/by-nc-sa/4.0/,31.0,0.33,20.33,20.0,yes,no,yes,yes,no,NonCommercial license; exclude from paid app unless the recordist grants permission.
212,Black Oystercatcher,Haematopus bachmani,Oystercatchers (Haematopodidae),442062,Lance A. M. Benner,https://xeno-canto.org/442062,CC BY-NC-SA 4.0,https://creativecommons.org/licenses/by-nc-sa/4.0/,19.0,0.0,19.0,19.0,yes,no,yes,yes,no,NonCommercial license; exclude from paid app unless the recordist grants permission.
656,Black Phoebe,Sayornis nigricans,Tyrant Flycatchers (Tyrannidae),1078224,Richard E. Webster,https://xeno-canto.org/1078224,CC BY-NC-SA 4.0,https://creativecommons.org/licenses/by-nc-sa/4.0/,83.0,17.67,37.67,20.0,yes,no,yes,yes,no,NonCommercial license; exclude from paid app unless the recordist grants permission.
205,Black Rail,Laterallus jamaicensis,"Rails, Gallinules, and Coots (Rallidae)",580998,Eric DeFonso,https://xeno-canto.org/580998,CC BY-NC-SA 4.0,https://creativecommons.org/licenses/by-nc-sa/4.0/,86.0,18.67,38.67,20.0,yes,no,yes,yes,no,NonCommercial license; exclude from paid app unless the recordist grants permission.
898,Black Rosy-Finch,Leucosticte atrata,Fringilline and Cardueline Finches and Allies (Fringillidae),143749,Andrew Spencer,https://xeno-canto.org/143749,CC BY-NC-SA 3.0,https://creativecommons.org/licenses/by-nc-sa/3.0/,80.0,16.67,36.67,20.0,yes,no,yes,yes,no,NonCommercial license; exclude from paid app unless the recordist grants permission.
60,Black Scoter,Melanitta americana,"Ducks, Geese, and Swans (Anatidae)",140734,Andrew Spencer,https://xeno-canto.org/140734,CC BY-NC-SA 3.0,https://creativecommons.org/licenses/by-nc-sa/3.0/,16.0,0.0,16.0,16.0,yes,no,yes,yes,no,NonCommercial license; exclude from paid app unless the recordist grants permission.
345,Black Skimmer,Rynchops niger,"Gulls, Terns, and Skimmers (Laridae)",452970,Paul Marvin,https://xeno-canto.org/452970,CC BY-NC-SA 4.0,https://creativecommons.org/licenses/by-nc-sa/4.0/,80.0,16.67,36.67,20.0,yes,no,yes,yes,no,NonCommercial license; exclude from paid app unless the recordist grants permission.
150,Black Swift,Cypseloides niger,Swifts (Apodidae),17796,Nathan Pieplow,https://xeno-canto.org/17796,CC BY-NC-ND 2.5,https://creativecommons.org/licenses/by-nc-nd/2.5/,26.0,0.0,20.0,20.0,yes,no,no,no,no,NonCommercial license; exclude from paid app unless the recordist grants permission.
334,Black Tern,Chlidonias niger,"Gulls, Terns, and Skimmers (Laridae)",806305,Valerie Heemstra,https://xeno-canto.org/806305,CC BY-NC-SA 4.0,https://creativecommons.org/licenses/by-nc-sa/4.0/,146.0,38.67,58.67,20.0,yes,no,yes,yes,no,NonCommercial license; exclude from paid app unless the recordist grants permission.
245,Black Turnstone,Arenaria melanocephala,"Sandpipers, Phalaropes, and Allies (Scolopacidae)",698319,Anthony Gliozzo,https://xeno-canto.org/698319,CC BY-NC-SA 4.0,https://creativecommons.org/licenses/by-nc-sa/4.0/,11.0,0.0,11.0,11.0,yes,no,yes,yes,no,NonCommercial license; exclude from paid app unless the recordist grants permission.
490,Black Vulture,Coragyps atratus,New World Vultures (Cathartidae),451477,Paul Marvin,https://xeno-canto.org/451477,CC BY-NC-SA 4.0,https://creativecommons.org/licenses/by-nc-sa/4.0/,4.0,0.0,4.0,4.0,yes,no,yes,yes,no,NonCommercial license; exclude from paid app unless the recordist grants permission.
1008,Black-and-white Warbler,Mniotilta varia,Wood-Warblers (Parulidae),1036380,Bobby Wilcox,https://xeno-canto.org/1036380,CC BY-NC-SA 4.0,https://creativecommons.org/licenses/by-nc-sa/4.0/,40.0,3.33,23.33,20.0,yes,no,yes,yes,no,NonCommercial license; exclude from paid app unless the recordist grants permission.
1092,Black-and-white Warbler,Mniotilta varia,Wood-Warblers (Parulidae),1013805,Stanislas Wroza,https://xeno-canto.org/1013805,CC BY-NC-SA 4.0,https://creativecommons.org/licenses/by-nc-sa/4.0/,7.0,0.0,7.0,7.0,yes,no,yes,yes,no,NonCommercial license; exclude from paid app unless the recordist grants permission.
989,Black-backed Oriole,Icterus abeillei,Blackbirds (Icteridae),462195,Manuel Grosselet,https://xeno-canto.org/462195,CC BY-NC-SA 4.0,https://creativecommons.org/licenses/by-nc-sa/4.0/,55.0,8.33,28.33,20.0,yes,no,yes,yes,no,NonCommercial license; exclude from paid app unless the recordist grants permission.
570,Black-backed Woodpecker,Picoides arcticus,Woodpeckers and Allies (Picidae),1029605,Greg Irving,https://xeno-canto.org/1029605,CC BY-NC-SA 4.0,https://creativecommons.org/licenses/by-nc-sa/4.0/,74.0,14.67,34.67,20.0,yes,no,yes,yes,no,NonCommercial license; exclude from paid app unless the recordist grants permission.
213,Black-bellied Plover,Pluvialis squatarola,Lapwings and Plovers (Charadriidae),1019830,David Darrell-Lambert,https://xeno-canto.org/1019830,CC BY-NC-SA 4.0,https://creativecommons.org/licenses/by-nc-sa/4.0/,47.0,5.67,25.67,20.0,yes,no,yes,yes,no,NonCommercial license; exclude from paid app unless the recordist grants permission.
400,Black-bellied Storm-Petrel,Fregetta tropica,Southern Storm-Petrels (Oceanitidae),863036,Kevin Guille,https://xeno-canto.org/863036,CC BY-NC-SA 4.0,https://creativecommons.org/licenses/by-nc-sa/4.0/,50.0,6.67,26.67,20.0,yes,no,yes,yes,no,NonCommercial license; exclude from paid app unless the recordist grants permission.
1,Black-bellied Whistling-Duck,Dendrocygna autumnalis,"Ducks, Geese, and Swans (Anatidae)",982939,Peter Mundale,https://xeno-canto.org/982939,CC BY-NC-SA 4.0,https://creativecommons.org/licenses/by-nc-sa/4.0/,15.0,0.0,15.0,15.0,yes,no,yes,yes,no,NonCommercial license; exclude from paid app unless the recordist grants permission.
139,Black-billed Cuckoo,Coccyzus erythropthalmus,"Cuckoos, Roadrunners, and Anis (Cuculidae)",598810,Christopher McPherson,https://xeno-canto.org/598810,CC BY-NC-SA 4.0,https://creativecommons.org/licenses/by-nc-sa/4.0/,28.0,0.0,20.0,20.0,yes,no,yes,yes,no,NonCommercial license; exclude from paid app unless the recordist grants permission.
696,Black-billed Magpie,Pica hudsonia,Jays and Crows (Corvidae),528028,Andy Martin,https://xeno-canto.org/528028,CC BY-NC-SA 4.0,https://creativecommons.org/licenses/by-nc-sa/4.0/,160.0,43.33,63.33,20.0,yes,no,yes,yes,no,NonCommercial license; exclude from paid app unless the recordist grants permission.
392,Black-browed Albatross,Thalassarche melanophris,Albatrosses (Diomedeidae),864006,Kevin Guille,https://xeno-canto.org/864006,CC0-1.0,https://creativecommons.org/publicdomain/zero/1.0/,5.0,0.0,5.0,5.0,yes,yes,yes,no,yes,Commercial derivatives allowed with attribution.
706,Black-capped Chickadee,Poecile atricapillus,Chickadees and Titmice (Paridae),1100535,Jim Berry,https://xeno-canto.org/1100535,CC BY-NC-SA 4.0,https://creativecommons.org/licenses/by-nc-sa/4.0/,153.0,41.0,61.0,20.0,yes,no,yes,yes,no,NonCommercial license; exclude from paid app unless the recordist grants permission.
774,Black-capped Gnatcatcher,Polioptila nigriceps,Gnatcatchers and Gnatwrens (Polioptilidae),456482,Paul Marvin,https://xeno-canto.org/456482,CC BY-NC-SA 4.0,https://creativecommons.org/licenses/by-nc-sa/4.0/,15.0,0.0,15.0,15.0,yes,no,yes,yes,no,NonCommercial license; exclude from paid app unless the recordist grants permission.
660,Black-capped Vireo,Vireo atricapilla,Vireos (Vireonidae),1091752,Sue Riffe,https://xeno-canto.org/1091752,CC BY-NC-SA 4.0,https://creativecommons.org/licenses/by-nc-sa/4.0/,23.0,0.0,20.0,20.0,yes,no,yes,yes,no,NonCommercial license; exclude from paid app unless the recordist grants permission.
167,Black-chinned Hummingbird,Archilochus alexandri,Hummingbirds (Trochilidae),495007,Thomas G. Graves,https://xeno-canto.org/495007,CC BY-NC-SA 4.0,https://creativecommons.org/licenses/by-nc-sa/4.0/,169.0,46.33,66.33,20.0,yes,no,yes,yes,no,NonCommercial license; exclude from paid app unless the recordist grants permission.
942,Black-chinned Sparrow,Spizella atrogularis,Towhees and Sparrows (Passerellidae),898863,Paul Driver,https://xeno-canto.org/898863,CC BY-NC-SA 4.0,https://creativecommons.org/licenses/by-nc-sa/4.0/,71.0,13.67,33.67,20.0,yes,no,yes,yes,no,NonCommercial license; exclude from paid app unless the recordist grants permission.
716,Black-crested Titmouse,Baeolophus atricristatus,Chickadees and Titmice (Paridae),900110,David Tattersley,https://xeno-canto.org/900110,CC BY-NC-SA 4.0,https://creativecommons.org/licenses/by-nc-sa/4.0/,18.0,0.0,18.0,18.0,yes,no,yes,yes,no,NonCommercial license; exclude from paid app unless the recordist grants permission.
482,Black-crowned Night Heron,Nycticorax nycticorax,"Bitterns, Herons, and Allies (Ardeidae)",493181,Phoenix Birder,https://xeno-canto.org/493181,CC BY-NC-SA 4.0,https://creativecommons.org/licenses/by-nc-sa/4.0/,66.0,12.0,32.0,20.0,yes,no,yes,yes,no,NonCommercial license; exclude from paid app unless the recordist grants permission.
1083,Black-faced Grassquit,Melanospiza bicolor,Tanagers and Allies (Thraupidae),962731,Hans Matheve,https://xeno-canto.org/962731,CC BY-NC-ND 4.0,https://creativecommons.org/licenses/by-nc-nd/4.0/,29.0,0.0,20.0,20.0,yes,no,no,no,no,NonCommercial license; exclude from paid app unless the recordist grants permission.
396,Black-footed Albatross,Phoebastria nigripes,Albatrosses (Diomedeidae),164956,david m,https://xeno-canto.org/164956,CC BY-NC-ND 3.0,https://creativecommons.org/licenses/by-nc-nd/3.0/,73.0,14.33,34.33,20.0,yes,no,no,no,no,NonCommercial license; exclude from paid app unless the recordist grants permission.
1067,Black-headed Grosbeak,Pheucticus melanocephalus,"Cardinals, Piranga Tanagers and Allies (Cardinalidae)",1105833,Ed Pandolfino,https://xeno-canto.org/1105833,CC BY-NC-SA 4.0,https://creativecommons.org/licenses/by-nc-sa/4.0/,107.0,25.67,45.67,20.0,yes,no,yes,yes,no,NonCommercial license; exclude from paid app unless the recordist grants permission.
353,Black-headed Gull,Chroicocephalus ridibundus,"Gulls, Terns, and Skimmers (Laridae)",621869,William Whitehead,https://xeno-canto.org/621869,CC BY-NC-ND 4.0,https://creativecommons.org/licenses/by-nc-nd/4.0/,10.0,0.0,10.0,10.0,yes,no,no,no,no,NonCommercial license; exclude from paid app unless the recordist grants permission.
810,Black-headed Nightingale-Thrush,Catharus mexicanus,Thrushes (Turdidae),1037089,Sasha Robinson,https://xeno-canto.org/1037089,CC BY-NC-SA 4.0,https://creativecommons.org/licenses/by-nc-sa/4.0/,48.0,6.0,26.0,20.0,yes,no,yes,yes,no,NonCommercial license; exclude from paid app unless the recordist grants permission.
347,Black-legged Kittiwake,Rissa tridactyla,"Gulls, Terns, and Skimmers (Laridae)",930314,Tony Rinaud,https://xeno-canto.org/930314,CC BY-NC-SA 4.0,https://creativecommons.org/licenses/by-nc-sa/4.0/,11.0,0.0,11.0,11.0,yes,no,yes,yes,no,NonCommercial license; exclude from paid app unless the recordist grants permission.
208,Black-necked Stilt,Himantopus mexicanus,Stilts and Avocets (Recurvirostridae),776751,Richard E. Webster,https://xeno-canto.org/776751,CC BY-NC-SA 4.0,https://creativecommons.org/licenses/by-nc-sa/4.0/,71.0,13.67,33.67,20.0,yes,no,yes,yes,no,NonCommercial license; exclude from paid app unless the recordist grants permission.
772,Black-tailed Gnatcatcher,Polioptila melanura,Gnatcatchers and Gnatwrens (Polioptilidae),982278,Paul Marvin,https://xeno-canto.org/982278,CC BY-NC-SA 4.0,https://creativecommons.org/licenses/by-nc-sa/4.0/,97.0,22.33,42.33,20.0,yes,no,yes,yes,no,NonCommercial license; exclude from paid app unless the recordist grants permission.
241,Black-tailed Godwit,Limosa limosa,"Sandpipers, Phalaropes, and Allies (Scolopacidae)",1103923,Joost van Bruggen,https://xeno-canto.org/1103923,CC BY-NC-ND 4.0,https://creativecommons.org/licenses/by-nc-nd/4.0/,17.0,0.0,17.0,17.0,yes,no,no,no,no,NonCommercial license; exclude from paid app unless the recordist grants permission.
361,Black-tailed Gull,Larus crassirostris,"Gulls, Terns, and Skimmers (Laridae)",344913,Albert Lastukhin &amp; Yuri Glushchenko,https://xeno-canto.org/344913,CC BY-NC-SA 4.0,https://creativecommons.org/licenses/by-nc-sa/4.0/,12.0,0.0,12.0,12.0,yes,no,yes,yes,no,NonCommercial license; exclude from paid app unless the recordist grants permission.
1037,Black-throated Blue Warbler,Setophaga caerulescens,Wood-Warblers (Parulidae),1038362,Bobby Wilcox,https://xeno-canto.org/1038362,CC BY-NC-SA 4.0,https://creativecommons.org/licenses/by-nc-sa/4.0/,35.0,1.67,21.67,20.0,yes,no,yes,yes,no,NonCommercial license; exclude from paid app unless the recordist grants permission.
1044,Black-throated Gray Warbler,Setophaga nigrescens,Wood-Warblers (Parulidae),1105874,Manuel Grosselet,https://xeno-canto.org/1105874,CC BY-NC-SA 4.0,https://creativecommons.org/licenses/by-nc-sa/4.0/,15.0,0.0,15.0,15.0,yes,no,yes,yes,no,NonCommercial license; exclude from paid app unless the recordist grants permission.
1108,Black-throated Gray Warbler,Setophaga nigrescens,Wood-Warblers (Parulidae),878253,Dany Sloan,https://xeno-canto.org/878253,CC BY-NC-SA 4.0,https://creativecommons.org/licenses/by-nc-sa/4.0/,30.0,0.0,20.0,20.0,yes,no,yes,yes,no,NonCommercial license; exclude from paid app unless the recordist grants permission.
1048,Black-throated Green Warbler,Setophaga virens,Wood-Warblers (Parulidae),1038308,Bobby Wilcox,https://xeno-canto.org/1038308,CC BY-NC-SA 4.0,https://creativecommons.org/licenses/by-nc-sa/4.0/,53.0,7.67,27.67,20.0,yes,no,yes,yes,no,NonCommercial license; exclude from paid app unless the recordist grants permission.
937,Black-throated Sparrow,Amphispiza bilineata,Towhees and Sparrows (Passerellidae),779681,Paul Marvin,https://xeno-canto.org/779681,CC BY-NC-SA 4.0,https://creativecommons.org/licenses/by-nc-sa/4.0/,84.0,18.0,38.0,20.0,yes,no,yes,yes,no,NonCommercial license; exclude from paid app unless the recordist grants permission.
980,Black-vented Oriole,Icterus wagleri,Blackbirds (Icteridae),400068,Dan Lane,https://xeno-canto.org/400068,CC BY-NC-SA 4.0,https://creativecommons.org/licenses/by-nc-sa/4.0/,32.0,0.67,20.67,20.0,yes,no,yes,yes,no,NonCommercial license; exclude from paid app unless the recordist grants permission.
445,Black-vented Shearwater,Puffinus opisthomelas,Shearwaters and Petrels (Procellariidae),190213,Justyn Stahl,https://xeno-canto.org/190213,CC BY-NC-SA 4.0,https://creativecommons.org/licenses/by-nc-sa/4.0/,29.0,0.0,20.0,20.0,yes,no,yes,yes,no,NonCommercial license; exclude from paid app unless the recordist grants permission.
675,Black-whiskered Vireo,Vireo altiloquus,Vireos (Vireonidae),1071250,Noah Khanti Steinberg,https://xeno-canto.org/1071250,CC BY-NC-SA 4.0,https://creativecommons.org/licenses/by-nc-sa/4.0/,7.0,0.0,7.0,7.0,yes,no,yes,yes,no,NonCommercial license; exclude from paid app unless the recordist grants permission.
424,Black-winged Petrel,Pterodroma nigripennis,Shearwaters and Petrels (Procellariidae),926923,David Boyle,https://xeno-canto.org/926923,CC BY-NC-SA 4.0,https://creativecommons.org/licenses/by-nc-sa/4.0/,23.0,0.0,20.0,20.0,yes,no,yes,yes,no,NonCommercial license; exclude from paid app unless the recordist grants permission.
207,Black-winged Stilt,Himantopus himantopus,Stilts and Avocets (Recurvirostridae),440159,Stein Ø. Nilsen,https://xeno-canto.org/440159,CC BY-NC-SA 4.0,https://creativecommons.org/licenses/by-nc-sa/4.0/,75.0,15.0,35.0,20.0,yes,no,yes,yes,no,NonCommercial license; exclude from paid app unless the recordist grants permission.
1033,Blackburnian Warbler,Setophaga fusca,Wood-Warblers (Parulidae),1079587,Scott Olmstead,https://xeno-canto.org/1079587,CC BY-NC-SA 4.0,https://creativecommons.org/licenses/by-nc-sa/4.0/,54.0,8.0,28.0,20.0,yes,no,yes,yes,no,NonCommercial license; exclude from paid app unless the recordist grants permission.
1103,Blackburnian Warbler,Setophaga fusca,Wood-Warblers (Parulidae),1082101,David Darrell-Lambert,https://xeno-canto.org/1082101,CC BY-NC-SA 4.0,https://creativecommons.org/licenses/by-nc-sa/4.0/,1.0,0.0,1.0,1.0,yes,no,yes,yes,no,NonCommercial license; exclude from paid app unless the recordist grants permission.
1036,Blackpoll Warbler,Setophaga striata,Wood-Warblers (Parulidae),690983,Christopher McPherson,https://xeno-canto.org/690983,CC BY-NC-SA 4.0,https://creativecommons.org/licenses/by-nc-sa/4.0/,85.0,18.33,38.33,20.0,yes,no,yes,yes,no,NonCommercial license; exclude from paid app unless the recordist grants permission.
1104,Blackpoll Warbler,Setophaga striata,Wood-Warblers (Parulidae),1014785,Stanislas Wroza,https://xeno-canto.org/1014785,CC BY-NC-SA 4.0,https://creativecommons.org/licenses/by-nc-sa/4.0/,104.0,24.67,44.67,20.0,yes,no,yes,yes,no,NonCommercial license; exclude from paid app unless the recordist grants permission.
1068,Blue Bunting,Cyanocompsa parellina,"Cardinals, Piranga Tanagers and Allies (Cardinalidae)",880059,Peter Boesman,https://xeno-canto.org/880059,CC BY-NC-ND 4.0,https://creativecommons.org/licenses/by-nc-nd/4.0/,52.0,7.33,27.33,20.0,yes,no,no,no,no,NonCommercial license; exclude from paid app unless the recordist grants permission.
1069,Blue Grosbeak,Passerina caerulea,"Cardinals, Piranga Tanagers and Allies (Cardinalidae)",1007730,Scott Crabtree,https://xeno-canto.org/1007730,CC BY-NC-SA 4.0,https://creativecommons.org/licenses/by-nc-sa/4.0/,82.0,17.33,37.33,20.0,yes,no,yes,yes,no,NonCommercial license; exclude from paid app unless the recordist grants permission.
1112,Blue Grosbeak,Passerina caerulea,"Cardinals, Piranga Tanagers and Allies (Cardinalidae)",813856,Paul Driver,https://xeno-canto.org/813856,CC BY-NC-SA 4.0,https://creativecommons.org/licenses/by-nc-sa/4.0/,93.0,21.0,41.0,20.0,yes,no,yes,yes,no,NonCommercial license; exclude from paid app unless the recordist grants permission.
689,Blue Jay,Cyanocitta cristata,Jays and Crows (Corvidae),933597,Thomas Magarian,https://xeno-canto.org/933597,CC BY-NC-SA 4.0,https://creativecommons.org/licenses/by-nc-sa/4.0/,42.0,4.0,24.0,20.0,yes,no,yes,yes,no,NonCommercial license; exclude from paid app unless the recordist grants permission.
786,Blue Mockingbird,Melanotis caerulescens,Mockingbirds and Thrashers (Mimidae),466512,Sue Plankis,https://xeno-canto.org/466512,CC BY-NC-SA 4.0,https://creativecommons.org/licenses/by-nc-sa/4.0/,92.0,20.67,40.67,20.0,yes,no,yes,yes,no,NonCommercial license; exclude from paid app unless the recordist grants permission.
847,Blue Rock-Thrush (Rock-thrush),Monticola solitarius,Old World Flycatchers (Muscicapidae),1102155,Esperanza Poveda,https://xeno-canto.org/1102155,CC BY-NC-SA 4.0,https://creativecommons.org/licenses/by-nc-sa/4.0/,15.0,0.0,15.0,15.0,yes,no,yes,yes,no,NonCommercial license; exclude from paid app unless the recordist grants permission.
733,Blue-and-white Swallow,Pygochelidon cyanoleuca,Swallows (Hirundinidae),1002324,Stephan Risch,https://xeno-canto.org/1002324,CC BY-NC-SA 4.0,https://creativecommons.org/licenses/by-nc-sa/4.0/,12.0,0.0,12.0,12.0,yes,no,yes,yes,no,NonCommercial license; exclude from paid app unless the recordist grants permission.
1079,Blue-black Grassquit,Volatinia jacarina,Tanagers and Allies (Thraupidae),1096143,Franco Vushurovich,https://xeno-canto.org/1096143,CC BY-NC-SA 4.0,https://creativecommons.org/licenses/by-nc-sa/4.0/,57.0,9.0,29.0,20.0,yes,no,yes,yes,no,NonCommercial license; exclude from paid app unless the recordist grants permission.
454,Blue-footed Booby,Sula nebouxii,Boobies and Gannets (Sulidae),815553,Barry Edmonston,https://xeno-canto.org/815553,CC BY-NC-SA 4.0,https://creativecommons.org/licenses/by-nc-sa/4.0/,21.0,0.0,20.0,20.0,yes,no,yes,yes,no,NonCommercial license; exclude from paid app unless the recordist grants permission.
771,Blue-gray Gnatcatcher,Polioptila caerulea,Gnatcatchers and Gnatwrens (Polioptilidae),807616,Ned Bohman,https://xeno-canto.org/807616,CC BY-NC-SA 4.0,https://creativecommons.org/licenses/by-nc-sa/4.0/,16.0,0.0,16.0,16.0,yes,no,yes,yes,no,NonCommercial license; exclude from paid app unless the recordist grants permission.
323,Blue-gray Noddy,Anous ceruleus,"Gulls, Terns, and Skimmers (Laridae)",145581,Eric VanderWerf,https://xeno-canto.org/145581,CC BY-NC-SA 3.0,https://creativecommons.org/licenses/by-nc-sa/3.0/,26.0,0.0,20.0,20.0,yes,no,yes,yes,no,NonCommercial license; exclude from paid app unless the recordist grants permission.
1077,Blue-gray Tanager (1969-1982),Thraupis episcopus,Tanagers and Allies (Thraupidae),1096086,Tristan Guillebot de Nerville,https://xeno-canto.org/1096086,CC BY-NC-SA 4.0,https://creativecommons.org/licenses/by-nc-sa/4.0/,5.0,0.0,5.0,5.0,yes,no,yes,yes,no,NonCommercial license; exclude from paid app unless the recordist grants permission.
669,Blue-headed Vireo,Vireo solitarius,Vireos (Vireonidae),1089336,steve,https://xeno-canto.org/1089336,CC BY-SA 4.0,https://creativecommons.org/licenses/by-sa/4.0/,35.0,1.67,21.67,20.0,yes,yes,yes,yes,yes,"Commercial derivatives allowed, but the trimmed clip must remain under the same ShareAlike license."
164,Blue-throated Mountain-gem,Lampornis clemenciae,Hummingbirds (Trochilidae),608772,Richard E. Webster,https://xeno-canto.org/608772,CC BY-NC-SA 4.0,https://creativecommons.org/licenses/by-nc-sa/4.0/,43.0,4.33,24.33,20.0,yes,no,yes,yes,no,NonCommercial license; exclude from paid app unless the recordist grants permission.
27,Blue-winged Teal,Spatula discors,"Ducks, Geese, and Swans (Anatidae)",795949,Valerie Heemstra,https://xeno-canto.org/795949,CC BY-NC-SA 4.0,https://creativecommons.org/licenses/by-nc-sa/4.0/,135.0,35.0,55.0,20.0,yes,no,yes,yes,no,NonCommercial license; exclude from paid app unless the recordist grants permission.
1007,Blue-winged Warbler,Vermivora cyanoptera,Wood-Warblers (Parulidae),1006773,Rory Nefdt,https://xeno-canto.org/1006773,CC BY-NC-SA 4.0,https://creativecommons.org/licenses/by-nc-sa/4.0/,34.0,1.33,21.33,20.0,yes,no,yes,yes,no,NonCommercial license; exclude from paid app unless the recordist grants permission.
839,Bluethroat,Luscinia svecica,Old World Flycatchers (Muscicapidae),1045713,AUDEVARD Aurélien,https://xeno-canto.org/1045713,CC BY-NC-SA 4.0,https://creativecommons.org/licenses/by-nc-sa/4.0/,13.0,0.0,13.0,13.0,yes,no,yes,yes,no,NonCommercial license; exclude from paid app unless the recordist grants permission.
723,Blyth's Reed Warbler,Acrocephalus dumetorum,Reed Warblers (Acrocephalidae),1058309,Kalle Brinell,https://xeno-canto.org/1058309,CC BY-NC-SA 4.0,https://creativecommons.org/licenses/by-nc-sa/4.0/,63.0,11.0,31.0,20.0,yes,no,yes,yes,no,NonCommercial license; exclude from paid app unless the recordist grants permission.
1000,Boat-tailed Grackle,Quiscalus major,Blackbirds (Icteridae),1037278,Bobby Wilcox,https://xeno-canto.org/1037278,CC BY-NC-SA 4.0,https://creativecommons.org/licenses/by-nc-sa/4.0/,34.0,1.33,21.33,20.0,yes,no,yes,yes,no,NonCommercial license; exclude from paid app unless the recordist grants permission.
977,Bobolink,Dolichonyx oryzivorus,Blackbirds (Icteridae),1001762,Jonathon Jongsma,https://xeno-canto.org/1001762,CC BY-SA 4.0,https://creativecommons.org/licenses/by-sa/4.0/,156.0,42.0,62.0,20.0,yes,yes,yes,yes,yes,"Commercial derivatives allowed, but the trimmed clip must remain under the same ShareAlike license."
762,Bohemian Waxwing,Bombycilla garrulus,Waxwings (Bombycillidae),192134,Andrew Spencer,https://xeno-canto.org/192134,CC BY-NC-SA 4.0,https://creativecommons.org/licenses/by-nc-sa/4.0/,10.0,0.0,10.0,10.0,yes,no,yes,yes,no,NonCommercial license; exclude from paid app unless the recordist grants permission.
351,Bonaparte's Gull,Chroicocephalus philadelphia,"Gulls, Terns, and Skimmers (Laridae)",441374,Rachel Hudson,https://xeno-canto.org/441374,CC BY-NC-SA 4.0,https://creativecommons.org/licenses/by-nc-sa/4.0/,36.0,2.0,22.0,20.0,yes,no,yes,yes,no,NonCommercial license; exclude from paid app unless the recordist grants permission.
423,Bonin Petrel,Pterodroma hypoleuca,Shearwaters and Petrels (Procellariidae),118018,david m,https://xeno-canto.org/118018,CC BY-NC-ND 3.0,https://creativecommons.org/licenses/by-nc-nd/3.0/,150.0,40.0,60.0,20.0,yes,no,no,no,no,NonCommercial license; exclude from paid app unless the recordist grants permission.
710,Boreal Chickadee,Poecile hudsonicus,Chickadees and Titmice (Paridae),691175,Christopher McPherson,https://xeno-canto.org/691175,CC BY-NC-SA 4.0,https://creativecommons.org/licenses/by-nc-sa/4.0/,42.0,4.0,24.0,20.0,yes,no,yes,yes,no,NonCommercial license; exclude from paid app unless the recordist grants permission.
548,Boreal Owl,Aegolius funereus,Typical Owls (Strigidae),985318,Bill Pyle,https://xeno-canto.org/985318,CC BY-NC-SA 4.0,https://creativecommons.org/licenses/by-nc-sa/4.0/,82.0,17.33,37.33,20.0,yes,no,yes,yes,no,NonCommercial license; exclude from paid app unless the recordist grants permission.
931,Botteri's Sparrow,Peucaea botterii,Towhees and Sparrows (Passerellidae),877074,Skyler Bol,https://xeno-canto.org/877074,CC BY-NC-SA 4.0,https://creativecommons.org/licenses/by-nc-sa/4.0/,7.0,0.0,7.0,7.0,yes,no,yes,yes,no,NonCommercial license; exclude from paid app unless the recordist grants permission.
873,Brambling,Fringilla montifringilla,Fringilline and Cardueline Finches and Allies (Fringillidae),1079914,Marc Anderson,https://xeno-canto.org/1079914,CC BY-NC-ND 4.0,https://creativecommons.org/licenses/by-nc-nd/4.0/,35.0,1.67,21.67,20.0,yes,no,no,no,no,NonCommercial license; exclude from paid app unless the recordist grants permission.
459,Brandt's Cormorant,Urile penicillatus,Cormorants (Phalacrocoracidae),354689,David Vander Pluym,https://xeno-canto.org/354689,CC BY-NC-SA 4.0,https://creativecommons.org/licenses/by-nc-sa/4.0/,11.0,0.0,11.0,11.0,yes,no,yes,yes,no,NonCommercial license; exclude from paid app unless the recordist grants permission.
12,Brant,Branta bernicla,"Ducks, Geese, and Swans (Anatidae)",631977,Steve Hampton,https://xeno-canto.org/631977,CC BY-NC-SA 4.0,https://creativecommons.org/licenses/by-nc-sa/4.0/,23.0,0.0,20.0,20.0,yes,no,yes,yes,no,NonCommercial license; exclude from paid app unless the recordist grants permission.
998,Brewer's Blackbird,Euphagus cyanocephalus,Blackbirds (Icteridae),749858,Paul Marvin,https://xeno-canto.org/749858,CC BY-NC-SA 4.0,https://creativecommons.org/licenses/by-nc-sa/4.0/,48.0,6.0,26.0,20.0,yes,no,yes,yes,no,NonCommercial license; exclude from paid app unless the recordist grants permission.
1089,Brewer's Blackbird,Euphagus cyanocephalus,Blackbirds (Icteridae),54884,Todd Wilson,https://xeno-canto.org/54884,CC BY-NC-ND 2.5,https://creativecommons.org/licenses/by-nc-nd/2.5/,21.0,0.0,20.0,20.0,yes,no,no,no,no,NonCommercial license; exclude from paid app unless the recordist grants permission.
944,Brewer's Sparrow,Spizella breweri,Towhees and Sparrows (Passerellidae),987339,Scott Crabtree,https://xeno-canto.org/987339,CC BY-NC-SA 4.0,https://creativecommons.org/licenses/by-nc-sa/4.0/,65.0,11.67,31.67,20.0,yes,no,yes,yes,no,NonCommercial license; exclude from paid app unless the recordist grants permission.
326,Bridled Tern,Onychoprion anaethetus,"Gulls, Terns, and Skimmers (Laridae)",1069484,David Darrell-Lambert,https://xeno-canto.org/1069484,CC BY-NC-SA 4.0,https://creativecommons.org/licenses/by-nc-sa/4.0/,38.0,2.67,22.67,20.0,yes,no,yes,yes,no,NonCommercial license; exclude from paid app unless the recordist grants permission.
712,Bridled Titmouse,Baeolophus wollweberi,Chickadees and Titmice (Paridae),999600,David Tattersley,https://xeno-canto.org/999600,CC BY-NC-SA 4.0,https://creativecommons.org/licenses/by-nc-sa/4.0/,22.0,0.0,20.0,20.0,yes,no,yes,yes,no,NonCommercial license; exclude from paid app unless the recordist grants permission.
232,Bristle-thighed Curlew,Numenius tahitiensis,"Sandpipers, Phalaropes, and Allies (Scolopacidae)",406101,Patrik Åberg,https://xeno-canto.org/406101,CC BY-NC-SA 4.0,https://creativecommons.org/licenses/by-nc-sa/4.0/,33.0,1.0,21.0,20.0,yes,no,yes,yes,no,NonCommercial license; exclude from paid app unless the recordist grants permission.
176,Broad-billed Hummingbird,Cynanthus latirostris,Hummingbirds (Trochilidae),619062,Steve Hampton,https://xeno-canto.org/619062,CC BY-NC-SA 4.0,https://creativecommons.org/licenses/by-nc-sa/4.0/,47.0,5.67,25.67,20.0,yes,no,yes,yes,no,NonCommercial license; exclude from paid app unless the recordist grants permission.
250,Broad-billed Sandpiper,Calidris falcinellus,"Sandpipers, Phalaropes, and Allies (Scolopacidae)",1005270,Lars Edenius,https://xeno-canto.org/1005270,CC BY-NC-SA 4.0,https://creativecommons.org/licenses/by-nc-sa/4.0/,16.0,0.0,16.0,16.0,yes,no,yes,yes,no,NonCommercial license; exclude from paid app unless the recordist grants permission.
174,Broad-tailed Hummingbird,Selasphorus platycercus,Hummingbirds (Trochilidae),1105154,Scott Olmstead,https://xeno-canto.org/1105154,CC BY-NC-SA 4.0,https://creativecommons.org/licenses/by-nc-sa/4.0/,15.0,0.0,15.0,15.0,yes,no,yes,yes,no,NonCommercial license; exclude from paid app unless the recordist grants permission.
520,Broad-winged Hawk,Buteo platypterus,"Hawks, Kites, Eagles, and Allies (Accipitridae)",933601,Thomas Magarian,https://xeno-canto.org/933601,CC BY-NC-SA 4.0,https://creativecommons.org/licenses/by-nc-sa/4.0/,19.0,0.0,19.0,19.0,yes,no,yes,yes,no,NonCommercial license; exclude from paid app unless the recordist grants permission.
995,Bronzed Cowbird,Molothrus aeneus,Blackbirds (Icteridae),277799,Paul Marvin,https://xeno-canto.org/277799,CC BY-NC-SA 4.0,https://creativecommons.org/licenses/by-nc-sa/4.0/,37.0,2.33,22.33,20.0,yes,no,yes,yes,no,NonCommercial license; exclude from paid app unless the recordist grants permission.
455,Brown Booby,Sula leucogaster,Boobies and Gannets (Sulidae),927122,JAYRSON ARAUJO DE OLIVEIRA,https://xeno-canto.org/927122,CC BY-NC-SA 4.0,https://creativecommons.org/licenses/by-nc-sa/4.0/,14.0,0.0,14.0,14.0,yes,no,yes,yes,no,NonCommercial license; exclude from paid app unless the recordist grants permission.
770,Brown Creeper,Certhia americana,Creepers (Certhiidae),1091318,Rachel Hudson,https://xeno-canto.org/1091318,CC BY-NC-SA 4.0,https://creativecommons.org/licenses/by-nc-sa/4.0/,41.0,3.67,23.67,20.0,yes,no,yes,yes,no,NonCommercial license; exclude from paid app unless the recordist grants permission.
685,Brown Jay,Cyanocorax morio,Jays and Crows (Corvidae),1091657,Sue Riffe,https://xeno-canto.org/1091657,CC BY-NC-SA 4.0,https://creativecommons.org/licenses/by-nc-sa/4.0/,10.0,0.0,10.0,10.0,yes,no,yes,yes,no,NonCommercial license; exclude from paid app unless the recordist grants permission.
321,Brown Noddy,Anous stolidus,"Gulls, Terns, and Skimmers (Laridae)",315318,Paul Marvin,https://xeno-canto.org/315318,CC BY-NC-SA 4.0,https://creativecommons.org/licenses/by-nc-sa/4.0/,6.0,0.0,6.0,6.0,yes,no,yes,yes,no,NonCommercial license; exclude from paid app unless the recordist grants permission.
471,Brown Pelican,Pelecanus occidentalis,Pelicans (Pelecanidae),102120,Andrew Spencer,https://xeno-canto.org/102120,CC BY-NC-ND 2.5,https://creativecommons.org/licenses/by-nc-nd/2.5/,47.0,5.67,25.67,20.0,yes,no,no,no,no,NonCommercial license; exclude from paid app unless the recordist grants permission.
680,Brown Shrike,Lanius cristatus,Shrikes (Laniidae),925090,Bo Shunqi 薄顺奇,https://xeno-canto.org/925090,CC BY-NC-SA 4.0,https://creativecommons.org/licenses/by-nc-sa/4.0/,55.0,8.33,28.33,20.0,yes,no,yes,yes,no,NonCommercial license; exclude from paid app unless the recordist grants permission.
789,Brown Thrasher,Toxostoma rufum,Mockingbirds and Thrashers (Mimidae),996863,Molly Jacobson,https://xeno-canto.org/996863,CC BY-NC-SA 4.0,https://creativecommons.org/licenses/by-nc-sa/4.0/,23.0,0.0,20.0,20.0,yes,no,yes,yes,no,NonCommercial license; exclude from paid app unless the recordist grants permission.
806,Brown-backed Solitaire,Myadestes occidentalis,Thrushes (Turdidae),37017,Chris Benesh,https://xeno-canto.org/37017,CC BY-NC-ND 2.5,https://creativecommons.org/licenses/by-nc-nd/2.5/,125.0,31.67,51.67,20.0,yes,no,no,no,no,NonCommercial license; exclude from paid app unless the recordist grants permission.
899,Brown-capped Rosy-Finch,Leucosticte australis,Fringilline and Cardueline Finches and Allies (Fringillidae),87646,Andrew Spencer,https://xeno-canto.org/87646,CC BY-NC-ND 2.5,https://creativecommons.org/licenses/by-nc-nd/2.5/,26.0,0.0,20.0,20.0,yes,no,no,no,no,NonCommercial license; exclude from paid app unless the recordist grants permission.
735,Brown-chested Martin,Progne tapera,Swallows (Hirundinidae),921856,JAYRSON ARAUJO DE OLIVEIRA,https://xeno-canto.org/921856,CC BY-NC-SA 4.0,https://creativecommons.org/licenses/by-nc-sa/4.0/,26.0,0.0,20.0,20.0,yes,no,yes,yes,no,NonCommercial license; exclude from paid app unless the recordist grants permission.
621,Brown-crested Flycatcher,Myiarchus tyrannulus,Tyrant Flycatchers (Tyrannidae),877059,Skyler Bol,https://xeno-canto.org/877059,CC BY-NC-SA 4.0,https://creativecommons.org/licenses/by-nc-sa/4.0/,12.0,0.0,12.0,12.0,yes,no,yes,yes,no,NonCommercial license; exclude from paid app unless the recordist grants permission.
996,Brown-headed Cowbird,Molothrus ater,Blackbirds (Icteridae),1039613,Thomas Magarian,https://xeno-canto.org/1039613,CC BY-NC-ND 4.0,https://creativecommons.org/licenses/by-nc-nd/4.0/,30.0,0.0,20.0,20.0,yes,no,no,no,no,NonCommercial license; exclude from paid app unless the recordist grants permission.
769,Brown-headed Nuthatch,Sitta pusilla,Nuthatches (Sittidae),860797,Valerie Heemstra,https://xeno-canto.org/860797,CC BY-NC-SA 4.0,https://creativecommons.org/licenses/by-nc-sa/4.0/,21.0,0.0,20.0,20.0,yes,no,yes,yes,no,NonCommercial license; exclude from paid app unless the recordist grants permission.
596,Budgerigar (1975-2015),Melopsittacus undulatus,"Parakeets, Macaws, Amazons, and Parrots (Psittacidae)",104202,Andrew Spencer,https://xeno-canto.org/104202,CC BY-NC-ND 2.5,https://creativecommons.org/licenses/by-nc-nd/2.5/,118.0,29.33,49.33,20.0,yes,no,no,no,no,NonCommercial license; exclude from paid app unless the recordist grants permission.
182,Buff-bellied Hummingbird,Amazilia yucatanensis,Hummingbirds (Trochilidae),130831,Andrew Spencer,https://xeno-canto.org/130831,CC BY-NC-SA 3.0,https://creativecommons.org/licenses/by-nc-sa/3.0/,16.0,0.0,16.0,16.0,yes,no,yes,yes,no,NonCommercial license; exclude from paid app unless the recordist grants permission.
655,Buff-breasted Flycatcher,Empidonax fulvifrons,Tyrant Flycatchers (Tyrannidae),622692,Richard E. Webster,https://xeno-canto.org/622692,CC BY-NC-SA 4.0,https://creativecommons.org/licenses/by-nc-sa/4.0/,96.0,22.0,42.0,20.0,yes,no,yes,yes,no,NonCommercial license; exclude from paid app unless the recordist grants permission.
266,Buff-breasted Sandpiper,Calidris subruficollis,"Sandpipers, Phalaropes, and Allies (Scolopacidae)",997531,Stanislas Wroza,https://xeno-canto.org/997531,CC BY-NC-SA 4.0,https://creativecommons.org/licenses/by-nc-sa/4.0/,14.0,0.0,14.0,14.0,yes,no,yes,yes,no,NonCommercial license; exclude from paid app unless the recordist grants permission.
146,Buff-collared Nightjar,Antrostomus ridgwayi,Goatsuckers (Caprimulgidae),560856,Phoenix Birder,https://xeno-canto.org/560856,CC BY-NC-SA 4.0,https://creativecommons.org/licenses/by-nc-sa/4.0/,57.0,9.0,29.0,20.0,yes,no,yes,yes,no,NonCommercial license; exclude from paid app unless the recordist grants permission.
62,Bufflehead,Bucephala albeola,"Ducks, Geese, and Swans (Anatidae)",710475,Richard E. Webster,https://xeno-canto.org/710475,CC BY-NC-SA 4.0,https://creativecommons.org/licenses/by-nc-sa/4.0/,157.0,42.33,62.33,20.0,yes,no,yes,yes,no,NonCommercial license; exclude from paid app unless the recordist grants permission.
436,Buller's Shearwater,Ardenna bulleri,Shearwaters and Petrels (Procellariidae),840129,Alex Lin-Moore,https://xeno-canto.org/840129,CC BY-NC-SA 4.0,https://creativecommons.org/licenses/by-nc-sa/4.0/,51.0,7.0,27.0,20.0,yes,no,yes,yes,no,NonCommercial license; exclude from paid app unless the recordist grants permission.
984,Bullock's Oriole,Icterus bullockii,Blackbirds (Icteridae),1038999,Richard E. Webster,https://xeno-canto.org/1038999,CC BY-NC-SA 4.0,https://creativecommons.org/licenses/by-nc-sa/4.0/,50.0,6.67,26.67,20.0,yes,no,yes,yes,no,NonCommercial license; exclude from paid app unless the recordist grants permission.
428,Bulwer's Petrel,Bulweria bulwerii,Shearwaters and Petrels (Procellariidae),619771,Marcel Gil Velasco,https://xeno-canto.org/619771,CC BY-NC-SA 4.0,https://creativecommons.org/licenses/by-nc-sa/4.0/,27.0,0.0,20.0,20.0,yes,no,yes,yes,no,NonCommercial license; exclude from paid app unless the recordist grants permission.
175,Bumblebee Hummingbird,Selasphorus heloisa,Hummingbirds (Trochilidae),956575,Joren van Schie,https://xeno-canto.org/956575,CC BY-NC-SA 4.0,https://creativecommons.org/licenses/by-nc-sa/4.0/,13.0,0.0,13.0,13.0,yes,no,yes,yes,no,NonCommercial license; exclude from paid app unless the recordist grants permission.
541,Burrowing Owl,Athene cunicularia,Typical Owls (Strigidae),104661,Andrew Spencer,https://xeno-canto.org/104661,CC BY-NC-ND 2.5,https://creativecommons.org/licenses/by-nc-nd/2.5/,75.0,15.0,35.0,20.0,yes,no,no,no,no,NonCommercial license; exclude from paid app unless the recordist grants permission.
744,Bushtit,Psaltriparus minimus,Bushtits (Aegithalidae),417736,Paula Caycedo &amp; Mitch Covington,https://xeno-canto.org/417736,CC BY-NC-SA 4.0,https://creativecommons.org/licenses/by-nc-sa/4.0/,19.0,0.0,19.0,19.0,yes,no,yes,yes,no,NonCommercial license; exclude from paid app unless the recordist grants permission.
14,Cackling Goose,Branta hutchinsii,"Ducks, Geese, and Swans (Anatidae)",1046935,Greg Irving,https://xeno-canto.org/1046935,CC BY-NC-SA 4.0,https://creativecommons.org/licenses/by-nc-sa/4.0/,51.0,7.0,27.0,20.0,yes,no,yes,yes,no,NonCommercial license; exclude from paid app unless the recordist grants permission.
778,Cactus Wren,Campylorhynchus brunneicapillus,Wrens (Troglodytidae),999614,David Tattersley,https://xeno-canto.org/999614,CC BY-NC-SA 4.0,https://creativecommons.org/licenses/by-nc-sa/4.0/,69.0,13.0,33.0,20.0,yes,no,yes,yes,no,NonCommercial license; exclude from paid app unless the recordist grants permission.
773,California Gnatcatcher,Polioptila californica,Gnatcatchers and Gnatwrens (Polioptilidae),965427,A Richardson,https://xeno-canto.org/965427,CC BY-NC-SA 4.0,https://creativecommons.org/licenses/by-nc-sa/4.0/,12.0,0.0,12.0,12.0,yes,no,yes,yes,no,NonCommercial license; exclude from paid app unless the recordist grants permission.
368,California Gull,Larus californicus,"Gulls, Terns, and Skimmers (Laridae)",571013,Richard E. Webster,https://xeno-canto.org/571013,CC BY-NC-SA 4.0,https://creativecommons.org/licenses/by-nc-sa/4.0/,44.0,4.67,24.67,20.0,yes,no,yes,yes,no,NonCommercial license; exclude from paid app unless the recordist grants permission.
75,California Quail,Callipepla californica,New World Quail (Odontophoridae),1040445,Greg Irving,https://xeno-canto.org/1040445,CC BY-NC-SA 4.0,https://creativecommons.org/licenses/by-nc-sa/4.0/,169.0,46.33,66.33,20.0,yes,no,yes,yes,no,NonCommercial license; exclude from paid app unless the recordist grants permission.
692,California Scrub-Jay,Aphelocoma californica,Jays and Crows (Corvidae),914678,Bobby Wilcox,https://xeno-canto.org/914678,CC BY-NC-SA 4.0,https://creativecommons.org/licenses/by-nc-sa/4.0/,66.0,12.0,32.0,20.0,yes,no,yes,yes,no,NonCommercial license; exclude from paid app unless the recordist grants permission.
792,California Thrasher,Toxostoma redivivum,Mockingbirds and Thrashers (Mimidae),875437,Ed Pandolfino,https://xeno-canto.org/875437,CC BY-NC-SA 4.0,https://creativecommons.org/licenses/by-nc-sa/4.0/,110.0,26.67,46.67,20.0,yes,no,yes,yes,no,NonCommercial license; exclude from paid app unless the recordist grants permission.
969,California Towhee,Melozone crissalis,Towhees and Sparrows (Passerellidae),989820,Ed Pandolfino,https://xeno-canto.org/989820,CC BY-NC-SA 4.0,https://creativecommons.org/licenses/by-nc-sa/4.0/,41.0,3.67,23.67,20.0,yes,no,yes,yes,no,NonCommercial license; exclude from paid app unless the recordist grants permission.
171,Calliope Hummingbird,Selasphorus calliope,Hummingbirds (Trochilidae),412986,Austin Young,https://xeno-canto.org/412986,CC BY-NC-ND 4.0,https://creativecommons.org/licenses/by-nc-nd/4.0/,25.0,0.0,20.0,20.0,yes,no,no,no,no,NonCommercial license; exclude from paid app unless the recordist grants permission.
15,Canada Goose,Branta canadensis,"Ducks, Geese, and Swans (Anatidae)",1048810,AUDEVARD Aurélien,https://xeno-canto.org/1048810,CC BY-NC-SA 4.0,https://creativecommons.org/licenses/by-nc-sa/4.0/,10.0,0.0,10.0,10.0,yes,no,yes,yes,no,NonCommercial license; exclude from paid app unless the recordist grants permission.
684,Canada Jay,Perisoreus canadensis,Jays and Crows (Corvidae),28872,Andrew Spencer,https://xeno-canto.org/28872,CC BY-NC-ND 2.5,https://creativecommons.org/licenses/by-nc-nd/2.5/,44.0,4.67,24.67,20.0,yes,no,no,no,no,NonCommercial license; exclude from paid app unless the recordist grants permission.
1052,Canada Warbler,Cardellina canadensis,Wood-Warblers (Parulidae),1087236,Sue Riffe,https://xeno-canto.org/1087236,CC BY-NC-SA 4.0,https://creativecommons.org/licenses/by-nc-sa/4.0/,7.0,0.0,7.0,7.0,yes,no,yes,yes,no,NonCommercial license; exclude from paid app unless the recordist grants permission.
44,Canvasback,Aythya valisineria,"Ducks, Geese, and Swans (Anatidae)",169224,Paul Driver,https://xeno-canto.org/169224,CC BY-NC-SA 3.0,https://creativecommons.org/licenses/by-nc-sa/3.0/,4.0,0.0,4.0,4.0,yes,no,yes,yes,no,NonCommercial license; exclude from paid app unless the recordist grants permission.
967,Canyon Towhee,Melozone fusca,Towhees and Sparrows (Passerellidae),878011,Scott Olmstead,https://xeno-canto.org/878011,CC BY-NC-SA 4.0,https://creativecommons.org/licenses/by-nc-sa/4.0/,47.0,5.67,25.67,20.0,yes,no,yes,yes,no,NonCommercial license; exclude from paid app unless the recordist grants permission.
776,Canyon Wren,Catherpes mexicanus,Wrens (Troglodytidae),1080746,Scott Olmstead,https://xeno-canto.org/1080746,CC BY-NC-SA 4.0,https://creativecommons.org/licenses/by-nc-sa/4.0/,59.0,9.67,29.67,20.0,yes,no,yes,yes,no,NonCommercial license; exclude from paid app unless the recordist grants permission.
1027,Cape May Warbler,Setophaga tigrina,Wood-Warblers (Parulidae),784610,Paul Driver,https://xeno-canto.org/784610,CC BY-NC-SA 4.0,https://creativecommons.org/licenses/by-nc-sa/4.0/,48.0,6.0,26.0,20.0,yes,no,yes,yes,no,NonCommercial license; exclude from paid app unless the recordist grants permission.
434,Cape Verde Shearwater,Calonectris edwardsii,Shearwaters and Petrels (Procellariidae),718760,Nicolas Martinez,https://xeno-canto.org/718760,CC BY-NC-SA 4.0,https://creativecommons.org/licenses/by-nc-sa/4.0/,60.0,10.0,30.0,20.0,yes,no,yes,yes,no,NonCommercial license; exclude from paid app unless the recordist grants permission.
705,Carolina Chickadee,Poecile carolinensis,Chickadees and Titmice (Paridae),1010608,Rory Nefdt,https://xeno-canto.org/1010608,CC BY-NC-SA 4.0,https://creativecommons.org/licenses/by-nc-sa/4.0/,36.0,2.0,22.0,20.0,yes,no,yes,yes,no,NonCommercial license; exclude from paid app unless the recordist grants permission.
780,Carolina Wren,Thryothorus ludovicianus,Wrens (Troglodytidae),1099411,Jim Berry,https://xeno-canto.org/1099411,CC BY-NC-SA 4.0,https://creativecommons.org/licenses/by-nc-sa/4.0/,116.0,28.67,48.67,20.0,yes,no,yes,yes,no,NonCommercial license; exclude from paid app unless the recordist grants permission.
332,Caspian Tern,Hydroprogne caspia,"Gulls, Terns, and Skimmers (Laridae)",556708,Meena Haribal,https://xeno-canto.org/556708,CC BY-NC-SA 4.0,https://creativecommons.org/licenses/by-nc-sa/4.0/,119.0,29.67,49.67,20.0,yes,no,yes,yes,no,NonCommercial license; exclude from paid app unless the recordist grants permission.
907,Cassia Crossbill,Loxia sinesciuris,Fringilline and Cardueline Finches and Allies (Fringillidae),548198,Richard E. Webster,https://xeno-canto.org/548198,CC BY-NC-SA 4.0,https://creativecommons.org/licenses/by-nc-sa/4.0/,30.0,0.0,20.0,20.0,yes,no,yes,yes,no,NonCommercial license; exclude from paid app unless the recordist grants permission.
313,Cassin's Auklet,Ptychoramphus aleuticus,"Auks, Murres, and Puffins (Alcidae)",842479,Matthew L. Brady,https://xeno-canto.org/842479,CC BY-NC-SA 4.0,https://creativecommons.org/licenses/by-nc-sa/4.0/,160.0,43.33,63.33,20.0,yes,no,yes,yes,no,NonCommercial license; exclude from paid app unless the recordist grants permission.
902,Cassin's Finch,Haemorhous cassinii,Fringilline and Cardueline Finches and Allies (Fringillidae),1086030,Sue Riffe,https://xeno-canto.org/1086030,CC BY-NC-SA 4.0,https://creativecommons.org/licenses/by-nc-sa/4.0/,28.0,0.0,20.0,20.0,yes,no,yes,yes,no,NonCommercial license; exclude from paid app unless the recordist grants permission.
631,Cassin's Kingbird,Tyrannus vociferans,Tyrant Flycatchers (Tyrannidae),577333,Timothy Marquardt,https://xeno-canto.org/577333,CC BY-NC-SA 4.0,https://creativecommons.org/licenses/by-nc-sa/4.0/,105.0,25.0,45.0,20.0,yes,no,yes,yes,no,NonCommercial license; exclude from paid app unless the recordist grants permission.
932,Cassin's Sparrow,Peucaea cassinii,Towhees and Sparrows (Passerellidae),877491,Skyler Bol,https://xeno-canto.org/877491,CC BY-NC-SA 4.0,https://creativecommons.org/licenses/by-nc-sa/4.0/,4.0,0.0,4.0,4.0,yes,no,yes,yes,no,NonCommercial license; exclude from paid app unless the recordist grants permission.
668,Cassin's Vireo,Vireo cassinii,Vireos (Vireonidae),1080752,Scott Olmstead,https://xeno-canto.org/1080752,CC BY-NC-SA 4.0,https://creativecommons.org/licenses/by-nc-sa/4.0/,31.0,0.33,20.33,20.0,yes,no,yes,yes,no,NonCommercial license; exclude from paid app unless the recordist grants permission.
743,Cave Swallow,Petrochelidon fulva,Swallows (Hirundinidae),34112,Andrew Spencer,https://xeno-canto.org/34112,CC BY-NC-ND 2.5,https://creativecommons.org/licenses/by-nc-nd/2.5/,51.0,7.0,27.0,20.0,yes,no,no,no,no,NonCommercial license; exclude from paid app unless the recordist grants permission.
763,Cedar Waxwing,Bombycilla cedrorum,Waxwings (Bombycillidae),1005316,Rory Nefdt,https://xeno-canto.org/1005316,CC BY-NC-SA 4.0,https://creativecommons.org/licenses/by-nc-sa/4.0/,10.0,0.0,10.0,10.0,yes,no,yes,yes,no,NonCommercial license; exclude from paid app unless the recordist grants permission.
1028,Cerulean Warbler,Setophaga cerulea,Wood-Warblers (Parulidae),1038381,Bobby Wilcox,https://xeno-canto.org/1038381,CC BY-NC-SA 4.0,https://creativecommons.org/licenses/by-nc-sa/4.0/,69.0,13.0,33.0,20.0,yes,no,yes,yes,no,NonCommercial license; exclude from paid app unless the recordist grants permission.
390,Chatham Albatross,Thalassarche eremita,Albatrosses (Diomedeidae),1058885,Cam Maclean/David Boyle,https://xeno-canto.org/1058885,CC BY-NC-SA 4.0,https://creativecommons.org/licenses/by-nc-sa/4.0/,9.0,0.0,9.0,9.0,yes,no,yes,yes,no,NonCommercial license; exclude from paid app unless the recordist grants permission.
855,Chestnut Munia,Lonchura atricapilla,Waxbills (Estrildidae),207445,Ross Gallardy,https://xeno-canto.org/207445,CC BY-NC-SA 4.0,https://creativecommons.org/licenses/by-nc-sa/4.0/,3.0,0.0,3.0,3.0,yes,no,yes,yes,no,NonCommercial license; exclude from paid app unless the recordist grants permission.
709,Chestnut-backed Chickadee,Poecile rufescens,Chickadees and Titmice (Paridae),1047658,Greg Irving,https://xeno-canto.org/1047658,CC BY-NC-SA 4.0,https://creativecommons.org/licenses/by-nc-sa/4.0/,98.0,22.67,42.67,20.0,yes,no,yes,yes,no,NonCommercial license; exclude from paid app unless the recordist grants permission.
109,Chestnut-bellied Sandgrouse,Pterocles exustus,Sandgrouses (Pteroclidae),504015,Aladdin,https://xeno-canto.org/504015,CC BY-NC-SA 4.0,https://creativecommons.org/licenses/by-nc-sa/4.0/,46.0,5.33,25.33,20.0,yes,no,yes,yes,no,NonCommercial license; exclude from paid app unless the recordist grants permission.
917,Chestnut-collared Longspur,Calcarius ornatus,Longspurs and Snow Buntings (Calcariidae),877497,Skyler Bol,https://xeno-canto.org/877497,CC BY-NC-SA 4.0,https://creativecommons.org/licenses/by-nc-sa/4.0/,3.0,0.0,3.0,3.0,yes,no,yes,yes,no,NonCommercial license; exclude from paid app unless the recordist grants permission.
1035,Chestnut-sided Warbler,Setophaga pensylvanica,Wood-Warblers (Parulidae),1037298,Bobby Wilcox,https://xeno-canto.org/1037298,CC BY-NC-SA 4.0,https://creativecommons.org/licenses/by-nc-sa/4.0/,23.0,0.0,20.0,20.0,yes,no,yes,yes,no,NonCommercial license; exclude from paid app unless the recordist grants permission.
702,Chihuahuan Raven,Corvus cryptoleucus,Jays and Crows (Corvidae),662844,Richard E. Webster,https://xeno-canto.org/662844,CC BY-NC-SA 4.0,https://creativecommons.org/licenses/by-nc-sa/4.0/,116.0,28.67,48.67,20.0,yes,no,yes,yes,no,NonCommercial license; exclude from paid app unless the recordist grants permission.
152,Chimney Swift,Chaetura pelagica,Swifts (Apodidae),738283,Timothy Marquardt,https://xeno-canto.org/738283,CC BY-NC-SA 4.0,https://creativecommons.org/licenses/by-nc-sa/4.0/,91.0,20.33,40.33,20.0,yes,no,yes,yes,no,NonCommercial license; exclude from paid app unless the recordist grants permission.
485,Chinese Pond-Heron,Ardeola bacchus,"Bitterns, Herons, and Allies (Ardeidae)",1071098,Chi-Hsuan Shao,https://xeno-canto.org/1071098,CC BY-NC-SA 4.0,https://creativecommons.org/licenses/by-nc-sa/4.0/,14.0,0.0,14.0,14.0,yes,no,yes,yes,no,NonCommercial license; exclude from paid app unless the recordist grants permission.
499,Chinese Sparrowhawk,Tachyspiza soloensis,"Hawks, Kites, Eagles, and Allies (Accipitridae)",840818,Bo Shunqi 薄顺奇,https://xeno-canto.org/840818,CC BY-NC-SA 4.0,https://creativecommons.org/licenses/by-nc-sa/4.0/,5.0,0.0,5.0,5.0,yes,no,yes,yes,no,NonCommercial license; exclude from paid app unless the recordist grants permission.
940,Chipping Sparrow,Spizella passerina,Towhees and Sparrows (Passerellidae),1038385,Bobby Wilcox,https://xeno-canto.org/1038385,CC BY-NC-SA 4.0,https://creativecommons.org/licenses/by-nc-sa/4.0/,23.0,0.0,20.0,20.0,yes,no,yes,yes,no,NonCommercial license; exclude from paid app unless the recordist grants permission.
442,Christmas Shearwater,Puffinus nativitatis,Shearwaters and Petrels (Procellariidae),862224,Percy Ulsamer,https://xeno-canto.org/862224,CC BY-NC-SA 4.0,https://creativecommons.org/licenses/by-nc-sa/4.0/,39.0,3.0,23.0,20.0,yes,no,yes,yes,no,NonCommercial license; exclude from paid app unless the recordist grants permission.
145,Chuck-will's-widow,Antrostomus carolinensis,Goatsuckers (Caprimulgidae),1000236,steve,https://xeno-canto.org/1000236,CC BY-SA 4.0,https://creativecommons.org/licenses/by-sa/4.0/,21.0,0.0,20.0,20.0,yes,yes,yes,yes,yes,"Commercial derivatives allowed, but the trimmed clip must remain under the same ShareAlike license."
99,Chukar,Alectoris chukar,"Partridges, Grouse, Turkeys, and Old World Quail (Phasianidae)",269241,Frank Lambert,https://xeno-canto.org/269241,CC BY-NC-ND 4.0,https://creativecommons.org/licenses/by-nc-nd/4.0/,10.0,0.0,10.0,10.0,yes,no,no,no,no,NonCommercial license; exclude from paid app unless the recordist grants permission.
181,Cinnamon Hummingbird,Amazilia rutila,Hummingbirds (Trochilidae),925793,Richard E. Webster,https://xeno-canto.org/925793,CC BY-NC-SA 4.0,https://creativecommons.org/licenses/by-nc-sa/4.0/,61.0,10.33,30.33,20.0,yes,no,yes,yes,no,NonCommercial license; exclude from paid app unless the recordist grants permission.
28,Cinnamon Teal,Spatula cyanoptera,"Ducks, Geese, and Swans (Anatidae)",877014,Skyler Bol,https://xeno-canto.org/877014,CC BY-NC-SA 4.0,https://creativecommons.org/licenses/by-nc-sa/4.0/,2.0,0.0,2.0,2.0,yes,no,yes,yes,no,NonCommercial license; exclude from paid app unless the recordist grants permission.
863,Citrine Wagtail,Motacilla citreola,Wagtails and Pipits (Motacillidae),113086,Recordist: Jeremy Gatten / Uploaded: Ian Cruickshank,https://xeno-canto.org/113086,CC BY-NC-SA 3.0,https://creativecommons.org/licenses/by-nc-sa/3.0/,28.0,0.0,20.0,20.0,yes,no,yes,yes,no,NonCommercial license; exclude from paid app unless the recordist grants permission.
194,Clapper Rail,Rallus crepitans,"Rails, Gallinules, and Coots (Rallidae)",64539,Mike Nelson,https://xeno-canto.org/64539,CC BY-NC-SA 3.0,https://creativecommons.org/licenses/by-nc-sa/3.0/,43.0,4.33,24.33,20.0,yes,no,yes,yes,no,NonCommercial license; exclude from paid app unless the recordist grants permission.
108,Clark's Grebe,Aechmophorus clarkii,Grebes (Podicipedidae),641950,Paul Marvin,https://xeno-canto.org/641950,CC BY-NC-SA 4.0,https://creativecommons.org/licenses/by-nc-sa/4.0/,9.0,0.0,9.0,9.0,yes,no,yes,yes,no,NonCommercial license; exclude from paid app unless the recordist grants permission.
695,Clark's Nutcracker,Nucifraga columbiana,Jays and Crows (Corvidae),417739,Paula Caycedo &amp; Mitch Covington,https://xeno-canto.org/417739,CC BY-NC-SA 4.0,https://creativecommons.org/licenses/by-nc-sa/4.0/,55.0,8.33,28.33,20.0,yes,no,yes,yes,no,NonCommercial license; exclude from paid app unless the recordist grants permission.
941,Clay-colored Sparrow,Spizella pallida,Towhees and Sparrows (Passerellidae),997646,Don Profota,https://xeno-canto.org/997646,CC BY-NC-SA 4.0,https://creativecommons.org/licenses/by-nc-sa/4.0/,3.0,0.0,3.0,3.0,yes,no,yes,yes,no,NonCommercial license; exclude from paid app unless the recordist grants permission.
825,Clay-colored Thrush,Turdus grayi,Thrushes (Turdidae),900265,David Tattersley,https://xeno-canto.org/900265,CC BY-NC-SA 4.0,https://creativecommons.org/licenses/by-nc-sa/4.0/,46.0,5.33,25.33,20.0,yes,no,yes,yes,no,NonCommercial license; exclude from paid app unless the recordist grants permission.
742,Cliff Swallow,Petrochelidon pyrrhonota,Swallows (Hirundinidae),468931,Bruce Lagerquist,https://xeno-canto.org/468931,CC BY-NC-SA 4.0,https://creativecommons.org/licenses/by-nc-sa/4.0/,54.0,8.0,28.0,20.0,yes,no,yes,yes,no,NonCommercial license; exclude from paid app unless the recordist grants permission.
1014,Colima Warbler,Leiothlypis crissalis,Wood-Warblers (Parulidae),109427,Paul Marvin,https://xeno-canto.org/109427,CC BY-NC-ND 2.5,https://creativecommons.org/licenses/by-nc-nd/2.5/,129.0,33.0,53.0,20.0,yes,no,no,no,no,NonCommercial license; exclude from paid app unless the recordist grants permission.
583,Collared Forest-Falcon,Micrastur semitorquatus,Caracaras and Falcons (Falconidae),965381,JAYRSON ARAUJO DE OLIVEIRA,https://xeno-canto.org/965381,CC BY-NC-SA 4.0,https://creativecommons.org/licenses/by-nc-sa/4.0/,117.0,29.0,49.0,20.0,yes,no,yes,yes,no,NonCommercial license; exclude from paid app unless the recordist grants permission.
226,Collared Plover,Anarhynchus collaris,Lapwings and Plovers (Charadriidae),686786,JAYRSON ARAUJO DE OLIVEIRA,https://xeno-canto.org/686786,CC BY-NC-SA 4.0,https://creativecommons.org/licenses/by-nc-sa/4.0/,19.0,0.0,19.0,19.0,yes,no,yes,yes,no,NonCommercial license; exclude from paid app unless the recordist grants permission.
513,Common Black Hawk,Buteogallus anthracinus,"Hawks, Kites, Eagles, and Allies (Accipitridae)",722812,Bobby Wilcox,https://xeno-canto.org/722812,CC BY-NC-SA 4.0,https://creativecommons.org/licenses/by-nc-sa/4.0/,47.0,5.67,25.67,20.0,yes,no,yes,yes,no,NonCommercial license; exclude from paid app unless the recordist grants permission.
872,Common Chaffinch,Fringilla coelebs,Fringilline and Cardueline Finches and Allies (Fringillidae),1105935,Walter Wallner,https://xeno-canto.org/1105935,CC BY-NC-SA 4.0,https://creativecommons.org/licenses/by-nc-sa/4.0/,78.0,16.0,36.0,20.0,yes,no,yes,yes,no,NonCommercial license; exclude from paid app unless the recordist grants permission.
747,Common Chiffchaff,Phylloscopus collybita,Leaf Warblers (Phylloscopidae),1106045,Beatrix Saadi-Varchmin,https://xeno-canto.org/1106045,CC BY-NC-SA 4.0,https://creativecommons.org/licenses/by-nc-sa/4.0/,8.0,0.0,8.0,8.0,yes,no,yes,yes,no,NonCommercial license; exclude from paid app unless the recordist grants permission.
186,Common Crane,Grus grus,Cranes (Gruidae),1101876,Ulf Elman,https://xeno-canto.org/1101876,CC BY-NC-ND 4.0,https://creativecommons.org/licenses/by-nc-nd/4.0/,91.0,20.33,40.33,20.0,yes,no,no,no,no,NonCommercial license; exclude from paid app unless the recordist grants permission.
134,Common Cuckoo,Cuculus canorus,"Cuckoos, Roadrunners, and Anis (Cuculidae)",1105644,Garai József,https://xeno-canto.org/1105644,CC BY-NC-SA 4.0,https://creativecommons.org/licenses/by-nc-sa/4.0/,20.0,0.0,20.0,20.0,yes,no,yes,yes,no,NonCommercial license; exclude from paid app unless the recordist grants permission.
54,Common Eider,Somateria mollissima,"Ducks, Geese, and Swans (Anatidae)",666706,William Whitehead,https://xeno-canto.org/666706,CC BY-NC-ND 4.0,https://creativecommons.org/licenses/by-nc-nd/4.0/,5.0,0.0,5.0,5.0,yes,no,no,no,no,NonCommercial license; exclude from paid app unless the recordist grants permission.
198,Common Gallinule,Gallinula galeata,"Rails, Gallinules, and Coots (Rallidae)",1039897,Emily Ritter,https://xeno-canto.org/1039897,CC0-1.0,https://creativecommons.org/publicdomain/zero/1.0/,4.0,0.0,4.0,4.0,yes,yes,yes,no,yes,Commercial derivatives allowed with attribution.
63,Common Goldeneye,Bucephala clangula,"Ducks, Geese, and Swans (Anatidae)",404502,Bruce Lagerquist,https://xeno-canto.org/404502,CC BY-NC-SA 4.0,https://creativecommons.org/licenses/by-nc-sa/4.0/,78.0,16.0,36.0,20.0,yes,no,yes,yes,no,NonCommercial license; exclude from paid app unless the recordist grants permission.
999,Common Grackle,Quiscalus quiscula,Blackbirds (Icteridae),942537,Thomas Magarian,https://xeno-canto.org/942537,CC BY-NC-SA 4.0,https://creativecommons.org/licenses/by-nc-sa/4.0/,18.0,0.0,18.0,18.0,yes,no,yes,yes,no,NonCommercial license; exclude from paid app unless the recordist grants permission.
1090,Common Grackle,Quiscalus quiscula,Blackbirds (Icteridae),1014942,Stanislas Wroza,https://xeno-canto.org/1014942,CC BY-NC-SA 4.0,https://creativecommons.org/licenses/by-nc-sa/4.0/,63.0,11.0,31.0,20.0,yes,no,yes,yes,no,NonCommercial license; exclude from paid app unless the recordist grants permission.
289,Common Greenshank,Tringa nebularia,"Sandpipers, Phalaropes, and Allies (Scolopacidae)",1003964,Eetu Paljakka,https://xeno-canto.org/1003964,CC BY-NC-SA 4.0,https://creativecommons.org/licenses/by-nc-sa/4.0/,29.0,0.0,20.0,20.0,yes,no,yes,yes,no,NonCommercial license; exclude from paid app unless the recordist grants permission.
111,Common Ground Dove,Columbina passerina,Pigeons and Doves (Columbidae),971763,Richard E. Webster,https://xeno-canto.org/971763,CC BY-NC-SA 4.0,https://creativecommons.org/licenses/by-nc-sa/4.0/,138.0,36.0,56.0,20.0,yes,no,yes,yes,no,NonCommercial license; exclude from paid app unless the recordist grants permission.
363,Common Gull,Larus canus,"Gulls, Terns, and Skimmers (Laridae)",356210,Frank Lambert,https://xeno-canto.org/356210,CC BY-NC-ND 4.0,https://creativecommons.org/licenses/by-nc-nd/4.0/,31.0,0.33,20.33,20.0,yes,no,no,no,no,NonCommercial license; exclude from paid app unless the recordist grants permission.
386,Common Loon,Gavia immer,Loons (Gaviidae),1054224,Dan P  Bilderback,https://xeno-canto.org/1054224,CC BY-NC-SA 4.0,https://creativecommons.org/licenses/by-nc-sa/4.0/,3.0,0.0,3.0,3.0,yes,no,yes,yes,no,NonCommercial license; exclude from paid app unless the recordist grants permission.
67,Common Merganser,Mergus merganser,"Ducks, Geese, and Swans (Anatidae)",171601,Paul Driver,https://xeno-canto.org/171601,CC BY-NC-SA 4.0,https://creativecommons.org/licenses/by-nc-sa/4.0/,43.0,4.33,24.33,20.0,yes,no,yes,yes,no,NonCommercial license; exclude from paid app unless the recordist grants permission.
304,Common Murre,Uria aalge,"Auks, Murres, and Puffins (Alcidae)",930249,Tony Rinaud,https://xeno-canto.org/930249,CC BY-NC-SA 4.0,https://creativecommons.org/licenses/by-nc-sa/4.0/,31.0,0.33,20.33,20.0,yes,no,yes,yes,no,NonCommercial license; exclude from paid app unless the recordist grants permission.
799,Common Myna,Acridotheres tristis,Starlings (Sturnidae),102123,Andrew Spencer,https://xeno-canto.org/102123,CC BY-NC-ND 2.5,https://creativecommons.org/licenses/by-nc-nd/2.5/,41.0,3.67,23.67,20.0,yes,no,no,no,no,NonCommercial license; exclude from paid app unless the recordist grants permission.
141,Common Nighthawk,Chordeiles minor,Goatsuckers (Caprimulgidae),735866,Timothy Marquardt,https://xeno-canto.org/735866,CC BY-NC-SA 4.0,https://creativecommons.org/licenses/by-nc-sa/4.0/,67.0,12.33,32.33,20.0,yes,no,yes,yes,no,NonCommercial license; exclude from paid app unless the recordist grants permission.
143,Common Pauraque,Nyctidromus albicollis,Goatsuckers (Caprimulgidae),285306,Paul Marvin,https://xeno-canto.org/285306,CC BY-NC-SA 4.0,https://creativecommons.org/licenses/by-nc-sa/4.0/,107.0,25.67,45.67,20.0,yes,no,yes,yes,no,NonCommercial license; exclude from paid app unless the recordist grants permission.
46,Common Pochard,Aythya ferina,"Ducks, Geese, and Swans (Anatidae)",797798,Alan Dalton,https://xeno-canto.org/797798,CC BY-NC-SA 4.0,https://creativecommons.org/licenses/by-nc-sa/4.0/,25.0,0.0,20.0,20.0,yes,no,yes,yes,no,NonCommercial license; exclude from paid app unless the recordist grants permission.
144,Common Poorwill,Phalaenoptilus nuttallii,Goatsuckers (Caprimulgidae),972668,Danielle Munzing,https://xeno-canto.org/972668,CC BY-NC-SA 4.0,https://creativecommons.org/licenses/by-nc-sa/4.0/,69.0,13.0,33.0,20.0,yes,no,yes,yes,no,NonCommercial license; exclude from paid app unless the recordist grants permission.
703,Common Raven,Corvus corax,Jays and Crows (Corvidae),213233,Richard Hoyer,https://xeno-canto.org/213233,CC BY-NC-SA 4.0,https://creativecommons.org/licenses/by-nc-sa/4.0/,65.0,11.67,31.67,20.0,yes,no,yes,yes,no,NonCommercial license; exclude from paid app unless the recordist grants permission.
291,Common Redshank,Tringa totanus,"Sandpipers, Phalaropes, and Allies (Scolopacidae)",1105409,Niclas Backstrom,https://xeno-canto.org/1105409,CC BY-NC-SA 4.0,https://creativecommons.org/licenses/by-nc-sa/4.0/,17.0,0.0,17.0,17.0,yes,no,yes,yes,no,NonCommercial license; exclude from paid app unless the recordist grants permission.
845,Common Redstart,Phoenicurus phoenicurus,Old World Flycatchers (Muscicapidae),1102129,João Ferreira Tomás,https://xeno-canto.org/1102129,CC BY-NC-SA 4.0,https://creativecommons.org/licenses/by-nc-sa/4.0/,54.0,8.0,28.0,20.0,yes,no,yes,yes,no,NonCommercial license; exclude from paid app unless the recordist grants permission.
219,Common Ringed Plover,Charadrius hiaticula,Lapwings and Plovers (Charadriidae),831382,Francesco Sottile,https://xeno-canto.org/831382,CC BY-NC-SA 4.0,https://creativecommons.org/licenses/by-nc-sa/4.0/,9.0,0.0,9.0,9.0,yes,no,yes,yes,no,NonCommercial license; exclude from paid app unless the recordist grants permission.
876,Common Rosefinch,Carpodacus erythrinus,Fringilline and Cardueline Finches and Allies (Fringillidae),1105586,Kevin Guille,https://xeno-canto.org/1105586,CC0-1.0,https://creativecommons.org/publicdomain/zero/1.0/,14.0,0.0,14.0,14.0,yes,yes,yes,no,yes,Commercial derivatives allowed with attribution.
280,Common Sandpiper,Actitis hypoleucos,"Sandpipers, Phalaropes, and Allies (Scolopacidae)",1105338,Hsishu,https://xeno-canto.org/1105338,CC BY-NC-SA 4.0,https://creativecommons.org/licenses/by-nc-sa/4.0/,45.0,5.0,25.0,20.0,yes,no,yes,yes,no,NonCommercial license; exclude from paid app unless the recordist grants permission.
59,Common Scoter,Melanitta nigra,"Ducks, Geese, and Swans (Anatidae)",915469,Thomas Bergman,https://xeno-canto.org/915469,CC BY-NC-SA 4.0,https://creativecommons.org/licenses/by-nc-sa/4.0/,16.0,0.0,16.0,16.0,yes,no,yes,yes,no,NonCommercial license; exclude from paid app unless the recordist grants permission.
22,Common Shelduck,Tadorna tadorna,"Ducks, Geese, and Swans (Anatidae)",569332,Jarek Matusiak,https://xeno-canto.org/569332,CC BY-NC-SA 4.0,https://creativecommons.org/licenses/by-nc-sa/4.0/,7.0,0.0,7.0,7.0,yes,no,yes,yes,no,NonCommercial license; exclude from paid app unless the recordist grants permission.
277,Common Snipe,Gallinago gallinago,"Sandpipers, Phalaropes, and Allies (Scolopacidae)",1105609,Kevin Guille,https://xeno-canto.org/1105609,CC0-1.0,https://creativecommons.org/publicdomain/zero/1.0/,35.0,1.67,21.67,20.0,yes,yes,yes,no,yes,Commercial derivatives allowed with attribution.
155,Common Swift,Apus apus,Swifts (Apodidae),1105528,David Darrell-Lambert,https://xeno-canto.org/1105528,CC BY-NC-SA 4.0,https://creativecommons.org/licenses/by-nc-sa/4.0/,15.0,0.0,15.0,15.0,yes,no,yes,yes,no,NonCommercial license; exclude from paid app unless the recordist grants permission.
338,Common Tern,Sterna hirundo,"Gulls, Terns, and Skimmers (Laridae)",190445,Krzysztof Deoniziak,https://xeno-canto.org/190445,CC BY-NC-ND 4.0,https://creativecommons.org/licenses/by-nc-nd/4.0/,32.0,0.67,20.67,20.0,yes,no,no,no,no,NonCommercial license; exclude from paid app unless the recordist grants permission.
858,Common Waxbill,Estrilda astrild,Waxbills (Estrildidae),203483,Ross Gallardy,https://xeno-canto.org/203483,CC BY-NC-SA 4.0,https://creativecommons.org/licenses/by-nc-sa/4.0/,2.0,0.0,2.0,2.0,yes,no,yes,yes,no,NonCommercial license; exclude from paid app unless the recordist grants permission.
128,Common Wood-Pigeon (Wood Pigeon),Columba palumbus,Pigeons and Doves (Columbidae),1105759,Frank Holzapfel,https://xeno-canto.org/1105759,CC BY-NC-ND 4.0,https://creativecommons.org/licenses/by-nc-nd/4.0/,14.0,0.0,14.0,14.0,yes,no,no,no,no,NonCommercial license; exclude from paid app unless the recordist grants permission.
1023,Common Yellowthroat,Geothlypis trichas,Wood-Warblers (Parulidae),1090714,Manuel Grosselet,https://xeno-canto.org/1090714,CC BY-NC-SA 4.0,https://creativecommons.org/licenses/by-nc-sa/4.0/,179.0,49.67,69.67,20.0,yes,no,yes,yes,no,NonCommercial license; exclude from paid app unless the recordist grants permission.
1099,Common Yellowthroat,Geothlypis trichas,Wood-Warblers (Parulidae),1021804,Stanislas Wroza,https://xeno-canto.org/1021804,CC BY-NC-SA 4.0,https://creativecommons.org/licenses/by-nc-sa/4.0/,32.0,0.67,20.67,20.0,yes,no,yes,yes,no,NonCommercial license; exclude from paid app unless the recordist grants permission.
1018,Connecticut Warbler,Oporornis agilis,Wood-Warblers (Parulidae),658535,Paul Driver,https://xeno-canto.org/658535,CC BY-NC-SA 4.0,https://creativecommons.org/licenses/by-nc-sa/4.0/,99.0,23.0,43.0,20.0,yes,no,yes,yes,no,NonCommercial license; exclude from paid app unless the recordist grants permission.
1097,Connecticut Warbler,Oporornis agilis,Wood-Warblers (Parulidae),1013974,Stanislas Wroza,https://xeno-canto.org/1013974,CC BY-NC-SA 4.0,https://creativecommons.org/licenses/by-nc-sa/4.0/,146.0,38.67,58.67,20.0,yes,no,yes,yes,no,NonCommercial license; exclude from paid app unless the recordist grants permission.
426,Cook's Petrel,Pterodroma cookii,Shearwaters and Petrels (Procellariidae),776936,Nathan El,https://xeno-canto.org/776936,CC BY-NC-SA 4.0,https://creativecommons.org/licenses/by-nc-sa/4.0/,8.0,0.0,8.0,8.0,yes,no,yes,yes,no,NonCommercial license; exclude from paid app unless the recordist grants permission.
502,Cooper's Hawk,Astur cooperii,"Hawks, Kites, Eagles, and Allies (Accipitridae)",11627,Nathan Pieplow,https://xeno-canto.org/11627,CC BY-NC-ND 2.5,https://creativecommons.org/licenses/by-nc-nd/2.5/,23.0,0.0,20.0,20.0,yes,no,no,no,no,NonCommercial license; exclude from paid app unless the recordist grants permission.
196,Corn Crake,Crex crex,"Rails, Gallinules, and Coots (Rallidae)",1096358,Tom Cooney,https://xeno-canto.org/1096358,CC BY-NC-SA 4.0,https://creativecommons.org/licenses/by-nc-sa/4.0/,18.0,0.0,18.0,18.0,yes,no,yes,yes,no,NonCommercial license; exclude from paid app unless the recordist grants permission.
433,Cory's Shearwater,Calonectris borealis,Shearwaters and Petrels (Procellariidae),1007862,Pere Josa,https://xeno-canto.org/1007862,CC BY-NC-SA 4.0,https://creativecommons.org/licenses/by-nc-sa/4.0/,94.0,21.33,41.33,20.0,yes,no,yes,yes,no,NonCommercial license; exclude from paid app unless the recordist grants permission.
170,Costa's Hummingbird,Calypte costae,Hummingbirds (Trochilidae),959082,Ayala Berger,https://xeno-canto.org/959082,CC BY-NC-SA 4.0,https://creativecommons.org/licenses/by-nc-sa/4.0/,25.0,0.0,20.0,20.0,yes,no,yes,yes,no,NonCommercial license; exclude from paid app unless the recordist grants permission.
630,Couch's Kingbird,Tyrannus couchii,Tyrant Flycatchers (Tyrannidae),404720,Jacob R. Saucier,https://xeno-canto.org/404720,CC BY-NC-SA 4.0,https://creativecommons.org/licenses/by-nc-sa/4.0/,33.0,1.0,21.0,20.0,yes,no,yes,yes,no,NonCommercial license; exclude from paid app unless the recordist grants permission.
511,Crane Hawk,Geranospiza caerulescens,"Hawks, Kites, Eagles, and Allies (Accipitridae)",1094164,Marc Anderson,https://xeno-canto.org/1094164,CC BY-NC-ND 4.0,https://creativecommons.org/licenses/by-nc-nd/4.0/,15.0,0.0,15.0,15.0,yes,no,no,no,no,NonCommercial license; exclude from paid app unless the recordist grants permission.
311,Craveri's Murrelet,Synthliboramphus craveri,"Auks, Murres, and Puffins (Alcidae)",677265,Paul Marvin,https://xeno-canto.org/677265,CC BY-NC-SA 4.0,https://creativecommons.org/licenses/by-nc-sa/4.0/,7.0,0.0,7.0,7.0,yes,no,yes,yes,no,NonCommercial license; exclude from paid app unless the recordist grants permission.
1011,Crescent-chested Warbler,Oreothlypis superciliosa,Wood-Warblers (Parulidae),561885,Phoenix Birder,https://xeno-canto.org/561885,CC BY-NC-SA 4.0,https://creativecommons.org/licenses/by-nc-sa/4.0/,46.0,5.33,25.33,20.0,yes,no,yes,yes,no,NonCommercial license; exclude from paid app unless the recordist grants permission.
317,Crested Auklet,Aethia cristatella,"Auks, Murres, and Puffins (Alcidae)",106006,Ryan P. O&#039;Donnell,https://xeno-canto.org/106006,CC BY-NC-ND 2.5,https://creativecommons.org/licenses/by-nc-nd/2.5/,15.0,0.0,15.0,15.0,yes,no,no,no,no,NonCommercial license; exclude from paid app unless the recordist grants permission.
584,Crested Caracara,Caracara plancus,Caracaras and Falcons (Falconidae),379558,Paul Marvin,https://xeno-canto.org/379558,CC BY-NC-SA 4.0,https://creativecommons.org/licenses/by-nc-sa/4.0/,7.0,0.0,7.0,7.0,yes,no,yes,yes,no,NonCommercial license; exclude from paid app unless the recordist grants permission.
800,Crested Myna (1969-2003),Acridotheres cristatellus,Starlings (Sturnidae),614159,Peter Ward and Ken Hall,https://xeno-canto.org/614159,CC BY-NC-SA 4.0,https://creativecommons.org/licenses/by-nc-sa/4.0/,44.0,4.67,24.67,20.0,yes,no,yes,yes,no,NonCommercial license; exclude from paid app unless the recordist grants permission.
1062,Crimson-collared Grosbeak,Periporphyrus celaeno,"Cardinals, Piranga Tanagers and Allies (Cardinalidae)",304602,MiriamEaglemon,https://xeno-canto.org/304602,CC BY-NC-SA 4.0,https://creativecommons.org/licenses/by-nc-sa/4.0/,18.0,0.0,18.0,18.0,yes,no,yes,yes,no,NonCommercial license; exclude from paid app unless the recordist grants permission.
794,Crissal Thrasher,Toxostoma crissale,Mockingbirds and Thrashers (Mimidae),1080768,Scott Olmstead,https://xeno-canto.org/1080768,CC BY-NC-SA 4.0,https://creativecommons.org/licenses/by-nc-sa/4.0/,104.0,24.67,44.67,20.0,yes,no,yes,yes,no,NonCommercial license; exclude from paid app unless the recordist grants permission.
628,Crowned Slaty Flycatcher,Empidonomus aurantioatrocristatus,Tyrant Flycatchers (Tyrannidae),956673,JAYRSON ARAUJO DE OLIVEIRA,https://xeno-canto.org/956673,CC BY-NC-SA 4.0,https://creativecommons.org/licenses/by-nc-sa/4.0/,55.0,8.33,28.33,20.0,yes,no,yes,yes,no,NonCommercial license; exclude from paid app unless the recordist grants permission.
739,Cuban Martin,Progne cryptoleuca,Swallows (Hirundinidae),631939,Nils Navarro,https://xeno-canto.org/631939,CC BY-NC-SA 4.0,https://creativecommons.org/licenses/by-nc-sa/4.0/,65.0,11.67,31.67,20.0,yes,no,yes,yes,no,NonCommercial license; exclude from paid app unless the recordist grants permission.
644,Cuban Pewee,Contopus caribaeus,Tyrant Flycatchers (Tyrannidae),331780,Andrew Spencer,https://xeno-canto.org/331780,CC BY-NC-ND 4.0,https://creativecommons.org/licenses/by-nc-nd/4.0/,30.0,0.0,20.0,20.0,yes,no,no,no,no,NonCommercial license; exclude from paid app unless the recordist grants permission.
663,Cuban Vireo,Vireo gundlachii,Vireos (Vireonidae),994581,FREDERIC Lionel,https://xeno-canto.org/994581,CC BY-NC-SA 4.0,https://creativecommons.org/licenses/by-nc-sa/4.0/,53.0,7.67,27.67,20.0,yes,no,yes,yes,no,NonCommercial license; exclude from paid app unless the recordist grants permission.
253,Curlew Sandpiper,Calidris ferruginea,"Sandpipers, Phalaropes, and Allies (Scolopacidae)",746671,Paul Kelly,https://xeno-canto.org/746671,CC BY-NC-SA 4.0,https://creativecommons.org/licenses/by-nc-sa/4.0/,22.0,0.0,20.0,20.0,yes,no,yes,yes,no,NonCommercial license; exclude from paid app unless the recordist grants permission.
788,Curve-billed Thrasher,Toxostoma curvirostre,Mockingbirds and Thrashers (Mimidae),1059672,Scott Crabtree,https://xeno-canto.org/1059672,CC BY-NC-SA 4.0,https://creativecommons.org/licenses/by-nc-sa/4.0/,173.0,47.67,67.67,20.0,yes,no,yes,yes,no,NonCommercial license; exclude from paid app unless the recordist grants permission.
136,Dark-billed Cuckoo,Coccyzus melacoryphus,"Cuckoos, Roadrunners, and Anis (Cuculidae)",986623,Franco Vushurovich,https://xeno-canto.org/986623,CC BY-NC-SA 4.0,https://creativecommons.org/licenses/by-nc-sa/4.0/,47.0,5.67,25.67,20.0,yes,no,yes,yes,no,NonCommercial license; exclude from paid app unless the recordist grants permission.
948,Dark-eyed Junco,Junco hyemalis,Towhees and Sparrows (Passerellidae),1105892,Greg Irving,https://xeno-canto.org/1105892,CC BY-NC-SA 4.0,https://creativecommons.org/licenses/by-nc-sa/4.0/,80.0,16.67,36.67,20.0,yes,no,yes,yes,no,NonCommercial license; exclude from paid app unless the recordist grants permission.
835,Dark-sided Flycatcher,Muscicapa sibirica,Old World Flycatchers (Muscicapidae),1067614,Hans Matheve,https://xeno-canto.org/1067614,CC BY-NC-ND 4.0,https://creativecommons.org/licenses/by-nc-nd/4.0/,21.0,0.0,20.0,20.0,yes,no,no,no,no,NonCommercial license; exclude from paid app unless the recordist grants permission.
1074,Dickcissel,Spiza americana,"Cardinals, Piranga Tanagers and Allies (Cardinalidae)",1007619,David A. Brinkman,https://xeno-canto.org/1007619,CC BY-NC-SA 4.0,https://creativecommons.org/licenses/by-nc-sa/4.0/,13.0,0.0,13.0,13.0,yes,no,yes,yes,no,NonCommercial license; exclude from paid app unless the recordist grants permission.
463,Double-crested Cormorant,Nannopterum auritum,Cormorants (Phalacrocoracidae),638603,Bruce Lagerquist,https://xeno-canto.org/638603,CC BY-NC-SA 4.0,https://creativecommons.org/licenses/by-nc-sa/4.0/,12.0,0.0,12.0,12.0,yes,no,yes,yes,no,NonCommercial license; exclude from paid app unless the recordist grants permission.
206,Double-striped Thick-knee,Hesperoburhinus bistriatus,Thick-knees (Burhinidae),295822,Alfonso Auerbach,https://xeno-canto.org/295822,CC BY-NC-SA 4.0,https://creativecommons.org/licenses/by-nc-sa/4.0/,26.0,0.0,20.0,20.0,yes,no,yes,yes,no,NonCommercial license; exclude from paid app unless the recordist grants permission.
498,Double-toothed Kite,Harpagus bidentatus,"Hawks, Kites, Eagles, and Allies (Accipitridae)",421137,Fernando Igor de Godoy,https://xeno-canto.org/421137,CC BY-NC-SA 4.0,https://creativecommons.org/licenses/by-nc-sa/4.0/,52.0,7.33,27.33,20.0,yes,no,yes,yes,no,NonCommercial license; exclude from paid app unless the recordist grants permission.
303,Dovekie,Alle alle,"Auks, Murres, and Puffins (Alcidae)",1003579,Stein Ø. Nilsen,https://xeno-canto.org/1003579,CC BY-NC-SA 4.0,https://creativecommons.org/licenses/by-nc-sa/4.0/,174.0,48.0,68.0,20.0,yes,no,yes,yes,no,NonCommercial license; exclude from paid app unless the recordist grants permission.
572,Downy Woodpecker,Dryobates pubescens,Woodpeckers and Allies (Picidae),567618,Michael Hurben,https://xeno-canto.org/567618,CC BY-NC-SA 4.0,https://creativecommons.org/licenses/by-nc-sa/4.0/,120.0,30.0,50.0,20.0,yes,no,yes,yes,no,NonCommercial license; exclude from paid app unless the recordist grants permission.
259,Dunlin,Calidris alpina,"Sandpipers, Phalaropes, and Allies (Scolopacidae)",1060881,Benjamin Drillat,https://xeno-canto.org/1060881,CC BY-NC-SA 4.0,https://creativecommons.org/licenses/by-nc-sa/4.0/,86.0,18.67,38.67,20.0,yes,no,yes,yes,no,NonCommercial license; exclude from paid app unless the recordist grants permission.
652,Dusky Flycatcher,Empidonax oberholseri,Tyrant Flycatchers (Tyrannidae),939825,Brian Cox,https://xeno-canto.org/939825,CC BY-NC-SA 4.0,https://creativecommons.org/licenses/by-nc-sa/4.0/,29.0,0.0,20.0,20.0,yes,no,yes,yes,no,NonCommercial license; exclude from paid app unless the recordist grants permission.
86,Dusky Grouse,Dendragapus obscurus,"Partridges, Grouse, Turkeys, and Old World Quail (Phasianidae)",437546,Julia Wittmann,https://xeno-canto.org/437546,CC BY-NC-SA 4.0,https://creativecommons.org/licenses/by-nc-sa/4.0/,41.0,3.67,23.67,20.0,yes,no,yes,yes,no,NonCommercial license; exclude from paid app unless the recordist grants permission.
820,Dusky Thrush,Turdus eunomus,Thrushes (Turdidae),884476,Barry Edmonston,https://xeno-canto.org/884476,CC BY-NC-SA 4.0,https://creativecommons.org/licenses/by-nc-sa/4.0/,48.0,6.0,26.0,20.0,yes,no,yes,yes,no,NonCommercial license; exclude from paid app unless the recordist grants permission.
749,Dusky Warbler,Phylloscopus fuscatus,Leaf Warblers (Phylloscopidae),351977,Richard E. Webster,https://xeno-canto.org/351977,CC BY-NC-SA 4.0,https://creativecommons.org/licenses/by-nc-sa/4.0/,94.0,21.33,41.33,20.0,yes,no,yes,yes,no,NonCommercial license; exclude from paid app unless the recordist grants permission.
617,Dusky-capped Flycatcher,Myiarchus tuberculifer,Tyrant Flycatchers (Tyrannidae),778479,Paul Marvin,https://xeno-canto.org/778479,CC BY-NC-SA 4.0,https://creativecommons.org/licenses/by-nc-sa/4.0/,85.0,18.33,38.33,20.0,yes,no,yes,yes,no,NonCommercial license; exclude from paid app unless the recordist grants permission.
106,Eared Grebe,Podiceps nigricollis,Grebes (Podicipedidae),110082,Andrew Spencer,https://xeno-canto.org/110082,CC BY-NC-SA 3.0,https://creativecommons.org/licenses/by-nc-sa/3.0/,81.0,17.0,37.0,20.0,yes,no,yes,yes,no,NonCommercial license; exclude from paid app unless the recordist grants permission.
552,Eared Quetzal,Euptilotis neoxenus,Trogons (Trogonidae),585533,Scott Olmstead,https://xeno-canto.org/585533,CC BY-NC-SA 4.0,https://creativecommons.org/licenses/by-nc-sa/4.0/,23.0,0.0,20.0,20.0,yes,no,yes,yes,no,NonCommercial license; exclude from paid app unless the recordist grants permission.
802,Eastern Bluebird,Sialia sialis,Thrushes (Turdidae),1027243,Jim Berry,https://xeno-canto.org/1027243,CC BY-NC-SA 4.0,https://creativecommons.org/licenses/by-nc-sa/4.0/,143.0,37.67,57.67,20.0,yes,no,yes,yes,no,NonCommercial license; exclude from paid app unless the recordist grants permission.
634,Eastern Kingbird,Tyrannus tyrannus,Tyrant Flycatchers (Tyrannidae),817571,Richard E. Webster,https://xeno-canto.org/817571,CC BY-NC-SA 4.0,https://creativecommons.org/licenses/by-nc-sa/4.0/,107.0,25.67,45.67,20.0,yes,no,yes,yes,no,NonCommercial license; exclude from paid app unless the recordist grants permission.
978,Eastern Meadowlark,Sturnella magna,Blackbirds (Icteridae),1018270,David Liebl,https://xeno-canto.org/1018270,CC BY-NC-SA 4.0,https://creativecommons.org/licenses/by-nc-sa/4.0/,50.0,6.67,26.67,20.0,yes,no,yes,yes,no,NonCommercial license; exclude from paid app unless the recordist grants permission.
657,Eastern Phoebe,Sayornis phoebe,Tyrant Flycatchers (Tyrannidae),1100693,Valerie Heemstra,https://xeno-canto.org/1100693,CC BY-NC-SA 4.0,https://creativecommons.org/licenses/by-nc-sa/4.0/,122.0,30.67,50.67,20.0,yes,no,yes,yes,no,NonCommercial license; exclude from paid app unless the recordist grants permission.
534,Eastern Screech-Owl,Megascops asio,Typical Owls (Strigidae),1071056,Noah Khanti Steinberg,https://xeno-canto.org/1071056,CC BY-NC-SA 4.0,https://creativecommons.org/licenses/by-nc-sa/4.0/,46.0,5.33,25.33,20.0,yes,no,yes,yes,no,NonCommercial license; exclude from paid app unless the recordist grants permission.
36,Eastern Spot-billed Duck,Anas zonorhyncha,"Ducks, Geese, and Swans (Anatidae)",920581,小菜鸟,https://xeno-canto.org/920581,CC BY-NC-SA 4.0,https://creativecommons.org/licenses/by-nc-sa/4.0/,36.0,2.0,22.0,20.0,yes,no,yes,yes,no,NonCommercial license; exclude from paid app unless the recordist grants permission.
973,Eastern Towhee,Pipilo erythrophthalmus,Towhees and Sparrows (Passerellidae),1038305,Bobby Wilcox,https://xeno-canto.org/1038305,CC BY-NC-SA 4.0,https://creativecommons.org/licenses/by-nc-sa/4.0/,15.0,0.0,15.0,15.0,yes,no,yes,yes,no,NonCommercial license; exclude from paid app unless the recordist grants permission.
672,Eastern Warbling-Vireo,Vireo gilvus,Vireos (Vireonidae),1087360,Sue Riffe,https://xeno-canto.org/1087360,CC BY-NC-SA 4.0,https://creativecommons.org/licenses/by-nc-sa/4.0/,99.0,23.0,43.0,20.0,yes,no,yes,yes,no,NonCommercial license; exclude from paid app unless the recordist grants permission.
147,Eastern Whip-poor-will,Antrostomus vociferus,Goatsuckers (Caprimulgidae),1000603,Peter Mundale,https://xeno-canto.org/1000603,CC BY-NC-SA 4.0,https://creativecommons.org/licenses/by-nc-sa/4.0/,24.0,0.0,20.0,20.0,yes,no,yes,yes,no,NonCommercial license; exclude from paid app unless the recordist grants permission.
643,Eastern Wood-Pewee,Contopus virens,Tyrant Flycatchers (Tyrannidae),1035992,Rory Nefdt,https://xeno-canto.org/1035992,CC BY-NC-SA 4.0,https://creativecommons.org/licenses/by-nc-sa/4.0/,28.0,0.0,20.0,20.0,yes,no,yes,yes,no,NonCommercial license; exclude from paid app unless the recordist grants permission.
862,Eastern Yellow Wagtail,Motacilla tschutschensis,Wagtails and Pipits (Motacillidae),141709,Andrew Spencer,https://xeno-canto.org/141709,CC BY-NC-SA 3.0,https://creativecommons.org/licenses/by-nc-sa/3.0/,171.0,47.0,67.0,20.0,yes,no,yes,yes,no,NonCommercial license; exclude from paid app unless the recordist grants permission.
21,Egyptian Goose,Alopochen aegyptiaca,"Ducks, Geese, and Swans (Anatidae)",315549,Paul Marvin,https://xeno-canto.org/315549,CC BY-NC-SA 4.0,https://creativecommons.org/licenses/by-nc-sa/4.0/,110.0,26.67,46.67,20.0,yes,no,yes,yes,no,NonCommercial license; exclude from paid app unless the recordist grants permission.
344,Elegant Tern,Thalasseus elegans,"Gulls, Terns, and Skimmers (Laridae)",435658,Thomas G. Graves,https://xeno-canto.org/435658,CC BY-NC-SA 4.0,https://creativecommons.org/licenses/by-nc-sa/4.0/,50.0,6.67,26.67,20.0,yes,no,yes,yes,no,NonCommercial license; exclude from paid app unless the recordist grants permission.
551,Elegant Trogon,Trogon elegans,Trogons (Trogonidae),1006002,Bud Lensing,https://xeno-canto.org/1006002,CC BY-NC-SA 4.0,https://creativecommons.org/licenses/by-nc-sa/4.0/,21.0,0.0,20.0,20.0,yes,no,yes,yes,no,NonCommercial license; exclude from paid app unless the recordist grants permission.
540,Elf Owl,Micrathene whitneyi,Typical Owls (Strigidae),1000171,David Tattersley,https://xeno-canto.org/1000171,CC BY-NC-SA 4.0,https://creativecommons.org/licenses/by-nc-sa/4.0/,71.0,13.67,33.67,20.0,yes,no,yes,yes,no,NonCommercial license; exclude from paid app unless the recordist grants permission.
3,Emperor Goose,Anser canagicus,"Ducks, Geese, and Swans (Anatidae)",185373,Andrew Spencer,https://xeno-canto.org/185373,CC BY-NC-SA 4.0,https://creativecommons.org/licenses/by-nc-sa/4.0/,12.0,0.0,12.0,12.0,yes,no,yes,yes,no,NonCommercial license; exclude from paid app unless the recordist grants permission.
100,Erckel's Spurfowl (Francolin),Pternistis erckelii,"Partridges, Grouse, Turkeys, and Old World Quail (Phasianidae)",252697,Todd Mark,https://xeno-canto.org/252697,CC BY-NC-SA 4.0,https://creativecommons.org/licenses/by-nc-sa/4.0/,12.0,0.0,12.0,12.0,yes,no,yes,yes,no,NonCommercial license; exclude from paid app unless the recordist grants permission.
553,Eurasian (Common) Hoopoe,Upupa epops,Hoopoes (Upupidae),1100084,Thierry THOMAS,https://xeno-canto.org/1100084,CC BY-NC-SA 4.0,https://creativecommons.org/licenses/by-nc-sa/4.0/,20.0,0.0,20.0,20.0,yes,no,yes,yes,no,NonCommercial license; exclude from paid app unless the recordist grants permission.
199,Eurasian (Common) Moorhen,Gallinula chloropus,"Rails, Gallinules, and Coots (Rallidae)",652678,Maarten Sluijter,https://xeno-canto.org/652678,CC BY-NC-SA 4.0,https://creativecommons.org/licenses/by-nc-sa/4.0/,35.0,1.67,21.67,20.0,yes,no,yes,yes,no,NonCommercial license; exclude from paid app unless the recordist grants permission.
818,Eurasian Blackbird,Turdus merula,Thrushes (Turdidae),1105857,WINDELS Martin,https://xeno-canto.org/1105857,CC BY-NC-SA 4.0,https://creativecommons.org/licenses/by-nc-sa/4.0/,155.0,41.67,61.67,20.0,yes,no,yes,yes,no,NonCommercial license; exclude from paid app unless the recordist grants permission.
895,Eurasian Bullfinch,Pyrrhula pyrrhula,Fringilline and Cardueline Finches and Allies (Fringillidae),1086809,Ulf Elman,https://xeno-canto.org/1086809,CC BY-NC-ND 4.0,https://creativecommons.org/licenses/by-nc-nd/4.0/,126.0,32.0,52.0,20.0,yes,no,no,no,no,NonCommercial license; exclude from paid app unless the recordist grants permission.
126,Eurasian Collared-Dove,Streptopelia decaocto,Pigeons and Doves (Columbidae),936984,Richard E. Webster,https://xeno-canto.org/936984,CC BY-NC-SA 4.0,https://creativecommons.org/licenses/by-nc-sa/4.0/,59.0,9.67,29.67,20.0,yes,no,yes,yes,no,NonCommercial license; exclude from paid app unless the recordist grants permission.
200,Eurasian Coot,Fulica atra,"Rails, Gallinules, and Coots (Rallidae)",841364,Ulf Elman,https://xeno-canto.org/841364,CC BY-NC-ND 4.0,https://creativecommons.org/licenses/by-nc-nd/4.0/,55.0,8.33,28.33,20.0,yes,no,no,no,no,NonCommercial license; exclude from paid app unless the recordist grants permission.
239,Eurasian Curlew,Numenius arquata,"Sandpipers, Phalaropes, and Allies (Scolopacidae)",1085696,Andrew McCafferty,https://xeno-canto.org/1085696,CC BY-NC-SA 4.0,https://creativecommons.org/licenses/by-nc-sa/4.0/,48.0,6.0,26.0,20.0,yes,no,yes,yes,no,NonCommercial license; exclude from paid app unless the recordist grants permission.
217,Eurasian Dotterel,Eudromias morinellus,Lapwings and Plovers (Charadriidae),669010,Stanislas Wroza,https://xeno-canto.org/669010,CC BY-NC-SA 4.0,https://creativecommons.org/licenses/by-nc-sa/4.0/,121.0,30.33,50.33,20.0,yes,no,yes,yes,no,NonCommercial license; exclude from paid app unless the recordist grants permission.
590,Eurasian Hobby,Falco subbuteo,Caracaras and Falcons (Falconidae),1104523,Tomasz Sczansny,https://xeno-canto.org/1104523,CC BY-NC-ND 4.0,https://creativecommons.org/licenses/by-nc-nd/4.0/,66.0,12.0,32.0,20.0,yes,no,no,no,no,NonCommercial license; exclude from paid app unless the recordist grants permission.
698,Eurasian Jackdaw,Coloeus monedula,Jays and Crows (Corvidae),716036,Elias A. Ryberg,https://xeno-canto.org/716036,CC BY-NC-ND 4.0,https://creativecommons.org/licenses/by-nc-nd/4.0/,48.0,6.0,26.0,20.0,yes,no,no,no,no,NonCommercial license; exclude from paid app unless the recordist grants permission.
586,Eurasian Kestrel,Falco tinnunculus,Caracaras and Falcons (Falconidae),1098001,Stanislas Wroza,https://xeno-canto.org/1098001,CC BY-NC-SA 4.0,https://creativecommons.org/licenses/by-nc-sa/4.0/,11.0,0.0,11.0,11.0,yes,no,yes,yes,no,NonCommercial license; exclude from paid app unless the recordist grants permission.
210,Eurasian Oystercatcher,Haematopus ostralegus,Oystercatchers (Haematopodidae),942096,Arjun Dutta,https://xeno-canto.org/942096,CC BY-NC-SA 4.0,https://creativecommons.org/licenses/by-nc-sa/4.0/,25.0,0.0,20.0,20.0,yes,no,yes,yes,no,NonCommercial license; exclude from paid app unless the recordist grants permission.
910,Eurasian Siskin,Spinus spinus,Fringilline and Cardueline Finches and Allies (Fringillidae),1092470,Ulf Elman,https://xeno-canto.org/1092470,CC BY-NC-ND 4.0,https://creativecommons.org/licenses/by-nc-nd/4.0/,151.0,40.33,60.33,20.0,yes,no,no,no,no,NonCommercial license; exclude from paid app unless the recordist grants permission.
717,Eurasian Skylark,Alauda arvensis,Larks (Alaudidae),175235,Dan Lane,https://xeno-canto.org/175235,CC BY-NC-SA 4.0,https://creativecommons.org/licenses/by-nc-sa/4.0/,57.0,9.0,29.0,20.0,yes,no,yes,yes,no,NonCommercial license; exclude from paid app unless the recordist grants permission.
501,Eurasian Sparrowhawk,Accipiter nisus,"Hawks, Kites, Eagles, and Allies (Accipitridae)",721201,Franz Lindinger,https://xeno-canto.org/721201,CC BY-NC-SA 4.0,https://creativecommons.org/licenses/by-nc-sa/4.0/,12.0,0.0,12.0,12.0,yes,no,yes,yes,no,NonCommercial license; exclude from paid app unless the recordist grants permission.
861,Eurasian Tree Sparrow,Passer montanus,Old World Sparrows (Passeridae),717520,Bobby Wilcox,https://xeno-canto.org/717520,CC BY-NC-SA 4.0,https://creativecommons.org/licenses/by-nc-sa/4.0/,104.0,24.67,44.67,20.0,yes,no,yes,yes,no,NonCommercial license; exclude from paid app unless the recordist grants permission.
234,Eurasian Whimbrel (Whimbrel),Numenius phaeopus,"Sandpipers, Phalaropes, and Allies (Scolopacidae)",599310,Thomas G. Graves,https://xeno-canto.org/599310,CC BY-NC-SA 4.0,https://creativecommons.org/licenses/by-nc-sa/4.0/,10.0,0.0,10.0,10.0,yes,no,yes,yes,no,NonCommercial license; exclude from paid app unless the recordist grants permission.
32,Eurasian Wigeon,Mareca penelope,"Ducks, Geese, and Swans (Anatidae)",786074,Paul Driver,https://xeno-canto.org/786074,CC BY-NC-SA 4.0,https://creativecommons.org/licenses/by-nc-sa/4.0/,170.0,46.67,66.67,20.0,yes,no,yes,yes,no,NonCommercial license; exclude from paid app unless the recordist grants permission.
273,Eurasian Woodcock,Scolopax rusticola,"Sandpipers, Phalaropes, and Allies (Scolopacidae)",1105611,Kevin Guille,https://xeno-canto.org/1105611,CC0-1.0,https://creativecommons.org/publicdomain/zero/1.0/,11.0,0.0,11.0,11.0,yes,yes,yes,no,yes,Commercial derivatives allowed with attribution.
558,Eurasian Wryneck,Jynx torquilla,Woodpeckers and Allies (Picidae),1104922,Romuald Mikusek,https://xeno-canto.org/1104922,CC BY-NC-SA 4.0,https://creativecommons.org/licenses/by-nc-sa/4.0/,97.0,22.33,42.33,20.0,yes,no,yes,yes,no,NonCommercial license; exclude from paid app unless the recordist grants permission.
214,European Golden-Plover,Pluvialis apricaria,Lapwings and Plovers (Charadriidae),595513,Nick Komar,https://xeno-canto.org/595513,CC BY-NC-SA 4.0,https://creativecommons.org/licenses/by-nc-sa/4.0/,6.0,0.0,6.0,6.0,yes,no,yes,yes,no,NonCommercial license; exclude from paid app unless the recordist grants permission.
909,European Goldfinch,Carduelis carduelis,Fringilline and Cardueline Finches and Allies (Fringillidae),1105470,Jens Schöller,https://xeno-canto.org/1105470,CC BY-NC-SA 4.0,https://creativecommons.org/licenses/by-nc-sa/4.0/,70.0,13.33,33.33,20.0,yes,no,yes,yes,no,NonCommercial license; exclude from paid app unless the recordist grants permission.
369,European Herring Gull,Larus argentatus,"Gulls, Terns, and Skimmers (Laridae)",929257,Denis Provencher,https://xeno-canto.org/929257,CC BY-NC-SA 4.0,https://creativecommons.org/licenses/by-nc-sa/4.0/,42.0,4.0,24.0,20.0,yes,no,yes,yes,no,NonCommercial license; exclude from paid app unless the recordist grants permission.
836,European Robin,Erithacus rubecula,Old World Flycatchers (Muscicapidae),1105745,Walter Wallner,https://xeno-canto.org/1105745,CC BY-NC-SA 4.0,https://creativecommons.org/licenses/by-nc-sa/4.0/,101.0,23.67,43.67,20.0,yes,no,yes,yes,no,NonCommercial license; exclude from paid app unless the recordist grants permission.
798,European Starling,Sturnus vulgaris,Starlings (Sturnidae),1101346,Manuel Grosselet,https://xeno-canto.org/1101346,CC BY-NC-SA 4.0,https://creativecommons.org/licenses/by-nc-sa/4.0/,48.0,6.0,26.0,20.0,yes,no,yes,yes,no,NonCommercial license; exclude from paid app unless the recordist grants permission.
401,European Storm-Petrel,Hydrobates pelagicus,Northern Storm-Petrels (Hydrobatidae),1019292,David Boyle,https://xeno-canto.org/1019292,CC BY-NC-SA 4.0,https://creativecommons.org/licenses/by-nc-sa/4.0/,30.0,0.0,20.0,20.0,yes,no,yes,yes,no,NonCommercial license; exclude from paid app unless the recordist grants permission.
125,European Turtle-Dove,Streptopelia turtur,Pigeons and Doves (Columbidae),1106032,Jordi Calvet,https://xeno-canto.org/1106032,CC BY-NC-ND 4.0,https://creativecommons.org/licenses/by-nc-nd/4.0/,134.0,34.67,54.67,20.0,yes,no,no,no,no,NonCommercial license; exclude from paid app unless the recordist grants permission.
874,Evening Grosbeak,Coccothraustes vespertinus,Fringilline and Cardueline Finches and Allies (Fringillidae),1096678,Valerie Heemstra,https://xeno-canto.org/1096678,CC BY-NC-SA 4.0,https://creativecommons.org/licenses/by-nc-sa/4.0/,71.0,13.67,33.67,20.0,yes,no,yes,yes,no,NonCommercial license; exclude from paid app unless the recordist grants permission.
819,Eyebrowed Thrush,Turdus obscurus,Thrushes (Turdidae),898038,Zhanyi Lin,https://xeno-canto.org/898038,CC BY-NC-SA 4.0,https://creativecommons.org/licenses/by-nc-sa/4.0/,27.0,0.0,20.0,20.0,yes,no,yes,yes,no,NonCommercial license; exclude from paid app unless the recordist grants permission.
31,Falcated Duck,Mareca falcata,"Ducks, Geese, and Swans (Anatidae)",992584,Bo Shunqi 薄顺奇,https://xeno-canto.org/992584,CC BY-NC-SA 4.0,https://creativecommons.org/licenses/by-nc-sa/4.0/,151.0,40.33,60.33,20.0,yes,no,yes,yes,no,NonCommercial license; exclude from paid app unless the recordist grants permission.
1049,Fan-tailed Warbler,Basileuterus lachrymosus (Euthlypis lachrymosa),Wood-Warblers (Parulidae),803536,Tom Ford-Hutchinson,https://xeno-canto.org/803536,CC BY-NC-SA 4.0,https://creativecommons.org/licenses/by-nc-sa/4.0/,44.0,4.67,24.67,20.0,yes,no,yes,yes,no,NonCommercial license; exclude from paid app unless the recordist grants permission.
237,Far Eastern Curlew,Numenius madagascariensis,"Sandpipers, Phalaropes, and Allies (Scolopacidae)",897544,He Wenjin/文进,https://xeno-canto.org/897544,CC BY-NC-SA 4.0,https://creativecommons.org/licenses/by-nc-sa/4.0/,10.0,0.0,10.0,10.0,yes,no,yes,yes,no,NonCommercial license; exclude from paid app unless the recordist grants permission.
527,Ferruginous Hawk,Buteo regalis,"Hawks, Kites, Eagles, and Allies (Accipitridae)",419204,Paul Marvin,https://xeno-canto.org/419204,CC BY-NC-SA 4.0,https://creativecommons.org/licenses/by-nc-sa/4.0/,108.0,26.0,46.0,20.0,yes,no,yes,yes,no,NonCommercial license; exclude from paid app unless the recordist grants permission.
539,Ferruginous Pygmy-Owl,Glaucidium brasilianum,Typical Owls (Strigidae),368470,Dan Lane,https://xeno-canto.org/368470,CC BY-NC-SA 4.0,https://creativecommons.org/licenses/by-nc-sa/4.0/,100.0,23.33,43.33,20.0,yes,no,yes,yes,no,NonCommercial license; exclude from paid app unless the recordist grants permission.
943,Field Sparrow,Spizella pusilla,Towhees and Sparrows (Passerellidae),1086871,Sue Riffe,https://xeno-canto.org/1086871,CC BY-NC-SA 4.0,https://creativecommons.org/licenses/by-nc-sa/4.0/,56.0,8.67,28.67,20.0,yes,no,yes,yes,no,NonCommercial license; exclude from paid app unless the recordist grants permission.
822,Fieldfare,Turdus pilaris,Thrushes (Turdidae),804831,Uku Paal,https://xeno-canto.org/804831,CC BY-NC-SA 4.0,https://creativecommons.org/licenses/by-nc-sa/4.0/,27.0,0.0,20.0,20.0,yes,no,yes,yes,no,NonCommercial license; exclude from paid app unless the recordist grants permission.
701,Fish Crow,Corvus ossifragus,Jays and Crows (Corvidae),530410,Taylor Sturm,https://xeno-canto.org/530410,CC BY-NC-SA 4.0,https://creativecommons.org/licenses/by-nc-sa/4.0/,87.0,19.0,39.0,20.0,yes,no,yes,yes,no,NonCommercial license; exclude from paid app unless the recordist grants permission.
936,Five-striped Sparrow,Amphispizopsis quinquestriata,Towhees and Sparrows (Passerellidae),805408,Alex Lin-Moore,https://xeno-canto.org/805408,CC BY-NC-SA 4.0,https://creativecommons.org/licenses/by-nc-sa/4.0/,64.0,11.33,31.33,20.0,yes,no,yes,yes,no,NonCommercial license; exclude from paid app unless the recordist grants permission.
1061,Flame-colored Tanager,Piranga bidentata,"Cardinals, Piranga Tanagers and Allies (Cardinalidae)",561878,Phoenix Birder,https://xeno-canto.org/561878,CC BY-NC-SA 4.0,https://creativecommons.org/licenses/by-nc-sa/4.0/,159.0,43.0,63.0,20.0,yes,no,yes,yes,no,NonCommercial license; exclude from paid app unless the recordist grants permission.
531,Flammulated Owl,Psiloscops flammeolus,Typical Owls (Strigidae),321981,Richard E. Webster,https://xeno-canto.org/321981,CC BY-NC-SA 4.0,https://creativecommons.org/licenses/by-nc-sa/4.0/,56.0,8.67,28.67,20.0,yes,no,yes,yes,no,NonCommercial license; exclude from paid app unless the recordist grants permission.
441,Flesh-footed Shearwater,Ardenna carneipes,Shearwaters and Petrels (Procellariidae),794888,Barry Edmonston,https://xeno-canto.org/794888,CC BY-NC-SA 4.0,https://creativecommons.org/licenses/by-nc-sa/4.0/,26.0,0.0,20.0,20.0,yes,no,yes,yes,no,NonCommercial license; exclude from paid app unless the recordist grants permission.
690,Florida Scrub-Jay,Aphelocoma coerulescens,Jays and Crows (Corvidae),316286,Sue Riffe,https://xeno-canto.org/316286,CC BY-NC-SA 4.0,https://creativecommons.org/licenses/by-nc-sa/4.0/,9.0,0.0,9.0,9.0,yes,no,yes,yes,no,NonCommercial license; exclude from paid app unless the recordist grants permission.
638,Fork-tailed Flycatcher,Tyrannus savana,Tyrant Flycatchers (Tyrannidae),1059176,JAYRSON ARAUJO DE OLIVEIRA,https://xeno-canto.org/1059176,CC BY-NC-SA 4.0,https://creativecommons.org/licenses/by-nc-sa/4.0/,90.0,20.0,40.0,20.0,yes,no,yes,yes,no,NonCommercial license; exclude from paid app unless the recordist grants permission.
402,Fork-tailed Storm-Petrel,Hydrobates furcatus,Northern Storm-Petrels (Hydrobatidae),157187,Gwaii Haanas National Park Reserve and Haida Heritage Site seabird research group,https://xeno-canto.org/157187,CC BY-NC-ND 3.0,https://creativecommons.org/licenses/by-nc-nd/3.0/,16.0,0.0,16.0,16.0,yes,no,no,no,no,NonCommercial license; exclude from paid app unless the recordist grants permission.
340,Forster's Tern,Sterna forsteri,"Gulls, Terns, and Skimmers (Laridae)",406598,Bates Estabrooks,https://xeno-canto.org/406598,CC BY-NC-SA 4.0,https://creativecommons.org/licenses/by-nc-sa/4.0/,12.0,0.0,12.0,12.0,yes,no,yes,yes,no,NonCommercial license; exclude from paid app unless the recordist grants permission.
946,Fox Sparrow,Passerella iliaca,Towhees and Sparrows (Passerellidae),1101580,Valerie Heemstra,https://xeno-canto.org/1101580,CC BY-NC-SA 4.0,https://creativecommons.org/licenses/by-nc-sa/4.0/,32.0,0.67,20.67,20.0,yes,no,yes,yes,no,NonCommercial license; exclude from paid app unless the recordist grants permission.
358,Franklin's Gull,Leucophaeus pipixcan,"Gulls, Terns, and Skimmers (Laridae)",877016,Skyler Bol,https://xeno-canto.org/877016,CC BY-NC-SA 4.0,https://creativecommons.org/licenses/by-nc-sa/4.0/,2.0,0.0,2.0,2.0,yes,no,yes,yes,no,NonCommercial license; exclude from paid app unless the recordist grants permission.
2,Fulvous Whistling-Duck,Dendrocygna bicolor,"Ducks, Geese, and Swans (Anatidae)",316535,Jim Holmes,https://xeno-canto.org/316535,CC BY-NC-SA 4.0,https://creativecommons.org/licenses/by-nc-sa/4.0/,20.0,0.0,20.0,20.0,yes,no,yes,yes,no,NonCommercial license; exclude from paid app unless the recordist grants permission.
30,Gadwall,Mareca strepera,"Ducks, Geese, and Swans (Anatidae)",608836,Whitney Neufeld-Kaiser,https://xeno-canto.org/608836,CC BY-NC-SA 4.0,https://creativecommons.org/licenses/by-nc-sa/4.0/,44.0,4.67,24.67,20.0,yes,no,yes,yes,no,NonCommercial license; exclude from paid app unless the recordist grants permission.
76,Gambel's Quail,Callipepla gambelii,New World Quail (Odontophoridae),840298,Peter Ward,https://xeno-canto.org/840298,CC BY-NC-SA 4.0,https://creativecommons.org/licenses/by-nc-sa/4.0/,114.0,28.0,48.0,20.0,yes,no,yes,yes,no,NonCommercial license; exclude from paid app unless the recordist grants permission.
26,Garganey,Spatula querquedula,"Ducks, Geese, and Swans (Anatidae)",993449,Albert Lastukhin,https://xeno-canto.org/993449,CC BY-NC-ND 4.0,https://creativecommons.org/licenses/by-nc-nd/4.0/,31.0,0.33,20.33,20.0,yes,no,no,no,no,NonCommercial license; exclude from paid app unless the recordist grants permission.
562,Gila Woodpecker,Melanerpes uropygialis,Woodpeckers and Allies (Picidae),878013,Scott Olmstead,https://xeno-canto.org/878013,CC BY-NC-SA 4.0,https://creativecommons.org/licenses/by-nc-sa/4.0/,36.0,2.0,22.0,20.0,yes,no,yes,yes,no,NonCommercial license; exclude from paid app unless the recordist grants permission.
580,Gilded Flicker,Colaptes chrysoides,Woodpeckers and Allies (Picidae),622425,Scott Crabtree,https://xeno-canto.org/622425,CC BY-NC-SA 4.0,https://creativecommons.org/licenses/by-nc-sa/4.0/,40.0,3.33,23.33,20.0,yes,no,yes,yes,no,NonCommercial license; exclude from paid app unless the recordist grants permission.
377,Glaucous Gull,Larus hyperboreus,"Gulls, Terns, and Skimmers (Laridae)",406443,Patrik Åberg,https://xeno-canto.org/406443,CC BY-NC-SA 4.0,https://creativecommons.org/licenses/by-nc-sa/4.0/,26.0,0.0,20.0,20.0,yes,no,yes,yes,no,NonCommercial license; exclude from paid app unless the recordist grants permission.
376,Glaucous-winged Gull,Larus glaucescens,"Gulls, Terns, and Skimmers (Laridae)",826914,Yoann Blanchon,https://xeno-canto.org/826914,CC BY-NC-SA 4.0,https://creativecommons.org/licenses/by-nc-sa/4.0/,56.0,8.67,28.67,20.0,yes,no,yes,yes,no,NonCommercial license; exclude from paid app unless the recordist grants permission.
467,Glossy Ibis,Plegadis falcinellus,Ibises and Spoonbills (Threskiornithidae),395487,Paul Marvin,https://xeno-canto.org/395487,CC BY-NC-SA 4.0,https://creativecommons.org/licenses/by-nc-sa/4.0/,30.0,0.0,20.0,20.0,yes,no,yes,yes,no,NonCommercial license; exclude from paid app unless the recordist grants permission.
497,Golden Eagle,Aquila chrysaetos,"Hawks, Kites, Eagles, and Allies (Accipitridae)",940175,Seth Beaudreault (Toolik Field Station),https://xeno-canto.org/940175,CC BY-NC-SA 4.0,https://creativecommons.org/licenses/by-nc-sa/4.0/,10.0,0.0,10.0,10.0,yes,no,yes,yes,no,NonCommercial license; exclude from paid app unless the recordist grants permission.
1047,Golden-cheeked Warbler,Setophaga chrysoparia,Wood-Warblers (Parulidae),899369,Jeffrey Mann,https://xeno-canto.org/899369,CC BY-NC-SA 4.0,https://creativecommons.org/licenses/by-nc-sa/4.0/,42.0,4.0,24.0,20.0,yes,no,yes,yes,no,NonCommercial license; exclude from paid app unless the recordist grants permission.
761,Golden-crowned Kinglet,Regulus satrapa,Kinglets (Regulidae),1100995,Greg Irving,https://xeno-canto.org/1100995,CC BY-NC-SA 4.0,https://creativecommons.org/licenses/by-nc-sa/4.0/,21.0,0.0,20.0,20.0,yes,no,yes,yes,no,NonCommercial license; exclude from paid app unless the recordist grants permission.
951,Golden-crowned Sparrow,Zonotrichia atricapilla,Towhees and Sparrows (Passerellidae),1068843,Benjamin Drillat,https://xeno-canto.org/1068843,CC BY-NC-SA 4.0,https://creativecommons.org/licenses/by-nc-sa/4.0/,51.0,7.0,27.0,20.0,yes,no,yes,yes,no,NonCommercial license; exclude from paid app unless the recordist grants permission.
1051,Golden-crowned Warbler,Basileuterus culicivorus,Wood-Warblers (Parulidae),302317,Dan Lane,https://xeno-canto.org/302317,CC BY-NC-SA 4.0,https://creativecommons.org/licenses/by-nc-sa/4.0/,30.0,0.0,20.0,20.0,yes,no,yes,yes,no,NonCommercial license; exclude from paid app unless the recordist grants permission.
563,Golden-fronted Woodpecker,Melanerpes aurifrons,Woodpeckers and Allies (Picidae),305372,Paul Marvin,https://xeno-canto.org/305372,CC BY-NC-SA 4.0,https://creativecommons.org/licenses/by-nc-sa/4.0/,12.0,0.0,12.0,12.0,yes,no,yes,yes,no,NonCommercial license; exclude from paid app unless the recordist grants permission.
1006,Golden-winged Warbler,Vermivora chrysoptera,Wood-Warblers (Parulidae),1002742,Sue Riffe,https://xeno-canto.org/1002742,CC BY-NC-SA 4.0,https://creativecommons.org/licenses/by-nc-sa/4.0/,29.0,0.0,20.0,20.0,yes,no,yes,yes,no,NonCommercial license; exclude from paid app unless the recordist grants permission.
1043,Grace's Warbler,Setophaga graciae,Wood-Warblers (Parulidae),1005241,Ryan Douglas,https://xeno-canto.org/1005241,CC BY-SA 4.0,https://creativecommons.org/licenses/by-sa/4.0/,86.0,18.67,38.67,20.0,yes,yes,yes,yes,yes,"Commercial derivatives allowed, but the trimmed clip must remain under the same ShareAlike license."
934,Grasshopper Sparrow,Ammodramus savannarum,Towhees and Sparrows (Passerellidae),1008207,Cin-Ty Lee,https://xeno-canto.org/1008207,CC BY-NC-SA 4.0,https://creativecommons.org/licenses/by-nc-sa/4.0/,42.0,4.0,24.0,20.0,yes,no,yes,yes,no,NonCommercial license; exclude from paid app unless the recordist grants permission.
927,Gray Bunting,Emberiza variabilis,Emberizids (Emberizidae),805925,Vadim Ivushkin ,https://xeno-canto.org/805925,CC BY-NC-SA 4.0,https://creativecommons.org/licenses/by-nc-sa/4.0/,53.0,7.67,27.67,20.0,yes,no,yes,yes,no,NonCommercial license; exclude from paid app unless the recordist grants permission.
787,Gray Catbird,Dumetella carolinensis,Mockingbirds and Thrashers (Mimidae),1036412,Bobby Wilcox,https://xeno-canto.org/1036412,CC BY-NC-SA 4.0,https://creativecommons.org/licenses/by-nc-sa/4.0/,122.0,30.67,50.67,20.0,yes,no,yes,yes,no,NonCommercial license; exclude from paid app unless the recordist grants permission.
651,Gray Flycatcher,Empidonax wrightii,Tyrant Flycatchers (Tyrannidae),554603,Bruce Lagerquist,https://xeno-canto.org/554603,CC BY-NC-SA 4.0,https://creativecommons.org/licenses/by-nc-sa/4.0/,27.0,0.0,20.0,20.0,yes,no,yes,yes,no,NonCommercial license; exclude from paid app unless the recordist grants permission.
95,Gray Francolin,Ortygornis pondicerianus,"Partridges, Grouse, Turkeys, and Old World Quail (Phasianidae)",209510,Ross Gallardy,https://xeno-canto.org/209510,CC BY-NC-SA 4.0,https://creativecommons.org/licenses/by-nc-sa/4.0/,6.0,0.0,6.0,6.0,yes,no,yes,yes,no,NonCommercial license; exclude from paid app unless the recordist grants permission.
356,Gray Gull,Leucophaeus modestus,"Gulls, Terns, and Skimmers (Laridae)",871857,Scott Olmstead,https://xeno-canto.org/871857,CC BY-NC-SA 4.0,https://creativecommons.org/licenses/by-nc-sa/4.0/,22.0,0.0,20.0,20.0,yes,no,yes,yes,no,NonCommercial license; exclude from paid app unless the recordist grants permission.
518,Gray Hawk,Buteo plagiatus,"Hawks, Kites, Eagles, and Allies (Accipitridae)",973016,Richard E. Webster,https://xeno-canto.org/973016,CC BY-NC-SA 4.0,https://creativecommons.org/licenses/by-nc-sa/4.0/,9.0,0.0,9.0,9.0,yes,no,yes,yes,no,NonCommercial license; exclude from paid app unless the recordist grants permission.
488,Gray Heron,Ardea cinerea,"Bitterns, Herons, and Allies (Ardeidae)",96434,Jarek Matusiak,https://xeno-canto.org/96434,CC BY-NC-ND 2.5,https://creativecommons.org/licenses/by-nc-nd/2.5/,43.0,4.33,24.33,20.0,yes,no,no,no,no,NonCommercial license; exclude from paid app unless the recordist grants permission.
635,Gray Kingbird,Tyrannus dominicensis,Tyrant Flycatchers (Tyrannidae),150243,Paul Marvin,https://xeno-canto.org/150243,CC BY-NC-SA 3.0,https://creativecommons.org/licenses/by-nc-sa/3.0/,81.0,17.0,37.0,20.0,yes,no,yes,yes,no,NonCommercial license; exclude from paid app unless the recordist grants permission.
149,Gray Nightjar,Caprimulgus jotaka,Goatsuckers (Caprimulgidae),1067604,Hans Matheve,https://xeno-canto.org/1067604,CC BY-NC-ND 4.0,https://creativecommons.org/licenses/by-nc-nd/4.0/,35.0,1.67,21.67,20.0,yes,no,no,no,no,NonCommercial license; exclude from paid app unless the recordist grants permission.
91,Gray Partridge,Perdix perdix,"Partridges, Grouse, Turkeys, and Old World Quail (Phasianidae)",1068413,Don Profota,https://xeno-canto.org/1068413,CC BY-NC-SA 4.0,https://creativecommons.org/licenses/by-nc-sa/4.0/,4.0,0.0,4.0,4.0,yes,no,yes,yes,no,NonCommercial license; exclude from paid app unless the recordist grants permission.
764,Gray Silky-flycatcher,Ptiliogonys cinereus,Silky-flycatchers (Ptiliogonatidae),695539,Manuel Grosselet,https://xeno-canto.org/695539,CC BY-NC-SA 4.0,https://creativecommons.org/licenses/by-nc-sa/4.0/,32.0,0.67,20.67,20.0,yes,no,yes,yes,no,NonCommercial license; exclude from paid app unless the recordist grants permission.
665,Gray Vireo,Vireo vicinior,Vireos (Vireonidae),915550,Matt Wistrand,https://xeno-canto.org/915550,CC BY-NC-SA 4.0,https://creativecommons.org/licenses/by-nc-sa/4.0/,64.0,11.33,31.33,20.0,yes,no,yes,yes,no,NonCommercial license; exclude from paid app unless the recordist grants permission.
864,Gray Wagtail,Motacilla cinerea,Wagtails and Pipits (Motacillidae),1104425,Thierry THOMAS,https://xeno-canto.org/1104425,CC BY-NC-SA 4.0,https://creativecommons.org/licenses/by-nc-sa/4.0/,21.0,0.0,20.0,20.0,yes,no,yes,yes,no,NonCommercial license; exclude from paid app unless the recordist grants permission.
325,Gray-backed Tern,Onychoprion lunatus,"Gulls, Terns, and Skimmers (Laridae)",766468,Saxony Charlot,https://xeno-canto.org/766468,CC BY-NC-SA 4.0,https://creativecommons.org/licenses/by-nc-sa/4.0/,45.0,5.0,25.0,20.0,yes,no,yes,yes,no,NonCommercial license; exclude from paid app unless the recordist grants permission.
738,Gray-breasted Martin,Progne chalybea,Swallows (Hirundinidae),1105033,Leonardo Ordóñez-Delgado,https://xeno-canto.org/1105033,CC BY-NC-ND 4.0,https://creativecommons.org/licenses/by-nc-nd/4.0/,28.0,0.0,20.0,20.0,yes,no,no,no,no,NonCommercial license; exclude from paid app unless the recordist grants permission.
812,Gray-cheeked Thrush,Catharus minimus,Thrushes (Turdidae),940496,Seth Beaudreault (Toolik Field Station),https://xeno-canto.org/940496,CC BY-NC-SA 4.0,https://creativecommons.org/licenses/by-nc-sa/4.0/,8.0,0.0,8.0,8.0,yes,no,yes,yes,no,NonCommercial license; exclude from paid app unless the recordist grants permission.
611,Gray-collared Becard,Pachyramphus major,"Becards, Tityras, and Allies (Tityridae)",330599,Andrew Spencer,https://xeno-canto.org/330599,CC BY-NC-ND 4.0,https://creativecommons.org/licenses/by-nc-nd/4.0/,61.0,10.33,30.33,20.0,yes,no,no,no,no,NonCommercial license; exclude from paid app unless the recordist grants permission.
897,Gray-crowned Rosy-Finch,Leucosticte tephrocotis,Fringilline and Cardueline Finches and Allies (Fringillidae),1059130,Yoann Blanchon,https://xeno-canto.org/1059130,CC BY-NC-SA 4.0,https://creativecommons.org/licenses/by-nc-sa/4.0/,13.0,0.0,13.0,13.0,yes,no,yes,yes,no,NonCommercial license; exclude from paid app unless the recordist grants permission.
1019,Gray-crowned Yellowthroat,Geothlypis poliocephala,Wood-Warblers (Parulidae),5640,Chris Benesh,https://xeno-canto.org/5640,CC BY-NC-ND 2.5,https://creativecommons.org/licenses/by-nc-nd/2.5/,21.0,0.0,20.0,20.0,yes,no,no,no,no,NonCommercial license; exclude from paid app unless the recordist grants permission.
412,Gray-faced Petrel,Pterodroma gouldi,Shearwaters and Petrels (Procellariidae),799827,Jon Davies,https://xeno-canto.org/799827,CC BY-NC-SA 4.0,https://creativecommons.org/licenses/by-nc-sa/4.0/,85.0,18.33,38.33,20.0,yes,no,yes,yes,no,NonCommercial license; exclude from paid app unless the recordist grants permission.
711,Gray-headed Chickadee,Poecile cinctus,Chickadees and Titmice (Paridae),1085893,Petter Westberg,https://xeno-canto.org/1085893,CC BY-NC-SA 4.0,https://creativecommons.org/licenses/by-nc-sa/4.0/,21.0,0.0,20.0,20.0,yes,no,yes,yes,no,NonCommercial license; exclude from paid app unless the recordist grants permission.
352,Gray-hooded Gull,Chroicocephalus cirrocephalus,"Gulls, Terns, and Skimmers (Laridae)",757792,Pedro Rinaldi,https://xeno-canto.org/757792,CC BY-NC-SA 4.0,https://creativecommons.org/licenses/by-nc-sa/4.0/,23.0,0.0,20.0,20.0,yes,no,yes,yes,no,NonCommercial license; exclude from paid app unless the recordist grants permission.
832,Gray-streaked Flycatcher,Muscicapa griseisticta,Old World Flycatchers (Muscicapidae),1000556,Ray Tsu 诸仁,https://xeno-canto.org/1000556,CC BY-NC-SA 4.0,https://creativecommons.org/licenses/by-nc-sa/4.0/,6.0,0.0,6.0,6.0,yes,no,yes,yes,no,NonCommercial license; exclude from paid app unless the recordist grants permission.
284,Gray-tailed Tattler,Tringa brevipes,"Sandpipers, Phalaropes, and Allies (Scolopacidae)",106048,Ryan P. O&#039;Donnell,https://xeno-canto.org/106048,CC BY-NC-ND 2.5,https://creativecommons.org/licenses/by-nc-nd/2.5/,9.0,0.0,9.0,9.0,yes,no,no,no,no,NonCommercial license; exclude from paid app unless the recordist grants permission.
6,Graylag Goose,Anser anser,"Ducks, Geese, and Swans (Anatidae)",905324,Franco Vushurovich,https://xeno-canto.org/905324,CC BY-NC-SA 4.0,https://creativecommons.org/licenses/by-nc-sa/4.0/,38.0,2.67,22.67,20.0,yes,no,yes,yes,no,NonCommercial license; exclude from paid app unless the recordist grants permission.
514,Great Black Hawk,Buteogallus urubitinga,"Hawks, Kites, Eagles, and Allies (Accipitridae)",1068419,Frank Lambert,https://xeno-canto.org/1068419,CC BY-NC-ND 4.0,https://creativecommons.org/licenses/by-nc-nd/4.0/,91.0,20.33,40.33,20.0,yes,no,no,no,no,NonCommercial license; exclude from paid app unless the recordist grants permission.
378,Great Black-backed Gull,Larus marinus,"Gulls, Terns, and Skimmers (Laridae)",59510,Ian Davies,https://xeno-canto.org/59510,CC BY-NC-ND 2.5,https://creativecommons.org/licenses/by-nc-nd/2.5/,15.0,0.0,15.0,15.0,yes,no,no,no,no,NonCommercial license; exclude from paid app unless the recordist grants permission.
489,Great Blue Heron,Ardea herodias,"Bitterns, Herons, and Allies (Ardeidae)",1040454,Greg Irving,https://xeno-canto.org/1040454,CC BY-NC-SA 4.0,https://creativecommons.org/licenses/by-nc-sa/4.0/,10.0,0.0,10.0,10.0,yes,no,yes,yes,no,NonCommercial license; exclude from paid app unless the recordist grants permission.
462,Great Cormorant,Phalacrocorax carbo,Cormorants (Phalacrocoracidae),1099018,Bo Shunqi 薄顺奇,https://xeno-canto.org/1099018,CC BY-NC-SA 4.0,https://creativecommons.org/licenses/by-nc-sa/4.0/,154.0,41.33,61.33,20.0,yes,no,yes,yes,no,NonCommercial license; exclude from paid app unless the recordist grants permission.
620,Great Crested Flycatcher,Myiarchus crinitus,Tyrant Flycatchers (Tyrannidae),1036369,Bobby Wilcox,https://xeno-canto.org/1036369,CC BY-NC-SA 4.0,https://creativecommons.org/licenses/by-nc-sa/4.0/,103.0,24.33,44.33,20.0,yes,no,yes,yes,no,NonCommercial license; exclude from paid app unless the recordist grants permission.
342,Great Crested Tern,Thalasseus bergii,"Gulls, Terns, and Skimmers (Laridae)",1069487,David Darrell-Lambert,https://xeno-canto.org/1069487,CC BY-NC-SA 4.0,https://creativecommons.org/licenses/by-nc-sa/4.0/,4.0,0.0,4.0,4.0,yes,no,yes,yes,no,NonCommercial license; exclude from paid app unless the recordist grants permission.
486,Great Egret,Ardea alba,"Bitterns, Herons, and Allies (Ardeidae)",1043529,Sue Riffe,https://xeno-canto.org/1043529,CC BY-NC-SA 4.0,https://creativecommons.org/licenses/by-nc-sa/4.0/,13.0,0.0,13.0,13.0,yes,no,yes,yes,no,NonCommercial license; exclude from paid app unless the recordist grants permission.
451,Great Frigatebird,Fregata minor,Frigatebirds (Fregatidae),121644,david m,https://xeno-canto.org/121644,CC BY-NC-ND 3.0,https://creativecommons.org/licenses/by-nc-nd/3.0/,67.0,12.33,32.33,20.0,yes,no,no,no,no,NonCommercial license; exclude from paid app unless the recordist grants permission.
544,Great Gray Owl,Strix nebulosa,Typical Owls (Strigidae),715843,Bruce Lagerquist,https://xeno-canto.org/715843,CC BY-NC-SA 4.0,https://creativecommons.org/licenses/by-nc-sa/4.0/,10.0,0.0,10.0,10.0,yes,no,yes,yes,no,NonCommercial license; exclude from paid app unless the recordist grants permission.
535,Great Horned Owl,Bubo virginianus,Typical Owls (Strigidae),1068409,Don Profota,https://xeno-canto.org/1068409,CC BY-NC-SA 4.0,https://creativecommons.org/licenses/by-nc-sa/4.0/,4.0,0.0,4.0,4.0,yes,no,yes,yes,no,NonCommercial license; exclude from paid app unless the recordist grants permission.
623,Great Kiskadee,Pitangus sulphuratus,Tyrant Flycatchers (Tyrannidae),736417,Timothy Marquardt,https://xeno-canto.org/736417,CC BY-NC-SA 4.0,https://creativecommons.org/licenses/by-nc-sa/4.0/,136.0,35.33,55.33,20.0,yes,no,yes,yes,no,NonCommercial license; exclude from paid app unless the recordist grants permission.
246,Great Knot,Calidris tenuirostris,"Sandpipers, Phalaropes, and Allies (Scolopacidae)",396375,Christian A. Jensen,https://xeno-canto.org/396375,CC BY-NC-SA 4.0,https://creativecommons.org/licenses/by-nc-sa/4.0/,15.0,0.0,15.0,15.0,yes,no,yes,yes,no,NonCommercial license; exclude from paid app unless the recordist grants permission.
439,Great Shearwater,Ardenna gravis,Shearwaters and Petrels (Procellariidae),845146,Daniel Parker,https://xeno-canto.org/845146,CC BY-NC-SA 4.0,https://creativecommons.org/licenses/by-nc-sa/4.0/,7.0,0.0,7.0,7.0,yes,no,yes,yes,no,NonCommercial license; exclude from paid app unless the recordist grants permission.
298,Great Skua,Stercorarius skua,Skuas and Jaegers (Stercorariidae),432779,Stanislas Wroza,https://xeno-canto.org/432779,CC BY-NC-SA 4.0,https://creativecommons.org/licenses/by-nc-sa/4.0/,5.0,0.0,5.0,5.0,yes,no,yes,yes,no,NonCommercial license; exclude from paid app unless the recordist grants permission.
571,Great Spotted Woodpecker,Dendrocopos major,Woodpeckers and Allies (Picidae),1061195,David Darrell-Lambert,https://xeno-canto.org/1061195,CC BY-NC-SA 4.0,https://creativecommons.org/licenses/by-nc-sa/4.0/,49.0,6.33,26.33,20.0,yes,no,yes,yes,no,NonCommercial license; exclude from paid app unless the recordist grants permission.
1001,Great-tailed Grackle,Quiscalus mexicanus,Blackbirds (Icteridae),1101340,Manuel Grosselet,https://xeno-canto.org/1101340,CC BY-NC-SA 4.0,https://creativecommons.org/licenses/by-nc-sa/4.0/,67.0,12.33,32.33,20.0,yes,no,yes,yes,no,NonCommercial license; exclude from paid app unless the recordist grants permission.
759,Greater Necklaced Laughingthrush,Pterorhinus pectoralis,Laughingthrushes (Leiothrichidae),804132,Greg Irving,https://xeno-canto.org/804132,CC BY-NC-SA 4.0,https://creativecommons.org/licenses/by-nc-sa/4.0/,36.0,2.0,22.0,20.0,yes,no,yes,yes,no,NonCommercial license; exclude from paid app unless the recordist grants permission.
641,Greater Pewee,Contopus pertinax,Tyrant Flycatchers (Tyrannidae),373927,Scott Olmstead,https://xeno-canto.org/373927,CC BY-NC-SA 4.0,https://creativecommons.org/licenses/by-nc-sa/4.0/,44.0,4.67,24.67,20.0,yes,no,yes,yes,no,NonCommercial license; exclude from paid app unless the recordist grants permission.
89,Greater Prairie-Chicken,Tympanuchus cupido,"Partridges, Grouse, Turkeys, and Old World Quail (Phasianidae)",1086032,Sue Riffe,https://xeno-canto.org/1086032,CC BY-NC-SA 4.0,https://creativecommons.org/licenses/by-nc-sa/4.0/,166.0,45.33,65.33,20.0,yes,no,yes,yes,no,NonCommercial license; exclude from paid app unless the recordist grants permission.
133,Greater Roadrunner,Geococcyx californianus,"Cuckoos, Roadrunners, and Anis (Cuculidae)",884929,Mark McClelland,https://xeno-canto.org/884929,CC BY-NC-SA 4.0,https://creativecommons.org/licenses/by-nc-sa/4.0/,8.0,0.0,8.0,8.0,yes,no,yes,yes,no,NonCommercial license; exclude from paid app unless the recordist grants permission.
84,Greater Sage-Grouse,Centrocercus urophasianus,"Partridges, Grouse, Turkeys, and Old World Quail (Phasianidae)",368675,Sue Riffe,https://xeno-canto.org/368675,CC BY-NC-SA 4.0,https://creativecommons.org/licenses/by-nc-sa/4.0/,145.0,38.33,58.33,20.0,yes,no,yes,yes,no,NonCommercial license; exclude from paid app unless the recordist grants permission.
49,Greater Scaup,Aythya marila,"Ducks, Geese, and Swans (Anatidae)",142583,Andrew Spencer,https://xeno-canto.org/142583,CC BY-NC-SA 3.0,https://creativecommons.org/licenses/by-nc-sa/3.0/,11.0,0.0,11.0,11.0,yes,no,yes,yes,no,NonCommercial license; exclude from paid app unless the recordist grants permission.
7,Greater White-fronted Goose,Anser albifrons,"Ducks, Geese, and Swans (Anatidae)",1060877,Benjamin Drillat,https://xeno-canto.org/1060877,CC BY-NC-SA 4.0,https://creativecommons.org/licenses/by-nc-sa/4.0/,98.0,22.67,42.67,20.0,yes,no,yes,yes,no,NonCommercial license; exclude from paid app unless the recordist grants permission.
290,Greater Yellowlegs,Tringa melanoleuca,"Sandpipers, Phalaropes, and Allies (Scolopacidae)",408113,Paul Marvin,https://xeno-canto.org/408113,CC BY-NC-SA 4.0,https://creativecommons.org/licenses/by-nc-sa/4.0/,10.0,0.0,10.0,10.0,yes,no,yes,yes,no,NonCommercial license; exclude from paid app unless the recordist grants permission.
484,Green Heron,Butorides virescens,"Bitterns, Herons, and Allies (Ardeidae)",736756,Valerie Heemstra,https://xeno-canto.org/736756,CC BY-NC-SA 4.0,https://creativecommons.org/licenses/by-nc-sa/4.0/,42.0,4.0,24.0,20.0,yes,no,yes,yes,no,NonCommercial license; exclude from paid app unless the recordist grants permission.
686,Green Jay,Cyanocorax yncas,Jays and Crows (Corvidae),902363,Joselyn Durán Jiménez,https://xeno-canto.org/902363,CC BY-NC 4.0,https://creativecommons.org/licenses/by-nc/4.0/,81.0,17.0,37.0,20.0,yes,no,yes,no,no,NonCommercial license; exclude from paid app unless the recordist grants permission.
557,Green Kingfisher,Chloroceryle americana,Kingfishers (Alcedinidae),894294,Richard E. Webster,https://xeno-canto.org/894294,CC BY-NC-SA 4.0,https://creativecommons.org/licenses/by-nc-sa/4.0/,137.0,35.67,55.67,20.0,yes,no,yes,yes,no,NonCommercial license; exclude from paid app unless the recordist grants permission.
599,Green Parakeet,Psittacara holochlorus,"Parakeets, Macaws, Amazons, and Parrots (Psittacidae)",277743,Paul Marvin,https://xeno-canto.org/277743,CC BY-NC-SA 4.0,https://creativecommons.org/licenses/by-nc-sa/4.0/,107.0,25.67,45.67,20.0,yes,no,yes,yes,no,NonCommercial license; exclude from paid app unless the recordist grants permission.
282,Green Sandpiper,Tringa ochropus,"Sandpipers, Phalaropes, and Allies (Scolopacidae)",1105608,Lars Edenius,https://xeno-canto.org/1105608,CC BY-NC-SA 4.0,https://creativecommons.org/licenses/by-nc-sa/4.0/,67.0,12.33,32.33,20.0,yes,no,yes,yes,no,NonCommercial license; exclude from paid app unless the recordist grants permission.
160,Green-breasted Mango,Anthracothorax prevostii,Hummingbirds (Trochilidae),411356,Frank Lambert,https://xeno-canto.org/411356,CC BY-NC-ND 4.0,https://creativecommons.org/licenses/by-nc-nd/4.0/,11.0,0.0,11.0,11.0,yes,no,no,no,no,NonCommercial license; exclude from paid app unless the recordist grants permission.
971,Green-tailed Towhee,Pipilo chlorurus,Towhees and Sparrows (Passerellidae),988919,Scott Crabtree,https://xeno-canto.org/988919,CC BY-NC-SA 4.0,https://creativecommons.org/licenses/by-nc-sa/4.0/,110.0,26.67,46.67,20.0,yes,no,yes,yes,no,NonCommercial license; exclude from paid app unless the recordist grants permission.
43,Green-winged Teal,Anas crecca,"Ducks, Geese, and Swans (Anatidae)",107298,Ryan P. O&#039;Donnell,https://xeno-canto.org/107298,CC BY-NC-ND 2.5,https://creativecommons.org/licenses/by-nc-nd/2.5/,15.0,0.0,15.0,15.0,yes,no,no,no,no,NonCommercial license; exclude from paid app unless the recordist grants permission.
614,Greenish Elaenia,Myiopagis viridicata,Tyrant Flycatchers (Tyrannidae),1078094,Marcos E. Sosa,https://xeno-canto.org/1078094,CC BY-NC-SA 4.0,https://creativecommons.org/licenses/by-nc-sa/4.0/,7.0,0.0,7.0,7.0,yes,no,yes,yes,no,NonCommercial license; exclude from paid app unless the recordist grants permission.
132,Groove-billed Ani,Crotophaga sulcirostris,"Cuckoos, Roadrunners, and Anis (Cuculidae)",285278,Paul Marvin,https://xeno-canto.org/285278,CC BY-NC-SA 4.0,https://creativecommons.org/licenses/by-nc-sa/4.0/,14.0,0.0,14.0,14.0,yes,no,yes,yes,no,NonCommercial license; exclude from paid app unless the recordist grants permission.
331,Gull-billed Tern,Gelochelidon nilotica,"Gulls, Terns, and Skimmers (Laridae)",7148,Robin Carter,https://xeno-canto.org/7148,CC BY-NC-ND 2.5,https://creativecommons.org/licenses/by-nc-nd/2.5/,16.0,0.0,16.0,16.0,yes,no,no,no,no,NonCommercial license; exclude from paid app unless the recordist grants permission.
85,Gunnison Sage-Grouse,Centrocercus minimus,"Partridges, Grouse, Turkeys, and Old World Quail (Phasianidae)",264177,Andrew Spencer,https://xeno-canto.org/264177,CC BY-NC-SA 4.0,https://creativecommons.org/licenses/by-nc-sa/4.0/,20.0,0.0,20.0,20.0,yes,no,yes,yes,no,NonCommercial license; exclude from paid app unless the recordist grants permission.
593,Gyrfalcon,Falco rusticolus,Caracaras and Falcons (Falconidae),353511,Frank Lambert,https://xeno-canto.org/353511,CC BY-NC-ND 4.0,https://creativecommons.org/licenses/by-nc-nd/4.0/,70.0,13.33,33.33,20.0,yes,no,no,no,no,NonCommercial license; exclude from paid app unless the recordist grants permission.
576,Hairy Woodpecker,Dryobates villosus,Woodpeckers and Allies (Picidae),494249,Phoenix Birder,https://xeno-canto.org/494249,CC BY-NC-SA 4.0,https://creativecommons.org/licenses/by-nc-sa/4.0/,10.0,0.0,10.0,10.0,yes,no,yes,yes,no,NonCommercial license; exclude from paid app unless the recordist grants permission.
650,Hammond's Flycatcher,Empidonax hammondii,Tyrant Flycatchers (Tyrannidae),1002990,Don Profota,https://xeno-canto.org/1002990,CC BY-NC-SA 4.0,https://creativecommons.org/licenses/by-nc-sa/4.0/,41.0,3.67,23.67,20.0,yes,no,yes,yes,no,NonCommercial license; exclude from paid app unless the recordist grants permission.
55,Harlequin Duck,Histrionicus histrionicus,"Ducks, Geese, and Swans (Anatidae)",351801,Bruce Lagerquist,https://xeno-canto.org/351801,CC BY-NC-SA 4.0,https://creativecommons.org/licenses/by-nc-sa/4.0/,20.0,0.0,20.0,20.0,yes,no,yes,yes,no,NonCommercial license; exclude from paid app unless the recordist grants permission.
516,Harris's Hawk,Parabuteo unicinctus,"Hawks, Kites, Eagles, and Allies (Accipitridae)",1325,Robin Carter,https://xeno-canto.org/1325,CC BY-NC-ND 2.5,https://creativecommons.org/licenses/by-nc-nd/2.5/,30.0,0.0,20.0,20.0,yes,no,no,no,no,NonCommercial license; exclude from paid app unless the recordist grants permission.
952,Harris's Sparrow,Zonotrichia querula,Towhees and Sparrows (Passerellidae),70460,Paul Driver,https://xeno-canto.org/70460,CC BY-NC-ND 2.5,https://creativecommons.org/licenses/by-nc-nd/2.5/,31.0,0.33,20.33,20.0,yes,no,no,no,no,NonCommercial license; exclude from paid app unless the recordist grants permission.
893,Hawaii Akepa,Loxops coccineus,Fringilline and Cardueline Finches and Allies (Fringillidae),794965,Viral joshi,https://xeno-canto.org/794965,CC BY-NC-SA 4.0,https://creativecommons.org/licenses/by-nc-sa/4.0/,50.0,6.67,26.67,20.0,yes,no,yes,yes,no,NonCommercial license; exclude from paid app unless the recordist grants permission.
888,Hawaii Amakihi,Chlorodrepanis virens,Fringilline and Cardueline Finches and Allies (Fringillidae),27323,Daniel Lane,https://xeno-canto.org/27323,CC BY-NC-SA 3.0,https://creativecommons.org/licenses/by-nc-sa/3.0/,56.0,8.67,28.67,20.0,yes,no,yes,yes,no,NonCommercial license; exclude from paid app unless the recordist grants permission.
891,Hawaii Creeper,Loxops mana,Fringilline and Cardueline Finches and Allies (Fringillidae),127667,Brooks Rownd,https://xeno-canto.org/127667,CC BY-NC-SA 3.0,https://creativecommons.org/licenses/by-nc-sa/3.0/,170.0,46.67,66.67,20.0,yes,no,yes,yes,no,NonCommercial license; exclude from paid app unless the recordist grants permission.
679,Hawaii Elepaio,Chasiempis sandwichensis,Monarch Flycatchers (Monarchidae),175246,Dan Lane,https://xeno-canto.org/175246,CC BY-NC-SA 4.0,https://creativecommons.org/licenses/by-nc-sa/4.0/,145.0,38.33,58.33,20.0,yes,no,yes,yes,no,NonCommercial license; exclude from paid app unless the recordist grants permission.
201,Hawaiian Coot,Fulica alai,"Rails, Gallinules, and Coots (Rallidae)",342210,Jim Holmes,https://xeno-canto.org/342210,CC BY-NC-SA 4.0,https://creativecommons.org/licenses/by-nc-sa/4.0/,8.0,0.0,8.0,8.0,yes,no,yes,yes,no,NonCommercial license; exclude from paid app unless the recordist grants permission.
35,Hawaiian Duck,Anas wyvilliana,"Ducks, Geese, and Swans (Anatidae)",503261,Phoenix Birder,https://xeno-canto.org/503261,CC BY-NC-SA 4.0,https://creativecommons.org/licenses/by-nc-sa/4.0/,45.0,5.0,25.0,20.0,yes,no,yes,yes,no,NonCommercial license; exclude from paid app unless the recordist grants permission.
16,Hawaiian Goose,Branta sandvicensis,"Ducks, Geese, and Swans (Anatidae)",503262,Phoenix Birder,https://xeno-canto.org/503262,CC BY-NC-SA 4.0,https://creativecommons.org/licenses/by-nc-sa/4.0/,16.0,0.0,16.0,16.0,yes,no,yes,yes,no,NonCommercial license; exclude from paid app unless the recordist grants permission.
521,Hawaiian Hawk,Buteo solitarius,"Hawks, Kites, Eagles, and Allies (Accipitridae)",648121,Naomi,https://xeno-canto.org/648121,CC BY-NC-SA 4.0,https://creativecommons.org/licenses/by-nc-sa/4.0/,5.0,0.0,5.0,5.0,yes,no,yes,yes,no,NonCommercial license; exclude from paid app unless the recordist grants permission.
421,Hawaiian Petrel,Pterodroma sandwichensis,Shearwaters and Petrels (Procellariidae),1051013,Saxony Charlot,https://xeno-canto.org/1051013,CC BY-NC-SA 4.0,https://creativecommons.org/licenses/by-nc-sa/4.0/,59.0,9.67,29.67,20.0,yes,no,yes,yes,no,NonCommercial license; exclude from paid app unless the recordist grants permission.
875,Hawfinch,Coccothraustes coccothraustes,Fringilline and Cardueline Finches and Allies (Fringillidae),1097969,Stanislas Wroza,https://xeno-canto.org/1097969,CC BY-NC-SA 4.0,https://creativecommons.org/licenses/by-nc-sa/4.0/,32.0,0.67,20.67,20.0,yes,no,yes,yes,no,NonCommercial license; exclude from paid app unless the recordist grants permission.
362,Heermann's Gull,Larus heermanni,"Gulls, Terns, and Skimmers (Laridae)",937608,Phoebe Barnes,https://xeno-canto.org/937608,CC BY-NC-SA 4.0,https://creativecommons.org/licenses/by-nc-sa/4.0/,18.0,0.0,18.0,18.0,yes,no,yes,yes,no,NonCommercial license; exclude from paid app unless the recordist grants permission.
503,Hen Harrier,Circus cyaneus,"Hawks, Kites, Eagles, and Allies (Accipitridae)",945791,Jorge Leitão,https://xeno-canto.org/945791,CC BY-NC-SA 4.0,https://creativecommons.org/licenses/by-nc-sa/4.0/,4.0,0.0,4.0,4.0,yes,no,yes,yes,no,NonCommercial license; exclude from paid app unless the recordist grants permission.
962,Henslow's Sparrow,Centronyx henslowii,Towhees and Sparrows (Passerellidae),1002059,Sue Riffe,https://xeno-canto.org/1002059,CC BY-NC-SA 4.0,https://creativecommons.org/licenses/by-nc-sa/4.0/,65.0,11.67,31.67,20.0,yes,no,yes,yes,no,NonCommercial license; exclude from paid app unless the recordist grants permission.
1057,Hepatic Tanager,Piranga flava,"Cardinals, Piranga Tanagers and Allies (Cardinalidae)",272879,Peter Boesman,https://xeno-canto.org/272879,CC BY-NC-ND 4.0,https://creativecommons.org/licenses/by-nc-nd/4.0/,22.0,0.0,20.0,20.0,yes,no,no,no,no,NonCommercial license; exclude from paid app unless the recordist grants permission.
416,Herald Petrel,Pterodroma heraldica,Shearwaters and Petrels (Procellariidae),110904,Matthias Feuersenger,https://xeno-canto.org/110904,CC BY-NC-SA 3.0,https://creativecommons.org/licenses/by-nc-sa/3.0/,18.0,0.0,18.0,18.0,yes,no,yes,yes,no,NonCommercial license; exclude from paid app unless the recordist grants permission.
815,Hermit Thrush,Catharus guttatus,Thrushes (Turdidae),1048898,AUDEVARD Aurélien,https://xeno-canto.org/1048898,CC BY-NC-SA 4.0,https://creativecommons.org/licenses/by-nc-sa/4.0/,41.0,3.67,23.67,20.0,yes,no,yes,yes,no,NonCommercial license; exclude from paid app unless the recordist grants permission.
1046,Hermit Warbler,Setophaga occidentalis,Wood-Warblers (Parulidae),748361,Paul Marvin,https://xeno-canto.org/748361,CC BY-NC-SA 4.0,https://creativecommons.org/licenses/by-nc-sa/4.0/,44.0,4.67,24.67,20.0,yes,no,yes,yes,no,NonCommercial license; exclude from paid app unless the recordist grants permission.
98,Himalayan Snowcock,Tetraogallus himalayensis,"Partridges, Grouse, Turkeys, and Old World Quail (Phasianidae)",255349,Michael Lester,https://xeno-canto.org/255349,CC BY-NC-SA 4.0,https://creativecommons.org/licenses/by-nc-sa/4.0/,16.0,0.0,16.0,16.0,yes,no,yes,yes,no,NonCommercial license; exclude from paid app unless the recordist grants permission.
187,Hooded Crane,Grus monacha,Cranes (Gruidae),718319,Bo Shunqi,https://xeno-canto.org/718319,CC BY-NC-SA 4.0,https://creativecommons.org/licenses/by-nc-sa/4.0/,59.0,9.67,29.67,20.0,yes,no,yes,yes,no,NonCommercial license; exclude from paid app unless the recordist grants permission.
66,Hooded Merganser,Lophodytes cucullatus,"Ducks, Geese, and Swans (Anatidae)",477560,Jonathon Jongsma,https://xeno-canto.org/477560,CC BY-SA 4.0,https://creativecommons.org/licenses/by-sa/4.0/,130.0,33.33,53.33,20.0,yes,yes,yes,yes,yes,"Commercial derivatives allowed, but the trimmed clip must remain under the same ShareAlike license."
982,Hooded Oriole,Icterus cucullatus,Blackbirds (Icteridae),1040263,Richard E. Webster,https://xeno-canto.org/1040263,CC BY-NC-SA 4.0,https://creativecommons.org/licenses/by-nc-sa/4.0/,14.0,0.0,14.0,14.0,yes,no,yes,yes,no,NonCommercial license; exclude from paid app unless the recordist grants permission.
1024,Hooded Warbler,Setophaga citrina,Wood-Warblers (Parulidae),998586,Jim Berry,https://xeno-canto.org/998586,CC BY-NC-SA 4.0,https://creativecommons.org/licenses/by-nc-sa/4.0/,120.0,30.0,50.0,20.0,yes,no,yes,yes,no,NonCommercial license; exclude from paid app unless the recordist grants permission.
494,Hook-billed Kite,Chondrohierax uncinatus,"Hawks, Kites, Eagles, and Allies (Accipitridae)",1012062,Manuel Sánchez-Nivicela,https://xeno-canto.org/1012062,CC BY-NC-ND 4.0,https://creativecommons.org/licenses/by-nc-nd/4.0/,12.0,0.0,12.0,12.0,yes,no,no,no,no,NonCommercial license; exclude from paid app unless the recordist grants permission.
104,Horned Grebe,Podiceps auritus,Grebes (Podicipedidae),103567,Andrew Spencer,https://xeno-canto.org/103567,CC BY-NC-ND 2.5,https://creativecommons.org/licenses/by-nc-nd/2.5/,65.0,11.67,31.67,20.0,yes,no,no,no,no,NonCommercial license; exclude from paid app unless the recordist grants permission.
718,Horned Lark,Eremophila alpestris,Larks (Alaudidae),808118,Paul Marvin,https://xeno-canto.org/808118,CC BY-NC-SA 4.0,https://creativecommons.org/licenses/by-nc-sa/4.0/,145.0,38.33,58.33,20.0,yes,no,yes,yes,no,NonCommercial license; exclude from paid app unless the recordist grants permission.
320,Horned Puffin,Fratercula corniculata,"Auks, Murres, and Puffins (Alcidae)",177513,Andrew Spencer,https://xeno-canto.org/177513,CC BY-NC-SA 4.0,https://creativecommons.org/licenses/by-nc-sa/4.0/,34.0,1.33,21.33,20.0,yes,no,yes,yes,no,NonCommercial license; exclude from paid app unless the recordist grants permission.
900,House Finch,Haemorhous mexicanus,Fringilline and Cardueline Finches and Allies (Fringillidae),1089801,Manuel Grosselet,https://xeno-canto.org/1089801,CC BY-NC-SA 4.0,https://creativecommons.org/licenses/by-nc-sa/4.0/,43.0,4.33,24.33,20.0,yes,no,yes,yes,no,NonCommercial license; exclude from paid app unless the recordist grants permission.
860,House Sparrow,Passer domesticus,Old World Sparrows (Passeridae),975549,Leonardo Ordóñez-Delgado,https://xeno-canto.org/975549,CC BY-NC-ND 4.0,https://creativecommons.org/licenses/by-nc-nd/4.0/,55.0,8.33,28.33,20.0,yes,no,no,no,no,NonCommercial license; exclude from paid app unless the recordist grants permission.
242,Hudsonian Godwit,Limosa haemastica,"Sandpipers, Phalaropes, and Allies (Scolopacidae)",193665,Garrett MacDonald,https://xeno-canto.org/193665,CC BY-NC-SA 4.0,https://creativecommons.org/licenses/by-nc-sa/4.0/,31.0,0.33,20.33,20.0,yes,no,yes,yes,no,NonCommercial license; exclude from paid app unless the recordist grants permission.
233,Hudsonian Whimbrel,Numenius hudsonicus (phaeopus),"Sandpipers, Phalaropes, and Allies (Scolopacidae)",356265,Frank Lambert,https://xeno-canto.org/356265,CC BY-NC-ND 4.0,https://creativecommons.org/licenses/by-nc-nd/4.0/,55.0,8.33,28.33,20.0,yes,no,no,no,no,NonCommercial license; exclude from paid app unless the recordist grants permission.
666,Hutton's Vireo,Vireo huttoni,Vireos (Vireonidae),1090705,Manuel Grosselet,https://xeno-canto.org/1090705,CC BY-NC-SA 4.0,https://creativecommons.org/licenses/by-nc-sa/4.0/,43.0,4.33,24.33,20.0,yes,no,yes,yes,no,NonCommercial license; exclude from paid app unless the recordist grants permission.
373,Iceland Gull,Larus glaucoides,"Gulls, Terns, and Skimmers (Laridae)",838894,Andy Birch,https://xeno-canto.org/838894,CC BY-NC-SA 4.0,https://creativecommons.org/licenses/by-nc-sa/4.0/,11.0,0.0,11.0,11.0,yes,no,yes,yes,no,NonCommercial license; exclude from paid app unless the recordist grants permission.
720,Icterine Warbler,Hippolais icterina,Reed Warblers (Acrocephalidae),1100312,Robert Kopecky,https://xeno-canto.org/1100312,CC BY-NC-SA 4.0,https://creativecommons.org/licenses/by-nc-sa/4.0/,20.0,0.0,20.0,20.0,yes,no,yes,yes,no,NonCommercial license; exclude from paid app unless the recordist grants permission.
884,Iiwi,Drepanis coccinea,Fringilline and Cardueline Finches and Allies (Fringillidae),794970,Viral joshi,https://xeno-canto.org/794970,CC BY-NC-SA 4.0,https://creativecommons.org/licenses/by-nc-sa/4.0/,136.0,35.33,55.33,20.0,yes,no,yes,yes,no,NonCommercial license; exclude from paid app unless the recordist grants permission.
110,Inca Dove,Columbina inca,Pigeons and Doves (Columbidae),1000179,David Tattersley,https://xeno-canto.org/1000179,CC BY-NC-SA 4.0,https://creativecommons.org/licenses/by-nc-sa/4.0/,24.0,0.0,20.0,20.0,yes,no,yes,yes,no,NonCommercial license; exclude from paid app unless the recordist grants permission.
333,Inca Tern,Larosterna inca,"Gulls, Terns, and Skimmers (Laridae)",879636,Cristian Pinto Fernandez,https://xeno-canto.org/879636,CC BY-NC-SA 4.0,https://creativecommons.org/licenses/by-nc-sa/4.0/,18.0,0.0,18.0,18.0,yes,no,yes,yes,no,NonCommercial license; exclude from paid app unless the recordist grants permission.
94,Indian Peafowl,Pavo cristatus,"Partridges, Grouse, Turkeys, and Old World Quail (Phasianidae)",452046,Paul Marvin,https://xeno-canto.org/452046,CC BY-NC-SA 4.0,https://creativecommons.org/licenses/by-nc-sa/4.0/,7.0,0.0,7.0,7.0,yes,no,yes,yes,no,NonCommercial license; exclude from paid app unless the recordist grants permission.
1071,Indigo Bunting,Passerina cyanea,"Cardinals, Piranga Tanagers and Allies (Cardinalidae)",1006771,Rory Nefdt,https://xeno-canto.org/1006771,CC BY-NC-SA 4.0,https://creativecommons.org/licenses/by-nc-sa/4.0/,57.0,9.0,29.0,20.0,yes,no,yes,yes,no,NonCommercial license; exclude from paid app unless the recordist grants permission.
1113,Indigo Bunting,Passerina cyanea,"Cardinals, Piranga Tanagers and Allies (Cardinalidae)",1012606,Stanislas Wroza,https://xeno-canto.org/1012606,CC BY-NC-SA 4.0,https://creativecommons.org/licenses/by-nc-sa/4.0/,42.0,4.0,24.0,20.0,yes,no,yes,yes,no,NonCommercial license; exclude from paid app unless the recordist grants permission.
915,Island Canary,Serinus canaria,Fringilline and Cardueline Finches and Allies (Fringillidae),862229,Percy Ulsamer,https://xeno-canto.org/862229,CC BY-NC-SA 4.0,https://creativecommons.org/licenses/by-nc-sa/4.0/,24.0,0.0,20.0,20.0,yes,no,yes,yes,no,NonCommercial license; exclude from paid app unless the recordist grants permission.
691,Island Scrub-Jay,Aphelocoma insularis,Jays and Crows (Corvidae),614476,Sue Riffe,https://xeno-canto.org/614476,CC BY-NC-SA 4.0,https://creativecommons.org/licenses/by-nc-sa/4.0/,12.0,0.0,12.0,12.0,yes,no,yes,yes,no,NonCommercial license; exclude from paid app unless the recordist grants permission.
349,Ivory Gull,Pagophila eburnea,"Gulls, Terns, and Skimmers (Laridae)",930193,Stein Ø. Nilsen,https://xeno-canto.org/930193,CC BY-NC-SA 4.0,https://creativecommons.org/licenses/by-nc-sa/4.0/,127.0,32.33,52.33,20.0,yes,no,yes,yes,no,NonCommercial license; exclude from paid app unless the recordist grants permission.
582,"Ivory-billed Woodpecker (extinct, 1944)",Campephilus principalis,Woodpeckers and Allies (Picidae),924691,Peter J. Janow,https://xeno-canto.org/924691,CC BY-NC-ND 4.0,https://creativecommons.org/licenses/by-nc-nd/4.0/,40.0,3.33,23.33,20.0,yes,no,no,no,no,NonCommercial license; exclude from paid app unless the recordist grants permission.
448,Jabiru,Jabiru mycteria,Storks (Ciconiidae),645753,JAYRSON ARAUJO DE OLIVEIRA,https://xeno-canto.org/645753,CC BY-NC-SA 4.0,https://creativecommons.org/licenses/by-nc-sa/4.0/,51.0,7.0,27.0,20.0,yes,no,yes,yes,no,NonCommercial license; exclude from paid app unless the recordist grants permission.
272,Jack Snipe,Lymnocryptes minimus,"Sandpipers, Phalaropes, and Allies (Scolopacidae)",1105405,Eetu Paljakka,https://xeno-canto.org/1105405,CC BY-NC-SA 4.0,https://creativecommons.org/licenses/by-nc-sa/4.0/,23.0,0.0,20.0,20.0,yes,no,yes,yes,no,NonCommercial license; exclude from paid app unless the recordist grants permission.
745,Japanese Bush Warbler,Horornis diphone,Bush-Warblers (Cettiidae),27362,Daniel Lane,https://xeno-canto.org/27362,CC BY-NC-SA 3.0,https://creativecommons.org/licenses/by-nc-sa/3.0/,35.0,1.67,21.67,20.0,yes,no,yes,yes,no,NonCommercial license; exclude from paid app unless the recordist grants permission.
420,Juan Fernandez Petrel,Pterodroma externa,Shearwaters and Petrels (Procellariidae),927078,David Boyle,https://xeno-canto.org/927078,CC BY-NC-SA 4.0,https://creativecommons.org/licenses/by-nc-sa/4.0/,36.0,2.0,22.0,20.0,yes,no,yes,yes,no,NonCommercial license; exclude from paid app unless the recordist grants permission.
714,Juniper Titmouse,Baeolophus ridgwayi,Chickadees and Titmice (Paridae),1085548,Sue Riffe,https://xeno-canto.org/1085548,CC BY-NC-SA 4.0,https://creativecommons.org/licenses/by-nc-sa/4.0/,7.0,0.0,7.0,7.0,yes,no,yes,yes,no,NonCommercial license; exclude from paid app unless the recordist grants permission.
93,Kalij Pheasant,Lophura leucomelanos,"Partridges, Grouse, Turkeys, and Old World Quail (Phasianidae)",252695,Todd Mark,https://xeno-canto.org/252695,CC BY-NC-SA 4.0,https://creativecommons.org/licenses/by-nc-sa/4.0/,62.0,10.67,30.67,20.0,yes,no,yes,yes,no,NonCommercial license; exclude from paid app unless the recordist grants permission.
753,Kamchatka Leaf Warbler,Phylloscopus examinandus,Leaf Warblers (Phylloscopidae),1000898,Feather V,https://xeno-canto.org/1000898,CC BY-NC-SA 4.0,https://creativecommons.org/licenses/by-nc-sa/4.0/,15.0,0.0,15.0,15.0,yes,no,yes,yes,no,NonCommercial license; exclude from paid app unless the recordist grants permission.
890,Kauai Amakihi,Chlorodrepanis stejnegeri,Fringilline and Cardueline Finches and Allies (Fringillidae),805487,Melissa Hafting,https://xeno-canto.org/805487,CC BY-NC-SA 4.0,https://creativecommons.org/licenses/by-nc-sa/4.0/,24.0,0.0,20.0,20.0,yes,no,yes,yes,no,NonCommercial license; exclude from paid app unless the recordist grants permission.
677,Kauai Elepaio,Chasiempis sclateri,Monarch Flycatchers (Monarchidae),27337,Daniel Lane,https://xeno-canto.org/27337,CC BY-NC-SA 3.0,https://creativecommons.org/licenses/by-nc-sa/3.0/,170.0,46.67,66.67,20.0,yes,no,yes,yes,no,NonCommercial license; exclude from paid app unless the recordist grants permission.
379,Kelp Gull,Larus dominicanus,"Gulls, Terns, and Skimmers (Laridae)",411828,JAYRSON ARAUJO DE OLIVEIRA,https://xeno-canto.org/411828,CC BY-NC-SA 4.0,https://creativecommons.org/licenses/by-nc-sa/4.0/,14.0,0.0,14.0,14.0,yes,no,yes,yes,no,NonCommercial license; exclude from paid app unless the recordist grants permission.
229,Kentish Plover,Anarhynchus alexandrinus,Lapwings and Plovers (Charadriidae),1097761,Jorge Leitão,https://xeno-canto.org/1097761,CC BY-NC-SA 4.0,https://creativecommons.org/licenses/by-nc-sa/4.0/,1.0,0.0,1.0,1.0,yes,no,yes,yes,no,NonCommercial license; exclude from paid app unless the recordist grants permission.
1022,Kentucky Warbler,Geothlypis formosa,Wood-Warblers (Parulidae),1105836,David A. Brinkman,https://xeno-canto.org/1105836,CC BY-NC-SA 4.0,https://creativecommons.org/licenses/by-nc-sa/4.0/,63.0,11.0,31.0,20.0,yes,no,yes,yes,no,NonCommercial license; exclude from paid app unless the recordist grants permission.
414,Kermadec Petrel,Pterodroma neglecta,Shearwaters and Petrels (Procellariidae),97319,Todd Mark,https://xeno-canto.org/97319,CC BY-NC-ND 2.5,https://creativecommons.org/licenses/by-nc-nd/2.5/,27.0,0.0,20.0,20.0,yes,no,no,no,no,NonCommercial license; exclude from paid app unless the recordist grants permission.
114,Key West Quail-Dove,Geotrygon chrysia,Pigeons and Doves (Columbidae),975345,GABRIEL LEITE,https://xeno-canto.org/975345,CC BY-NC-SA 4.0,https://creativecommons.org/licenses/by-nc-sa/4.0/,92.0,20.67,40.67,20.0,yes,no,yes,yes,no,NonCommercial license; exclude from paid app unless the recordist grants permission.
218,Killdeer,Charadrius vociferus,Lapwings and Plovers (Charadriidae),1040455,Greg Irving,https://xeno-canto.org/1040455,CC BY-NC-SA 4.0,https://creativecommons.org/licenses/by-nc-sa/4.0/,23.0,0.0,20.0,20.0,yes,no,yes,yes,no,NonCommercial license; exclude from paid app unless the recordist grants permission.
53,King Eider,Somateria spectabilis,"Ducks, Geese, and Swans (Anatidae)",141727,Andrew Spencer,https://xeno-canto.org/141727,CC BY-NC-SA 3.0,https://creativecommons.org/licenses/by-nc-sa/3.0/,56.0,8.67,28.67,20.0,yes,no,yes,yes,no,NonCommercial license; exclude from paid app unless the recordist grants permission.
193,King Rail,Rallus elegans,"Rails, Gallinules, and Coots (Rallidae)",895245,John A. Middleton Jr.,https://xeno-canto.org/895245,CC BY-NC-SA 4.0,https://creativecommons.org/licenses/by-nc-sa/4.0/,41.0,3.67,23.67,20.0,yes,no,yes,yes,no,NonCommercial license; exclude from paid app unless the recordist grants permission.
1026,Kirtland's Warbler,Setophaga kirtlandii,Wood-Warblers (Parulidae),1086870,Sue Riffe,https://xeno-canto.org/1086870,CC BY-NC-SA 4.0,https://creativecommons.org/licenses/by-nc-sa/4.0/,43.0,4.33,24.33,20.0,yes,no,yes,yes,no,NonCommercial license; exclude from paid app unless the recordist grants permission.
622,La Sagra's Flycatcher,Myiarchus sagrae,Tyrant Flycatchers (Tyrannidae),167830,Paul Marvin,https://xeno-canto.org/167830,CC BY-NC-SA 3.0,https://creativecommons.org/licenses/by-nc-sa/3.0/,24.0,0.0,20.0,20.0,yes,no,yes,yes,no,NonCommercial license; exclude from paid app unless the recordist grants permission.
574,Ladder-backed Woodpecker,Dryobates scalaris,Woodpeckers and Allies (Picidae),878012,Scott Olmstead,https://xeno-canto.org/878012,CC BY-NC-SA 4.0,https://creativecommons.org/licenses/by-nc-sa/4.0/,5.0,0.0,5.0,5.0,yes,no,yes,yes,no,NonCommercial license; exclude from paid app unless the recordist grants permission.
726,Lanceolated Warbler,Locustella lanceolata,Grassbirds (Locustellidae),1032190,Ding Li Yong,https://xeno-canto.org/1032190,CC BY-NC-ND 4.0,https://creativecommons.org/licenses/by-nc-nd/4.0/,12.0,0.0,12.0,12.0,yes,no,no,no,no,NonCommercial license; exclude from paid app unless the recordist grants permission.
916,Lapland Longspur,Calcarius lapponicus,Longspurs and Snow Buntings (Calcariidae),1045852,AUDEVARD Aurélien,https://xeno-canto.org/1045852,CC BY-NC-SA 4.0,https://creativecommons.org/licenses/by-nc-sa/4.0/,7.0,0.0,7.0,7.0,yes,no,yes,yes,no,NonCommercial license; exclude from paid app unless the recordist grants permission.
330,Large-billed Tern,Phaetusa simplex,"Gulls, Terns, and Skimmers (Laridae)",1008358,Fabrício Grigolin,https://xeno-canto.org/1008358,CC BY-NC-SA 4.0,https://creativecommons.org/licenses/by-nc-sa/4.0/,9.0,0.0,9.0,9.0,yes,no,yes,yes,no,NonCommercial license; exclude from paid app unless the recordist grants permission.
939,Lark Bunting,Calamospiza melanocorys,Towhees and Sparrows (Passerellidae),897610,Thomas G. Graves,https://xeno-canto.org/897610,CC BY-NC-SA 4.0,https://creativecommons.org/licenses/by-nc-sa/4.0/,133.0,34.33,54.33,20.0,yes,no,yes,yes,no,NonCommercial license; exclude from paid app unless the recordist grants permission.
938,Lark Sparrow,Chondestes grammacus,Towhees and Sparrows (Passerellidae),1103030,Ed Pandolfino,https://xeno-canto.org/1103030,CC BY-NC-SA 4.0,https://creativecommons.org/licenses/by-nc-sa/4.0/,5.0,0.0,5.0,5.0,yes,no,yes,yes,no,NonCommercial license; exclude from paid app unless the recordist grants permission.
357,Laughing Gull,Leucophaeus atricilla,"Gulls, Terns, and Skimmers (Laridae)",1154,Don Jones,https://xeno-canto.org/1154,CC BY-NC-ND 2.5,https://creativecommons.org/licenses/by-nc-nd/2.5/,4.0,0.0,4.0,4.0,yes,no,no,no,no,NonCommercial license; exclude from paid app unless the recordist grants permission.
857,Lavender Waxbill,Glaucestrilda caerulescens,Waxbills (Estrildidae),1041834,Romuald Mikusek,https://xeno-canto.org/1041834,CC BY-NC-SA 4.0,https://creativecommons.org/licenses/by-nc-sa/4.0/,7.0,0.0,7.0,7.0,yes,no,yes,yes,no,NonCommercial license; exclude from paid app unless the recordist grants permission.
913,Lawrence's Goldfinch,Spinus lawrencei,Fringilline and Cardueline Finches and Allies (Fringillidae),789569,Paul Marvin,https://xeno-canto.org/789569,CC BY-NC-SA 4.0,https://creativecommons.org/licenses/by-nc-sa/4.0/,100.0,23.33,43.33,20.0,yes,no,yes,yes,no,NonCommercial license; exclude from paid app unless the recordist grants permission.
395,Laysan Albatross,Phoebastria immutabilis,Albatrosses (Diomedeidae),862230,Percy Ulsamer,https://xeno-canto.org/862230,CC BY-NC-SA 4.0,https://creativecommons.org/licenses/by-nc-sa/4.0/,57.0,9.0,29.0,20.0,yes,no,yes,yes,no,NonCommercial license; exclude from paid app unless the recordist grants permission.
34,Laysan Duck,Anas laysanensis,"Ducks, Geese, and Swans (Anatidae)",862236,Percy Ulsamer,https://xeno-canto.org/862236,CC BY-NC-SA 4.0,https://creativecommons.org/licenses/by-nc-sa/4.0/,119.0,29.67,49.67,20.0,yes,no,yes,yes,no,NonCommercial license; exclude from paid app unless the recordist grants permission.
1070,Lazuli Bunting,Passerina amoena,"Cardinals, Piranga Tanagers and Allies (Cardinalidae)",1103031,Ed Pandolfino,https://xeno-canto.org/1103031,CC BY-NC-SA 4.0,https://creativecommons.org/licenses/by-nc-sa/4.0/,123.0,31.0,51.0,20.0,yes,no,yes,yes,no,NonCommercial license; exclude from paid app unless the recordist grants permission.
405,Leach's Storm-Petrel,Hydrobates leucorhous,Northern Storm-Petrels (Hydrobatidae),1028088,James Spencer,https://xeno-canto.org/1028088,CC BY-NC-SA 4.0,https://creativecommons.org/licenses/by-nc-sa/4.0/,3.0,0.0,3.0,3.0,yes,no,yes,yes,no,NonCommercial license; exclude from paid app unless the recordist grants permission.
315,Least Auklet,Aethia pusilla,"Auks, Murres, and Puffins (Alcidae)",416069,Steve Hampton,https://xeno-canto.org/416069,CC BY-NC-SA 4.0,https://creativecommons.org/licenses/by-nc-sa/4.0/,10.0,0.0,10.0,10.0,yes,no,yes,yes,no,NonCommercial license; exclude from paid app unless the recordist grants permission.
473,Least Bittern,Botaurus exilis,"Bitterns, Herons, and Allies (Ardeidae)",647082,John A. Middleton Jr.,https://xeno-canto.org/647082,CC BY-NC-SA 4.0,https://creativecommons.org/licenses/by-nc-sa/4.0/,49.0,6.33,26.33,20.0,yes,no,yes,yes,no,NonCommercial license; exclude from paid app unless the recordist grants permission.
649,Least Flycatcher,Empidonax minimus,Tyrant Flycatchers (Tyrannidae),601505,Christopher McPherson,https://xeno-canto.org/601505,CC BY-NC-SA 4.0,https://creativecommons.org/licenses/by-nc-sa/4.0/,16.0,0.0,16.0,16.0,yes,no,yes,yes,no,NonCommercial license; exclude from paid app unless the recordist grants permission.
102,Least Grebe,Tachybaptus dominicus,Grebes (Podicipedidae),452749,Paul Marvin,https://xeno-canto.org/452749,CC BY-NC-SA 4.0,https://creativecommons.org/licenses/by-nc-sa/4.0/,12.0,0.0,12.0,12.0,yes,no,yes,yes,no,NonCommercial license; exclude from paid app unless the recordist grants permission.
264,Least Sandpiper,Calidris minutilla,"Sandpipers, Phalaropes, and Allies (Scolopacidae)",742129,William Whitehead,https://xeno-canto.org/742129,CC BY-NC-ND 4.0,https://creativecommons.org/licenses/by-nc-nd/4.0/,9.0,0.0,9.0,9.0,yes,no,no,no,no,NonCommercial license; exclude from paid app unless the recordist grants permission.
329,Least Tern,Sternula antillarum,"Gulls, Terns, and Skimmers (Laridae)",558668,William Whitehead,https://xeno-canto.org/558668,CC BY-NC-SA 4.0,https://creativecommons.org/licenses/by-nc-sa/4.0/,28.0,0.0,20.0,20.0,yes,no,yes,yes,no,NonCommercial license; exclude from paid app unless the recordist grants permission.
957,LeConte's Sparrow,Ammospiza leconteii,Towhees and Sparrows (Passerellidae),282767,Paul Marvin,https://xeno-canto.org/282767,CC BY-NC-SA 4.0,https://creativecommons.org/licenses/by-nc-sa/4.0/,172.0,47.33,67.33,20.0,yes,no,yes,yes,no,NonCommercial license; exclude from paid app unless the recordist grants permission.
793,LeConte's Thrasher,Toxostoma lecontei,Mockingbirds and Thrashers (Mimidae),775889,Scott Olmstead,https://xeno-canto.org/775889,CC BY-NC-SA 4.0,https://creativecommons.org/licenses/by-nc-sa/4.0/,108.0,26.0,46.0,20.0,yes,no,yes,yes,no,NonCommercial license; exclude from paid app unless the recordist grants permission.
374,Lesser Black-backed Gull,Larus fuscus,"Gulls, Terns, and Skimmers (Laridae)",691854,William Whitehead,https://xeno-canto.org/691854,CC BY-NC-ND 4.0,https://creativecommons.org/licenses/by-nc-nd/4.0/,2.0,0.0,2.0,2.0,yes,no,no,no,no,NonCommercial license; exclude from paid app unless the recordist grants permission.
912,Lesser Goldfinch,Spinus psaltria,Fringilline and Cardueline Finches and Allies (Fringillidae),1056078,Denis Dujardin,https://xeno-canto.org/1056078,CC BY-NC-SA 4.0,https://creativecommons.org/licenses/by-nc-sa/4.0/,14.0,0.0,14.0,14.0,yes,no,yes,yes,no,NonCommercial license; exclude from paid app unless the recordist grants permission.
140,Lesser Nighthawk,Chordeiles acutipennis,Goatsuckers (Caprimulgidae),1035206,Richard E. Webster,https://xeno-canto.org/1035206,CC BY-NC-SA 4.0,https://creativecommons.org/licenses/by-nc-sa/4.0/,158.0,42.67,62.67,20.0,yes,no,yes,yes,no,NonCommercial license; exclude from paid app unless the recordist grants permission.
90,Lesser Prairie-Chicken,Tympanuchus pallidicinctus,"Partridges, Grouse, Turkeys, and Old World Quail (Phasianidae)",1100913,Matt Wistrand,https://xeno-canto.org/1100913,CC BY-NC-SA 4.0,https://creativecommons.org/licenses/by-nc-sa/4.0/,103.0,24.33,44.33,20.0,yes,no,yes,yes,no,NonCommercial license; exclude from paid app unless the recordist grants permission.
50,Lesser Scaup,Aythya affinis,"Ducks, Geese, and Swans (Anatidae)",574653,Richard E. Webster,https://xeno-canto.org/574653,CC BY-NC-SA 4.0,https://creativecommons.org/licenses/by-nc-sa/4.0/,12.0,0.0,12.0,12.0,yes,no,yes,yes,no,NonCommercial license; exclude from paid app unless the recordist grants permission.
8,Lesser White-fronted Goose,Anser erythropus,"Ducks, Geese, and Swans (Anatidae)",139682,Doug Gochfeld,https://xeno-canto.org/139682,CC BY-NC-ND 3.0,https://creativecommons.org/licenses/by-nc-nd/3.0/,10.0,0.0,10.0,10.0,yes,no,no,no,no,NonCommercial license; exclude from paid app unless the recordist grants permission.
756,Lesser Whitethroat,Curruca curruca,Sylviid Warblers (Sylviidae),1105502,Jens Schöller,https://xeno-canto.org/1105502,CC BY-NC-SA 4.0,https://creativecommons.org/licenses/by-nc-sa/4.0/,39.0,3.0,23.0,20.0,yes,no,yes,yes,no,NonCommercial license; exclude from paid app unless the recordist grants permission.
286,Lesser Yellowlegs,Tringa flavipes,"Sandpipers, Phalaropes, and Allies (Scolopacidae)",1060895,Benjamin Drillat,https://xeno-canto.org/1060895,CC BY-NC-SA 4.0,https://creativecommons.org/licenses/by-nc-sa/4.0/,79.0,16.33,36.33,20.0,yes,no,yes,yes,no,NonCommercial license; exclude from paid app unless the recordist grants permission.
559,Lewis's Woodpecker,Melanerpes lewis,Woodpeckers and Allies (Picidae),786998,Ed Pandolfino,https://xeno-canto.org/786998,CC BY-NC-SA 4.0,https://creativecommons.org/licenses/by-nc-sa/4.0/,48.0,6.0,26.0,20.0,yes,no,yes,yes,no,NonCommercial license; exclude from paid app unless the recordist grants permission.
393,Light-mantled Albatross,Phoebetria palpebrata,Albatrosses (Diomedeidae),863983,Kevin Guille,https://xeno-canto.org/863983,CC BY-NC-SA 4.0,https://creativecommons.org/licenses/by-nc-sa/4.0/,84.0,18.0,38.0,20.0,yes,no,yes,yes,no,NonCommercial license; exclude from paid app unless the recordist grants permission.
606,Lilac-crowned Amazon,Amazona finschi,"Parakeets, Macaws, Amazons, and Parrots (Psittacidae)",622004,Paul Marvin,https://xeno-canto.org/622004,CC BY-NC-SA 4.0,https://creativecommons.org/licenses/by-nc-sa/4.0/,105.0,25.0,45.0,20.0,yes,no,yes,yes,no,NonCommercial license; exclude from paid app unless the recordist grants permission.
184,Limpkin,Aramus guarauna,Limpkins (Aramidae),331321,Sue Riffe,https://xeno-canto.org/331321,CC BY-NC-SA 4.0,https://creativecommons.org/licenses/by-nc-sa/4.0/,17.0,0.0,17.0,17.0,yes,no,yes,yes,no,NonCommercial license; exclude from paid app unless the recordist grants permission.
965,Lincoln's Sparrow,Melospiza lincolnii,Towhees and Sparrows (Passerellidae),1010839,Bill Pyle,https://xeno-canto.org/1010839,CC BY-NC-SA 4.0,https://creativecommons.org/licenses/by-nc-sa/4.0/,172.0,47.33,67.33,20.0,yes,no,yes,yes,no,NonCommercial license; exclude from paid app unless the recordist grants permission.
476,Little Blue Heron,Egretta caerulea,"Bitterns, Herons, and Allies (Ardeidae)",878467,Daniel Parker,https://xeno-canto.org/878467,CC BY-NC-SA 4.0,https://creativecommons.org/licenses/by-nc-sa/4.0/,5.0,0.0,5.0,5.0,yes,no,yes,yes,no,NonCommercial license; exclude from paid app unless the recordist grants permission.
924,Little Bunting,Emberiza pusilla,Emberizids (Emberizidae),1080983,Petter Westberg,https://xeno-canto.org/1080983,CC BY-NC-SA 4.0,https://creativecommons.org/licenses/by-nc-sa/4.0/,20.0,0.0,20.0,20.0,yes,no,yes,yes,no,NonCommercial license; exclude from paid app unless the recordist grants permission.
235,Little Curlew,Numenius minutus,"Sandpipers, Phalaropes, and Allies (Scolopacidae)",792063,Bo Shunqi 薄顺奇,https://xeno-canto.org/792063,CC BY-NC-SA 4.0,https://creativecommons.org/licenses/by-nc-sa/4.0/,25.0,0.0,20.0,20.0,yes,no,yes,yes,no,NonCommercial license; exclude from paid app unless the recordist grants permission.
480,Little Egret,Egretta garzetta,"Bitterns, Herons, and Allies (Ardeidae)",992651,Feather V,https://xeno-canto.org/992651,CC BY-NC-SA 4.0,https://creativecommons.org/licenses/by-nc-sa/4.0/,27.0,0.0,20.0,20.0,yes,no,yes,yes,no,NonCommercial license; exclude from paid app unless the recordist grants permission.
354,Little Gull,Hydrocoloeus minutus,"Gulls, Terns, and Skimmers (Laridae)",325418,Ross Gallardy,https://xeno-canto.org/325418,CC BY-NC-SA 4.0,https://creativecommons.org/licenses/by-nc-sa/4.0/,9.0,0.0,9.0,9.0,yes,no,yes,yes,no,NonCommercial license; exclude from paid app unless the recordist grants permission.
222,Little Ringed Plover,Thinornis dubius,Lapwings and Plovers (Charadriidae),1104881,Romuald Mikusek,https://xeno-canto.org/1104881,CC BY-NC-SA 4.0,https://creativecommons.org/licenses/by-nc-sa/4.0/,54.0,8.0,28.0,20.0,yes,no,yes,yes,no,NonCommercial license; exclude from paid app unless the recordist grants permission.
263,Little Stint,Calidris minuta,"Sandpipers, Phalaropes, and Allies (Scolopacidae)",765701,Stanislas Wroza,https://xeno-canto.org/765701,CC BY-NC-SA 4.0,https://creativecommons.org/licenses/by-nc-sa/4.0/,2.0,0.0,2.0,2.0,yes,no,yes,yes,no,NonCommercial license; exclude from paid app unless the recordist grants permission.
328,Little Tern,Sternula albifrons,"Gulls, Terns, and Skimmers (Laridae)",930812,Paul Lynch,https://xeno-canto.org/930812,CC BY-NC-SA 4.0,https://creativecommons.org/licenses/by-nc-sa/4.0/,149.0,39.67,59.67,20.0,yes,no,yes,yes,no,NonCommercial license; exclude from paid app unless the recordist grants permission.
636,Loggerhead Kingbird,Tyrannus caudifasciatus,Tyrant Flycatchers (Tyrannidae),999409,GABRIEL LEITE,https://xeno-canto.org/999409,CC BY-NC-SA 4.0,https://creativecommons.org/licenses/by-nc-sa/4.0/,7.0,0.0,7.0,7.0,yes,no,yes,yes,no,NonCommercial license; exclude from paid app unless the recordist grants permission.
682,Loggerhead Shrike,Lanius ludovicianus,Shrikes (Laniidae),1000430,David Tattersley,https://xeno-canto.org/1000430,CC BY-NC-SA 4.0,https://creativecommons.org/licenses/by-nc-sa/4.0/,35.0,1.67,21.67,20.0,yes,no,yes,yes,no,NonCommercial license; exclude from paid app unless the recordist grants permission.
236,Long-billed Curlew,Numenius americanus,"Sandpipers, Phalaropes, and Allies (Scolopacidae)",500426,Jacob Saucier,https://xeno-canto.org/500426,CC BY-NC-SA 4.0,https://creativecommons.org/licenses/by-nc-sa/4.0/,21.0,0.0,20.0,20.0,yes,no,yes,yes,no,NonCommercial license; exclude from paid app unless the recordist grants permission.
271,Long-billed Dowitcher,Limnodromus scolopaceus,"Sandpipers, Phalaropes, and Allies (Scolopacidae)",1046346,AUDEVARD Aurélien,https://xeno-canto.org/1046346,CC BY-NC-SA 4.0,https://creativecommons.org/licenses/by-nc-sa/4.0/,7.0,0.0,7.0,7.0,yes,no,yes,yes,no,NonCommercial license; exclude from paid app unless the recordist grants permission.
790,Long-billed Thrasher,Toxostoma longirostre,Mockingbirds and Thrashers (Mimidae),706109,Sue Riffe,https://xeno-canto.org/706109,CC BY-NC-SA 4.0,https://creativecommons.org/licenses/by-nc-sa/4.0/,45.0,5.0,25.0,20.0,yes,no,yes,yes,no,NonCommercial license; exclude from paid app unless the recordist grants permission.
545,Long-eared Owl,Asio otus,Typical Owls (Strigidae),332488,Lance A. M. Benner,https://xeno-canto.org/332488,CC BY-NC-SA 4.0,https://creativecommons.org/licenses/by-nc-sa/4.0/,77.0,15.67,35.67,20.0,yes,no,yes,yes,no,NonCommercial license; exclude from paid app unless the recordist grants permission.
528,Long-legged Buzzard,Buteo rufinus,"Hawks, Kites, Eagles, and Allies (Accipitridae)",1078341,Mischa Keijmel,https://xeno-canto.org/1078341,CC BY-NC-SA 4.0,https://creativecommons.org/licenses/by-nc-sa/4.0/,19.0,0.0,19.0,19.0,yes,no,yes,yes,no,NonCommercial license; exclude from paid app unless the recordist grants permission.
61,Long-tailed Duck,Clangula hyemalis,"Ducks, Geese, and Swans (Anatidae)",406365,Patrik Åberg,https://xeno-canto.org/406365,CC BY-NC-SA 4.0,https://creativecommons.org/licenses/by-nc-sa/4.0/,15.0,0.0,15.0,15.0,yes,no,yes,yes,no,NonCommercial license; exclude from paid app unless the recordist grants permission.
302,Long-tailed Jaeger,Stercorarius longicaudus,Skuas and Jaegers (Stercorariidae),203578,Andrew Spencer,https://xeno-canto.org/203578,CC BY-NC-SA 4.0,https://creativecommons.org/licenses/by-nc-sa/4.0/,47.0,5.67,25.67,20.0,yes,no,yes,yes,no,NonCommercial license; exclude from paid app unless the recordist grants permission.
255,Long-toed Stint,Calidris subminuta,"Sandpipers, Phalaropes, and Allies (Scolopacidae)",840993,Ray Tsu 诸仁,https://xeno-canto.org/840993,CC BY-NC-SA 4.0,https://creativecommons.org/licenses/by-nc-sa/4.0/,11.0,0.0,11.0,11.0,yes,no,yes,yes,no,NonCommercial license; exclude from paid app unless the recordist grants permission.
1004,Louisiana Waterthrush,Parkesia motacilla,Wood-Warblers (Parulidae),1036413,Bobby Wilcox,https://xeno-canto.org/1036413,CC BY-NC-SA 4.0,https://creativecommons.org/licenses/by-nc-sa/4.0/,57.0,9.0,29.0,20.0,yes,no,yes,yes,no,NonCommercial license; exclude from paid app unless the recordist grants permission.
1091,Louisiana Waterthrush,Parkesia motacilla,Wood-Warblers (Parulidae),828223,Richard E. Webster,https://xeno-canto.org/828223,CC BY-NC-SA 4.0,https://creativecommons.org/licenses/by-nc-sa/4.0/,67.0,12.33,32.33,20.0,yes,no,yes,yes,no,NonCommercial license; exclude from paid app unless the recordist grants permission.
165,Lucifer Hummingbird,Calothorax lucifer,Hummingbirds (Trochilidae),297549,Ross Gallardy,https://xeno-canto.org/297549,CC BY-NC-SA 4.0,https://creativecommons.org/licenses/by-nc-sa/4.0/,15.0,0.0,15.0,15.0,yes,no,yes,yes,no,NonCommercial license; exclude from paid app unless the recordist grants permission.
1015,Lucy's Warbler,Leiothlypis luciae,Wood-Warblers (Parulidae),1101964,Scott Crabtree,https://xeno-canto.org/1101964,CC BY-NC-SA 4.0,https://creativecommons.org/licenses/by-nc-sa/4.0/,55.0,8.33,28.33,20.0,yes,no,yes,yes,no,NonCommercial license; exclude from paid app unless the recordist grants permission.
1020,MacGillivray's Warbler,Geothlypis tolmiei,Wood-Warblers (Parulidae),962373,A Richardson,https://xeno-canto.org/962373,CC BY-NC-SA 4.0,https://creativecommons.org/licenses/by-nc-sa/4.0/,2.0,0.0,2.0,2.0,yes,no,yes,yes,no,NonCommercial license; exclude from paid app unless the recordist grants permission.
1098,MacGillivray's Warbler,Geothlypis tolmiei,Wood-Warblers (Parulidae),860390,Molly Jacobson,https://xeno-canto.org/860390,CC BY-NC-SA 4.0,https://creativecommons.org/licenses/by-nc-sa/4.0/,16.0,0.0,16.0,16.0,yes,no,yes,yes,no,NonCommercial license; exclude from paid app unless the recordist grants permission.
450,Magnificent Frigatebird,Fregata magnificens,Frigatebirds (Fregatidae),190199,Leonardo Ordóñez-Delgado,https://xeno-canto.org/190199,CC BY-NC-SA 4.0,https://creativecommons.org/licenses/by-nc-sa/4.0/,152.0,40.67,60.67,20.0,yes,no,yes,yes,no,NonCommercial license; exclude from paid app unless the recordist grants permission.
1031,Magnolia Warbler,Setophaga magnolia,Wood-Warblers (Parulidae),1007638,David A. Brinkman,https://xeno-canto.org/1007638,CC BY-NC-SA 4.0,https://creativecommons.org/licenses/by-nc-sa/4.0/,37.0,2.33,22.33,20.0,yes,no,yes,yes,no,NonCommercial license; exclude from paid app unless the recordist grants permission.
1101,Magnolia Warbler,Setophaga magnolia,Wood-Warblers (Parulidae),1014780,Stanislas Wroza,https://xeno-canto.org/1014780,CC BY-NC-SA 4.0,https://creativecommons.org/licenses/by-nc-sa/4.0/,39.0,3.0,23.0,20.0,yes,no,yes,yes,no,NonCommercial license; exclude from paid app unless the recordist grants permission.
37,Mallard,Anas platyrhynchos,"Ducks, Geese, and Swans (Anatidae)",607324,Richard E. Webster,https://xeno-canto.org/607324,CC BY-NC-SA 4.0,https://creativecommons.org/licenses/by-nc-sa/4.0/,77.0,15.67,35.67,20.0,yes,no,yes,yes,no,NonCommercial license; exclude from paid app unless the recordist grants permission.
138,Mangrove Cuckoo,Coccyzus minor,"Cuckoos, Roadrunners, and Anis (Cuculidae)",456910,Ross Gallardy,https://xeno-canto.org/456910,CC BY-NC-SA 4.0,https://creativecommons.org/licenses/by-nc-sa/4.0/,30.0,0.0,20.0,20.0,yes,no,yes,yes,no,NonCommercial license; exclude from paid app unless the recordist grants permission.
732,Mangrove Swallow,Tachycineta albilinea,Swallows (Hirundinidae),549239,Isain Contreras Rodríguez,https://xeno-canto.org/549239,CC BY-NC-SA 4.0,https://creativecommons.org/licenses/by-nc-sa/4.0/,26.0,0.0,20.0,20.0,yes,no,yes,yes,no,NonCommercial license; exclude from paid app unless the recordist grants permission.
1034,Mangrove Yellow (Yellow) Warbler,Setophaga petechia,Wood-Warblers (Parulidae),307532,Stephanie Bilodeau,https://xeno-canto.org/307532,CC BY-NC-SA 4.0,https://creativecommons.org/licenses/by-nc-sa/4.0/,47.0,5.67,25.67,20.0,yes,no,yes,yes,no,NonCommercial license; exclude from paid app unless the recordist grants permission.
443,Manx Shearwater,Puffinus puffinus,Shearwaters and Petrels (Procellariidae),1023590,David Boyle,https://xeno-canto.org/1023590,CC BY-NC-SA 4.0,https://creativecommons.org/licenses/by-nc-sa/4.0/,13.0,0.0,13.0,13.0,yes,no,yes,yes,no,NonCommercial license; exclude from paid app unless the recordist grants permission.
243,Marbled Godwit,Limosa fedoa,"Sandpipers, Phalaropes, and Allies (Scolopacidae)",877020,Skyler Bol,https://xeno-canto.org/877020,CC BY-NC-SA 4.0,https://creativecommons.org/licenses/by-nc-sa/4.0/,3.0,0.0,3.0,3.0,yes,no,yes,yes,no,NonCommercial license; exclude from paid app unless the recordist grants permission.
309,Marbled Murrelet,Brachyramphus marmoratus,"Auks, Murres, and Puffins (Alcidae)",1069266,Kayla Brown,https://xeno-canto.org/1069266,CC BY-NC-SA 4.0,https://creativecommons.org/licenses/by-nc-sa/4.0/,10.0,0.0,10.0,10.0,yes,no,yes,yes,no,NonCommercial license; exclude from paid app unless the recordist grants permission.
293,Marsh Sandpiper,Tringa stagnatilis,"Sandpipers, Phalaropes, and Allies (Scolopacidae)",915491,Lars Edenius,https://xeno-canto.org/915491,CC BY-NC-SA 4.0,https://creativecommons.org/licenses/by-nc-sa/4.0/,27.0,0.0,20.0,20.0,yes,no,yes,yes,no,NonCommercial license; exclude from paid app unless the recordist grants permission.
785,Marsh Wren,Cistothorus palustris,Wrens (Troglodytidae),1034305,Rory Nefdt,https://xeno-canto.org/1034305,CC BY-NC-SA 4.0,https://creativecommons.org/licenses/by-nc-sa/4.0/,44.0,4.67,24.67,20.0,yes,no,yes,yes,no,NonCommercial license; exclude from paid app unless the recordist grants permission.
452,Masked Booby,Sula dactylatra,Boobies and Gannets (Sulidae),431821,Eric S. J. Tan,https://xeno-canto.org/431821,CC BY-NC-SA 4.0,https://creativecommons.org/licenses/by-nc-sa/4.0/,7.0,0.0,7.0,7.0,yes,no,yes,yes,no,NonCommercial license; exclude from paid app unless the recordist grants permission.
69,Masked Duck,Nomonyx dominicus,"Ducks, Geese, and Swans (Anatidae)",770310,Fernando Igor de Godoy,https://xeno-canto.org/770310,CC BY-NC-SA 4.0,https://creativecommons.org/licenses/by-nc-sa/4.0/,18.0,0.0,18.0,18.0,yes,no,yes,yes,no,NonCommercial license; exclude from paid app unless the recordist grants permission.
610,Masked Tityra,Tityra semifasciata,"Becards, Tityras, and Allies (Tityridae)",953346,Ricardo José Mitidieri,https://xeno-canto.org/953346,CC BY-NC-SA 4.0,https://creativecommons.org/licenses/by-nc-sa/4.0/,13.0,0.0,13.0,13.0,yes,no,yes,yes,no,NonCommercial license; exclude from paid app unless the recordist grants permission.
879,Maui Alauahio,Paroreomyza montana,Fringilline and Cardueline Finches and Allies (Fringillidae),58973,Frank Lambert,https://xeno-canto.org/58973,CC BY-NC-ND 4.0,https://creativecommons.org/licenses/by-nc-nd/4.0/,24.0,0.0,20.0,20.0,yes,no,no,no,no,NonCommercial license; exclude from paid app unless the recordist grants permission.
885,Maui Parrotbill,Pseudonestor xanthophrys,Fringilline and Cardueline Finches and Allies (Fringillidae),58971,Frank Lambert,https://xeno-canto.org/58971,CC BY-NC-ND 4.0,https://creativecommons.org/licenses/by-nc-nd/4.0/,22.0,0.0,20.0,20.0,yes,no,no,no,no,NonCommercial license; exclude from paid app unless the recordist grants permission.
921,McKay's Bunting,Plectrophenax hyperboreus,Longspurs and Snow Buntings (Calcariidae),331841,John Puschock,https://xeno-canto.org/331841,CC BY-NC-ND 4.0,https://creativecommons.org/licenses/by-nc-nd/4.0/,23.0,0.0,20.0,20.0,yes,no,no,no,no,NonCommercial license; exclude from paid app unless the recordist grants permission.
487,Medium Egret,Ardea intermedia,"Bitterns, Herons, and Allies (Ardeidae)",840667,Bo Shunqi 薄顺奇,https://xeno-canto.org/840667,CC BY-NC-SA 4.0,https://creativecommons.org/licenses/by-nc-sa/4.0/,3.0,0.0,3.0,3.0,yes,no,yes,yes,no,NonCommercial license; exclude from paid app unless the recordist grants permission.
589,Merlin,Falco columbarius,Caracaras and Falcons (Falconidae),906167,Valerie Heemstra,https://xeno-canto.org/906167,CC BY-NC-SA 4.0,https://creativecommons.org/licenses/by-nc-sa/4.0/,34.0,1.33,21.33,20.0,yes,no,yes,yes,no,NonCommercial license; exclude from paid app unless the recordist grants permission.
708,Mexican Chickadee,Poecile sclateri,Chickadees and Titmice (Paridae),936649,Richard E. Webster,https://xeno-canto.org/936649,CC BY-NC-SA 4.0,https://creativecommons.org/licenses/by-nc-sa/4.0/,20.0,0.0,20.0,20.0,yes,no,yes,yes,no,NonCommercial license; exclude from paid app unless the recordist grants permission.
38,Mexican Duck,Anas diazi,"Ducks, Geese, and Swans (Anatidae)",941128,Richard E. Webster,https://xeno-canto.org/941128,CC BY-NC-SA 4.0,https://creativecommons.org/licenses/by-nc-sa/4.0/,17.0,0.0,17.0,17.0,yes,no,yes,yes,no,NonCommercial license; exclude from paid app unless the recordist grants permission.
694,Mexican Jay,Aphelocoma wollweberi,Jays and Crows (Corvidae),165770,Tayler Brooks,https://xeno-canto.org/165770,CC BY-NC-SA 3.0,https://creativecommons.org/licenses/by-nc-sa/3.0/,43.0,4.33,24.33,20.0,yes,no,yes,yes,no,NonCommercial license; exclude from paid app unless the recordist grants permission.
159,Mexican Violetear,Colibri thalassinus,Hummingbirds (Trochilidae),956901,Étienne Leroy,https://xeno-canto.org/956901,CC BY-NC-SA 4.0,https://creativecommons.org/licenses/by-nc-sa/4.0/,59.0,9.67,29.67,20.0,yes,no,yes,yes,no,NonCommercial license; exclude from paid app unless the recordist grants permission.
148,Mexican Whip-poor-will,Antrostomus arizonae,Goatsuckers (Caprimulgidae),846101,Ken Hall,https://xeno-canto.org/846101,CC BY-NC-SA 4.0,https://creativecommons.org/licenses/by-nc-sa/4.0/,55.0,8.33,28.33,20.0,yes,no,yes,yes,no,NonCommercial license; exclude from paid app unless the recordist grants permission.
725,Middendorff's Grasshopper Warbler,Helopsaltes ochotensis,Grassbirds (Locustellidae),906253,Zhanyi Lin,https://xeno-canto.org/906253,CC BY-NC-SA 4.0,https://creativecommons.org/licenses/by-nc-sa/4.0/,24.0,0.0,20.0,20.0,yes,no,yes,yes,no,NonCommercial license; exclude from paid app unless the recordist grants permission.
721,Millerbird,Acrocephalus familiaris,Reed Warblers (Acrocephalidae),144819,Eric VanderWerf,https://xeno-canto.org/144819,CC BY-NC-SA 3.0,https://creativecommons.org/licenses/by-nc-sa/3.0/,58.0,9.33,29.33,20.0,yes,no,yes,yes,no,NonCommercial license; exclude from paid app unless the recordist grants permission.
510,Mississippi Kite,Ictinia mississippiensis,"Hawks, Kites, Eagles, and Allies (Accipitridae)",669899,Russ Wigh,https://xeno-canto.org/669899,CC BY-NC-SA 4.0,https://creativecommons.org/licenses/by-nc-sa/4.0/,25.0,0.0,20.0,20.0,yes,no,yes,yes,no,NonCommercial license; exclude from paid app unless the recordist grants permission.
817,Mistle Thrush,Turdus viscivorus,Thrushes (Turdidae),1105384,Eetu Paljakka,https://xeno-canto.org/1105384,CC BY-NC-SA 4.0,https://creativecommons.org/licenses/by-nc-sa/4.0/,125.0,31.67,51.67,20.0,yes,no,yes,yes,no,NonCommercial license; exclude from paid app unless the recordist grants permission.
600,Mitred Parakeet,Psittacara mitratus,"Parakeets, Macaws, Amazons, and Parrots (Psittacidae)",578512,Sue Riffe,https://xeno-canto.org/578512,CC BY-NC-SA 4.0,https://creativecommons.org/licenses/by-nc-sa/4.0/,28.0,0.0,20.0,20.0,yes,no,yes,yes,no,NonCommercial license; exclude from paid app unless the recordist grants permission.
597,Monk Parakeet,Myiopsitta monachus,"Parakeets, Macaws, Amazons, and Parrots (Psittacidae)",316273,Sue Riffe,https://xeno-canto.org/316273,CC BY-NC-SA 4.0,https://creativecommons.org/licenses/by-nc-sa/4.0/,6.0,0.0,6.0,6.0,yes,no,yes,yes,no,NonCommercial license; exclude from paid app unless the recordist grants permission.
77,Montezuma Quail,Cyrtonyx montezumae,New World Quail (Odontophoridae),1000188,David Tattersley,https://xeno-canto.org/1000188,CC BY-NC-SA 4.0,https://creativecommons.org/licenses/by-nc-sa/4.0/,17.0,0.0,17.0,17.0,yes,no,yes,yes,no,NonCommercial license; exclude from paid app unless the recordist grants permission.
1084,Morelet's Seedeater,Sporophila morelleti,Tanagers and Allies (Thraupidae),147507,Paul Marvin,https://xeno-canto.org/147507,CC BY-NC-SA 3.0,https://creativecommons.org/licenses/by-nc-sa/3.0/,63.0,11.0,31.0,20.0,yes,no,yes,yes,no,NonCommercial license; exclude from paid app unless the recordist grants permission.
40,Mottled Duck,Anas fulvigula,"Ducks, Geese, and Swans (Anatidae)",192343,Paul Marvin,https://xeno-canto.org/192343,CC BY-NC-SA 4.0,https://creativecommons.org/licenses/by-nc-sa/4.0/,7.0,0.0,7.0,7.0,yes,no,yes,yes,no,NonCommercial license; exclude from paid app unless the recordist grants permission.
543,Mottled Owl,Strix virgata,Typical Owls (Strigidae),1091761,Sue Riffe,https://xeno-canto.org/1091761,CC BY-NC-SA 4.0,https://creativecommons.org/licenses/by-nc-sa/4.0/,9.0,0.0,9.0,9.0,yes,no,yes,yes,no,NonCommercial license; exclude from paid app unless the recordist grants permission.
418,Mottled Petrel,Pterodroma inexpectata,Shearwaters and Petrels (Procellariidae),295660,Johannes Fischer,https://xeno-canto.org/295660,CC BY-NC-SA 4.0,https://creativecommons.org/licenses/by-nc-sa/4.0/,65.0,11.67,31.67,20.0,yes,no,yes,yes,no,NonCommercial license; exclude from paid app unless the recordist grants permission.
804,Mountain Bluebird,Sialia currucoides,Thrushes (Turdidae),15012,Andrew Spencer,https://xeno-canto.org/15012,CC BY-NC-ND 2.5,https://creativecommons.org/licenses/by-nc-nd/2.5/,25.0,0.0,20.0,20.0,yes,no,no,no,no,NonCommercial license; exclude from paid app unless the recordist grants permission.
707,Mountain Chickadee,Poecile gambeli,Chickadees and Titmice (Paridae),1029980,Greg Irving,https://xeno-canto.org/1029980,CC BY-NC-SA 4.0,https://creativecommons.org/licenses/by-nc-sa/4.0/,12.0,0.0,12.0,12.0,yes,no,yes,yes,no,NonCommercial license; exclude from paid app unless the recordist grants permission.
227,Mountain Plover,Anarhynchus montanus,Lapwings and Plovers (Charadriidae),19093,Andrew Spencer,https://xeno-canto.org/19093,CC BY-NC-ND 2.5,https://creativecommons.org/licenses/by-nc-nd/2.5/,12.0,0.0,12.0,12.0,yes,no,no,no,no,NonCommercial license; exclude from paid app unless the recordist grants permission.
72,Mountain Quail,Oreortyx pictus,New World Quail (Odontophoridae),906442,Ed Pandolfino,https://xeno-canto.org/906442,CC BY-NC-SA 4.0,https://creativecommons.org/licenses/by-nc-sa/4.0/,88.0,19.33,39.33,20.0,yes,no,yes,yes,no,NonCommercial license; exclude from paid app unless the recordist grants permission.
118,Mourning Dove,Zenaida macroura,Pigeons and Doves (Columbidae),940517,Richard E. Webster,https://xeno-canto.org/940517,CC BY-NC-SA 4.0,https://creativecommons.org/licenses/by-nc-sa/4.0/,51.0,7.0,27.0,20.0,yes,no,yes,yes,no,NonCommercial license; exclude from paid app unless the recordist grants permission.
1021,Mourning Warbler,Geothlypis philadelphia,Wood-Warblers (Parulidae),1015226,Valerie Heemstra,https://xeno-canto.org/1015226,CC BY-NC-SA 4.0,https://creativecommons.org/licenses/by-nc-sa/4.0/,110.0,26.67,46.67,20.0,yes,no,yes,yes,no,NonCommercial license; exclude from paid app unless the recordist grants permission.
843,Mugimaki Flycatcher,Ficedula mugimaki,Old World Flycatchers (Muscicapidae),992636,Feather V,https://xeno-canto.org/992636,CC BY-NC-SA 4.0,https://creativecommons.org/licenses/by-nc-sa/4.0/,12.0,0.0,12.0,12.0,yes,no,yes,yes,no,NonCommercial license; exclude from paid app unless the recordist grants permission.
417,Murphy's Petrel,Pterodroma ultima,Shearwaters and Petrels (Procellariidae),1063637,Dr Jennifer Lavers,https://xeno-canto.org/1063637,CC BY-NC-SA 4.0,https://creativecommons.org/licenses/by-nc-sa/4.0/,36.0,2.0,22.0,20.0,yes,no,yes,yes,no,NonCommercial license; exclude from paid app unless the recordist grants permission.
23,Muscovy Duck,Cairina moschata,"Ducks, Geese, and Swans (Anatidae)",619235,JAYRSON ARAUJO DE OLIVEIRA,https://xeno-canto.org/619235,CC BY-NC-SA 4.0,https://creativecommons.org/licenses/by-nc-sa/4.0/,62.0,10.67,30.67,20.0,yes,no,yes,yes,no,NonCommercial license; exclude from paid app unless the recordist grants permission.
17,Mute Swan,Cygnus olor,"Ducks, Geese, and Swans (Anatidae)",48742,Ian Davies,https://xeno-canto.org/48742,CC BY-NC-ND 2.5,https://creativecommons.org/licenses/by-nc-nd/2.5/,7.0,0.0,7.0,7.0,yes,no,no,no,no,NonCommercial license; exclude from paid app unless the recordist grants permission.
598,Nanday Parakeet,Aratinga nenday,"Parakeets, Macaws, Amazons, and Parrots (Psittacidae)",785899,Andrew Durso,https://xeno-canto.org/785899,CC BY-NC-SA 4.0,https://creativecommons.org/licenses/by-nc-sa/4.0/,21.0,0.0,20.0,20.0,yes,no,yes,yes,no,NonCommercial license; exclude from paid app unless the recordist grants permission.
842,Narcissus Flycatcher,Ficedula narcissina,Old World Flycatchers (Muscicapidae),620099,Brendan Sloan,https://xeno-canto.org/620099,CC BY-NC-ND 4.0,https://creativecommons.org/licenses/by-nc-nd/4.0/,42.0,4.0,24.0,20.0,yes,no,no,no,no,NonCommercial license; exclude from paid app unless the recordist grants permission.
1016,Nashville Warbler,Leiothlypis ruficapilla,Wood-Warblers (Parulidae),1036373,Bobby Wilcox,https://xeno-canto.org/1036373,CC BY-NC-SA 4.0,https://creativecommons.org/licenses/by-nc-sa/4.0/,5.0,0.0,5.0,5.0,yes,no,yes,yes,no,NonCommercial license; exclude from paid app unless the recordist grants permission.
1096,Nashville Warbler,Leiothlypis ruficapilla,Wood-Warblers (Parulidae),1013956,Stanislas Wroza,https://xeno-canto.org/1013956,CC BY-NC-SA 4.0,https://creativecommons.org/licenses/by-nc-sa/4.0/,77.0,15.67,35.67,20.0,yes,no,yes,yes,no,NonCommercial license; exclude from paid app unless the recordist grants permission.
821,Naumann's Thrush,Turdus naumanni,Thrushes (Turdidae),1010630,Jochem Verweij,https://xeno-canto.org/1010630,CC BY-SA 4.0,https://creativecommons.org/licenses/by-sa/4.0/,69.0,13.0,33.0,20.0,yes,yes,yes,yes,yes,"Commercial derivatives allowed, but the trimmed clip must remain under the same ShareAlike license."
453,Nazca Booby,Sula granti,Boobies and Gannets (Sulidae),755157,Andy Birch,https://xeno-canto.org/755157,CC BY-NC-SA 4.0,https://creativecommons.org/licenses/by-nc-sa/4.0/,3.0,0.0,3.0,3.0,yes,no,yes,yes,no,NonCommercial license; exclude from paid app unless the recordist grants permission.
959,Nelson's Sparrow,Ammospiza nelsoni,Towhees and Sparrows (Passerellidae),960296,Beth Cottam,https://xeno-canto.org/960296,CC0-1.0,https://creativecommons.org/publicdomain/zero/1.0/,4.0,0.0,4.0,4.0,yes,yes,yes,no,yes,Commercial derivatives allowed with attribution.
464,Neotropic Cormorant,Nannopterum brasilianum,Cormorants (Phalacrocoracidae),819148,Sue Riffe,https://xeno-canto.org/819148,CC BY-NC-SA 4.0,https://creativecommons.org/licenses/by-nc-sa/4.0/,46.0,5.33,25.33,20.0,yes,no,yes,yes,no,NonCommercial license; exclude from paid app unless the recordist grants permission.
444,Newell's Shearwater,Puffinus newelli,Shearwaters and Petrels (Procellariidae),416522,Tim Holland,https://xeno-canto.org/416522,CC BY-NC-SA 4.0,https://creativecommons.org/licenses/by-nc-sa/4.0/,17.0,0.0,17.0,17.0,yes,no,yes,yes,no,NonCommercial license; exclude from paid app unless the recordist grants permission.
881,Nihoa Finch,Telespiza ultima,Fringilline and Cardueline Finches and Allies (Fringillidae),144829,Eric VanderWerf,https://xeno-canto.org/144829,CC BY-NC-SA 3.0,https://creativecommons.org/licenses/by-nc-sa/3.0/,20.0,0.0,20.0,20.0,yes,no,yes,yes,no,NonCommercial license; exclude from paid app unless the recordist grants permission.
613,Northern Beardless-Tyrannulet,Camptostoma imberbe,Tyrant Flycatchers (Tyrannidae),787030,Scott Crabtree,https://xeno-canto.org/787030,CC BY-NC-SA 4.0,https://creativecommons.org/licenses/by-nc-sa/4.0/,71.0,13.67,33.67,20.0,yes,no,yes,yes,no,NonCommercial license; exclude from paid app unless the recordist grants permission.
73,Northern Bobwhite,Colinus virginianus,New World Quail (Odontophoridae),862205,Percy Ulsamer,https://xeno-canto.org/862205,CC BY-NC-SA 4.0,https://creativecommons.org/licenses/by-nc-sa/4.0/,127.0,32.33,52.33,20.0,yes,no,yes,yes,no,NonCommercial license; exclude from paid app unless the recordist grants permission.
550,Northern Boobook,Ninox japonica,Typical Owls (Strigidae),1040476,Lars Lachmann,https://xeno-canto.org/1040476,CC BY-NC-SA 4.0,https://creativecommons.org/licenses/by-nc-sa/4.0/,17.0,0.0,17.0,17.0,yes,no,yes,yes,no,NonCommercial license; exclude from paid app unless the recordist grants permission.
1063,Northern Cardinal,Cardinalis cardinalis,"Cardinals, Piranga Tanagers and Allies (Cardinalidae)",1100537,Jim Berry,https://xeno-canto.org/1100537,CC BY-NC-SA 4.0,https://creativecommons.org/licenses/by-nc-sa/4.0/,51.0,7.0,27.0,20.0,yes,no,yes,yes,no,NonCommercial license; exclude from paid app unless the recordist grants permission.
579,Northern Flicker,Colaptes auratus,Woodpeckers and Allies (Picidae),1007124,Ed Pandolfino,https://xeno-canto.org/1007124,CC BY-NC-SA 4.0,https://creativecommons.org/licenses/by-nc-sa/4.0/,26.0,0.0,20.0,20.0,yes,no,yes,yes,no,NonCommercial license; exclude from paid app unless the recordist grants permission.
411,Northern Fulmar,Fulmarus glacialis,Shearwaters and Petrels (Procellariidae),106041,Ryan P. O&#039;Donnell,https://xeno-canto.org/106041,CC BY-NC-ND 2.5,https://creativecommons.org/licenses/by-nc-nd/2.5/,13.0,0.0,13.0,13.0,yes,no,no,no,no,NonCommercial license; exclude from paid app unless the recordist grants permission.
457,Northern Gannet,Morus bassanus,Boobies and Gannets (Sulidae),929260,Denis Provencher,https://xeno-canto.org/929260,CC BY-NC-SA 4.0,https://creativecommons.org/licenses/by-nc-sa/4.0/,30.0,0.0,20.0,20.0,yes,no,yes,yes,no,NonCommercial license; exclude from paid app unless the recordist grants permission.
410,Northern Giant-Petrel,Macronectes halli,Shearwaters and Petrels (Procellariidae),623852,Hichem MACHOUK,https://xeno-canto.org/623852,CC BY-NC-SA 4.0,https://creativecommons.org/licenses/by-nc-sa/4.0/,26.0,0.0,20.0,20.0,yes,no,yes,yes,no,NonCommercial license; exclude from paid app unless the recordist grants permission.
504,Northern Harrier,Circus hudsonius,"Hawks, Kites, Eagles, and Allies (Accipitridae)",815811,Valerie Heemstra,https://xeno-canto.org/815811,CC BY-NC-SA 4.0,https://creativecommons.org/licenses/by-nc-sa/4.0/,34.0,1.33,21.33,20.0,yes,no,yes,yes,no,NonCommercial license; exclude from paid app unless the recordist grants permission.
537,Northern Hawk Owl,Surnia ulula,Typical Owls (Strigidae),356201,Frank Lambert,https://xeno-canto.org/356201,CC BY-NC-ND 4.0,https://creativecommons.org/licenses/by-nc-nd/4.0/,21.0,0.0,20.0,20.0,yes,no,no,no,no,NonCommercial license; exclude from paid app unless the recordist grants permission.
781,Northern House Wren,Troglodytes aedon,Wrens (Troglodytidae),1027246,Jim Berry,https://xeno-canto.org/1027246,CC BY-NC-SA 4.0,https://creativecommons.org/licenses/by-nc-sa/4.0/,126.0,32.0,52.0,20.0,yes,no,yes,yes,no,NonCommercial license; exclude from paid app unless the recordist grants permission.
230,Northern Jacana,Jacana spinosa,Jacanas (Jacanidae),297756,Aidan Place,https://xeno-canto.org/297756,CC BY-NC-SA 4.0,https://creativecommons.org/licenses/by-nc-sa/4.0/,5.0,0.0,5.0,5.0,yes,no,yes,yes,no,NonCommercial license; exclude from paid app unless the recordist grants permission.
223,Northern Lapwing,Vanellus vanellus,Lapwings and Plovers (Charadriidae),1105102,Paul Kelly,https://xeno-canto.org/1105102,CC BY-NC-SA 4.0,https://creativecommons.org/licenses/by-nc-sa/4.0/,54.0,8.0,28.0,20.0,yes,no,yes,yes,no,NonCommercial license; exclude from paid app unless the recordist grants permission.
797,Northern Mockingbird,Mimus polyglottos,Mockingbirds and Thrashers (Mimidae),1099409,Jim Berry,https://xeno-canto.org/1099409,CC BY-NC-SA 4.0,https://creativecommons.org/licenses/by-nc-sa/4.0/,92.0,20.67,40.67,20.0,yes,no,yes,yes,no,NonCommercial license; exclude from paid app unless the recordist grants permission.
1029,Northern Parula,Setophaga americana,Wood-Warblers (Parulidae),941062,Sue Riffe,https://xeno-canto.org/941062,CC BY-NC-SA 4.0,https://creativecommons.org/licenses/by-nc-sa/4.0/,98.0,22.67,42.67,20.0,yes,no,yes,yes,no,NonCommercial license; exclude from paid app unless the recordist grants permission.
1100,Northern Parula,Setophaga americana,Wood-Warblers (Parulidae),1082098,David Darrell-Lambert,https://xeno-canto.org/1082098,CC BY-NC-SA 4.0,https://creativecommons.org/licenses/by-nc-sa/4.0/,15.0,0.0,15.0,15.0,yes,no,yes,yes,no,NonCommercial license; exclude from paid app unless the recordist grants permission.
42,Northern Pintail,Anas acuta,"Ducks, Geese, and Swans (Anatidae)",1045871,AUDEVARD Aurélien,https://xeno-canto.org/1045871,CC BY-NC-SA 4.0,https://creativecommons.org/licenses/by-nc-sa/4.0/,18.0,0.0,18.0,18.0,yes,no,yes,yes,no,NonCommercial license; exclude from paid app unless the recordist grants permission.
538,Northern Pygmy-Owl,Glaucidium gnoma,Typical Owls (Strigidae),283089,Lauren Harter,https://xeno-canto.org/283089,CC BY-NC-SA 4.0,https://creativecommons.org/licenses/by-nc-sa/4.0/,65.0,11.67,31.67,20.0,yes,no,yes,yes,no,NonCommercial license; exclude from paid app unless the recordist grants permission.
734,Northern Rough-winged Swallow,Stelgidopteryx serripennis,Swallows (Hirundinidae),534846,Paul Marvin,https://xeno-canto.org/534846,CC BY-NC-SA 4.0,https://creativecommons.org/licenses/by-nc-sa/4.0/,9.0,0.0,9.0,9.0,yes,no,yes,yes,no,NonCommercial license; exclude from paid app unless the recordist grants permission.
549,Northern Saw-whet Owl,Aegolius acadicus,Typical Owls (Strigidae),982746,Peter Mundale,https://xeno-canto.org/982746,CC BY-NC-SA 4.0,https://creativecommons.org/licenses/by-nc-sa/4.0/,43.0,4.33,24.33,20.0,yes,no,yes,yes,no,NonCommercial license; exclude from paid app unless the recordist grants permission.
29,Northern Shoveler,Spatula clypeata,"Ducks, Geese, and Swans (Anatidae)",368726,Sue Riffe,https://xeno-canto.org/368726,CC BY-NC-SA 4.0,https://creativecommons.org/licenses/by-nc-sa/4.0/,9.0,0.0,9.0,9.0,yes,no,yes,yes,no,NonCommercial license; exclude from paid app unless the recordist grants permission.
683,Northern Shrike,Lanius borealis,Shrikes (Laniidae),91968,Andrew Spencer,https://xeno-canto.org/91968,CC BY-NC-ND 2.5,https://creativecommons.org/licenses/by-nc-nd/2.5/,170.0,46.67,66.67,20.0,yes,no,no,no,no,NonCommercial license; exclude from paid app unless the recordist grants permission.
1005,Northern Waterthrush,Parkesia noveboracensis,Wood-Warblers (Parulidae),1103267,Valerie Heemstra,https://xeno-canto.org/1103267,CC BY-NC-SA 4.0,https://creativecommons.org/licenses/by-nc-sa/4.0/,123.0,31.0,51.0,20.0,yes,no,yes,yes,no,NonCommercial license; exclude from paid app unless the recordist grants permission.
849,Northern Wheatear,Oenanthe oenanthe,Old World Flycatchers (Muscicapidae),406206,Patrik Åberg,https://xeno-canto.org/406206,CC BY-NC-SA 4.0,https://creativecommons.org/licenses/by-nc-sa/4.0/,167.0,45.67,65.67,20.0,yes,no,yes,yes,no,NonCommercial license; exclude from paid app unless the recordist grants permission.
573,Nuttall's Woodpecker,Dryobates nuttallii,Woodpeckers and Allies (Picidae),408009,Frank Lambert,https://xeno-canto.org/408009,CC BY-NC-ND 4.0,https://creativecommons.org/licenses/by-nc-nd/4.0/,10.0,0.0,10.0,10.0,yes,no,no,no,no,NonCommercial license; exclude from paid app unless the recordist grants permission.
619,Nutting's Flycatcher,Myiarchus nuttingi,Tyrant Flycatchers (Tyrannidae),131082,Lauren Harter,https://xeno-canto.org/131082,CC BY-NC-SA 3.0,https://creativecommons.org/licenses/by-nc-sa/3.0/,5.0,0.0,5.0,5.0,yes,no,yes,yes,no,NonCommercial license; exclude from paid app unless the recordist grants permission.
889,Oahu Amakihi,Chlorodrepanis flava,Fringilline and Cardueline Finches and Allies (Fringillidae),454888,Sean Erroll MacDonald,https://xeno-canto.org/454888,CC BY-NC-SA 4.0,https://creativecommons.org/licenses/by-nc-sa/4.0/,62.0,10.67,30.67,20.0,yes,no,yes,yes,no,NonCommercial license; exclude from paid app unless the recordist grants permission.
678,Oahu Elepaio,Chasiempis ibidis,Monarch Flycatchers (Monarchidae),410155,Dan Lane,https://xeno-canto.org/410155,CC BY-NC-SA 4.0,https://creativecommons.org/licenses/by-nc-sa/4.0/,25.0,0.0,20.0,20.0,yes,no,yes,yes,no,NonCommercial license; exclude from paid app unless the recordist grants permission.
713,Oak Titmouse,Baeolophus inornatus,Chickadees and Titmice (Paridae),1089607,Ed Pandolfino,https://xeno-canto.org/1089607,CC BY-NC-SA 4.0,https://creativecommons.org/licenses/by-nc-sa/4.0/,39.0,3.0,23.0,20.0,yes,no,yes,yes,no,NonCommercial license; exclude from paid app unless the recordist grants permission.
935,Olive Sparrow,Arremonops rufivirgatus,Towhees and Sparrows (Passerellidae),901092,David Tattersley,https://xeno-canto.org/901092,CC BY-NC-SA 4.0,https://creativecommons.org/licenses/by-nc-sa/4.0/,36.0,2.0,22.0,20.0,yes,no,yes,yes,no,NonCommercial license; exclude from paid app unless the recordist grants permission.
851,Olive Warbler,Peucedramus taeniatus,Olive Warblers (Peucedramidae),1005240,Ryan Douglas,https://xeno-canto.org/1005240,CC BY-SA 4.0,https://creativecommons.org/licenses/by-sa/4.0/,96.0,22.0,42.0,20.0,yes,yes,yes,yes,yes,"Commercial derivatives allowed, but the trimmed clip must remain under the same ShareAlike license."
867,Olive-backed Pipit,Anthus hodgsoni,Wagtails and Pipits (Motacillidae),201805,Elias Aristides Elias,https://xeno-canto.org/201805,CC BY-NC-SA 4.0,https://creativecommons.org/licenses/by-nc-sa/4.0/,19.0,0.0,19.0,19.0,yes,no,yes,yes,no,NonCommercial license; exclude from paid app unless the recordist grants permission.
640,Olive-sided Flycatcher,Contopus cooperi,Tyrant Flycatchers (Tyrannidae),962388,A Richardson,https://xeno-canto.org/962388,CC BY-NC-SA 4.0,https://creativecommons.org/licenses/by-nc-sa/4.0/,1.0,0.0,1.0,1.0,yes,no,yes,yes,no,NonCommercial license; exclude from paid app unless the recordist grants permission.
807,Omao,Myadestes obscurus,Thrushes (Turdidae),359187,Paul Buckley,https://xeno-canto.org/359187,CC BY-NC-SA 4.0,https://creativecommons.org/licenses/by-nc-sa/4.0/,7.0,0.0,7.0,7.0,yes,no,yes,yes,no,NonCommercial license; exclude from paid app unless the recordist grants permission.
809,Orange-billed Nightingale-Thrush,Catharus aurantiirostris,Thrushes (Turdidae),277476,Nancy Hetrick,https://xeno-canto.org/277476,CC BY-NC-SA 4.0,https://creativecommons.org/licenses/by-nc-sa/4.0/,46.0,5.33,25.33,20.0,yes,no,yes,yes,no,NonCommercial license; exclude from paid app unless the recordist grants permission.
1013,Orange-crowned Warbler,Leiothlypis celata,Wood-Warblers (Parulidae),1097624,Greg Irving,https://xeno-canto.org/1097624,CC BY-NC-SA 4.0,https://creativecommons.org/licenses/by-nc-sa/4.0/,83.0,17.67,37.67,20.0,yes,no,yes,yes,no,NonCommercial license; exclude from paid app unless the recordist grants permission.
1095,Orange-crowned Warbler,Leiothlypis celata,Wood-Warblers (Parulidae),367214,Matt Wistrand,https://xeno-canto.org/367214,CC BY-NC-SA 4.0,https://creativecommons.org/licenses/by-nc-sa/4.0/,133.0,34.33,54.33,20.0,yes,no,yes,yes,no,NonCommercial license; exclude from paid app unless the recordist grants permission.
981,Orchard Oriole,Icterus spurius,Blackbirds (Icteridae),905515,Bill Grantham,https://xeno-canto.org/905515,CC BY-NC-SA 4.0,https://creativecommons.org/licenses/by-nc-sa/4.0/,35.0,1.67,21.67,20.0,yes,no,yes,yes,no,NonCommercial license; exclude from paid app unless the recordist grants permission.
1086,Orchard Oriole,Icterus spurius,Blackbirds (Icteridae),1103919,Tom Cooney,https://xeno-canto.org/1103919,CC BY-NC-SA 4.0,https://creativecommons.org/licenses/by-nc-sa/4.0/,4.0,0.0,4.0,4.0,yes,no,yes,yes,no,NonCommercial license; exclude from paid app unless the recordist grants permission.
135,Oriental Cuckoo,Cuculus optatus,"Cuckoos, Roadrunners, and Anis (Cuculidae)",1058596,Manuel Oudard,https://xeno-canto.org/1058596,CC BY-NC-ND 4.0,https://creativecommons.org/licenses/by-nc-nd/4.0/,63.0,11.0,31.0,20.0,yes,no,no,no,no,NonCommercial license; exclude from paid app unless the recordist grants permission.
903,Oriental Greenfinch,Chloris sinica,Fringilline and Cardueline Finches and Allies (Fringillidae),992580,Bo Shunqi 薄顺奇,https://xeno-canto.org/992580,CC BY-NC-SA 4.0,https://creativecommons.org/licenses/by-nc-sa/4.0/,165.0,45.0,65.0,20.0,yes,no,yes,yes,no,NonCommercial license; exclude from paid app unless the recordist grants permission.
495,Oriental Honey-buzzard,Pernis ptilorhynchus,"Hawks, Kites, Eagles, and Allies (Accipitridae)",1071701,Leons Mathew Abraham,https://xeno-canto.org/1071701,CC BY-NC-SA 4.0,https://creativecommons.org/licenses/by-nc-sa/4.0/,105.0,25.0,45.0,20.0,yes,no,yes,yes,no,NonCommercial license; exclude from paid app unless the recordist grants permission.
297,Oriental Pratincole,Glareola maldivarum,Pratincoles (Glareolidae),1004709,David Darrell-Lambert,https://xeno-canto.org/1004709,CC BY-NC-SA 4.0,https://creativecommons.org/licenses/by-nc-sa/4.0/,8.0,0.0,8.0,8.0,yes,no,yes,yes,no,NonCommercial license; exclude from paid app unless the recordist grants permission.
530,Oriental Scops-Owl,Otus sunia,Typical Owls (Strigidae),1092917,Shuangqi Liu,https://xeno-canto.org/1092917,CC BY-NC-SA 4.0,https://creativecommons.org/licenses/by-nc-sa/4.0/,70.0,13.33,33.33,20.0,yes,no,yes,yes,no,NonCommercial license; exclude from paid app unless the recordist grants permission.
124,Oriental Turtle-Dove,Streptopelia orientalis,Pigeons and Doves (Columbidae),1067601,Hans Matheve,https://xeno-canto.org/1067601,CC BY-NC-ND 4.0,https://creativecommons.org/licenses/by-nc-nd/4.0/,18.0,0.0,18.0,18.0,yes,no,no,no,no,NonCommercial license; exclude from paid app unless the recordist grants permission.
492,Osprey,Pandion haliaetus,Ospreys (Pandionidae),758691,Bruce Lagerquist,https://xeno-canto.org/758691,CC BY-NC-SA 4.0,https://creativecommons.org/licenses/by-nc-sa/4.0/,79.0,16.33,36.33,20.0,yes,no,yes,yes,no,NonCommercial license; exclude from paid app unless the recordist grants permission.
1002,Ovenbird,Seiurus aurocapilla,Wood-Warblers (Parulidae),1037293,Bobby Wilcox,https://xeno-canto.org/1037293,CC BY-NC-SA 4.0,https://creativecommons.org/licenses/by-nc-sa/4.0/,33.0,1.0,21.0,20.0,yes,no,yes,yes,no,NonCommercial license; exclude from paid app unless the recordist grants permission.
156,Pacific (Fork-tailed) Swift,Apus pacificus,Swifts (Apodidae),1019539,Maurizio Azzolini,https://xeno-canto.org/1019539,CC BY-NC-SA 4.0,https://creativecommons.org/licenses/by-nc-sa/4.0/,11.0,0.0,11.0,11.0,yes,no,yes,yes,no,NonCommercial license; exclude from paid app unless the recordist grants permission.
216,Pacific Golden-Plover,Pluvialis fulva,Lapwings and Plovers (Charadriidae),420229,Steve Hampton,https://xeno-canto.org/420229,CC BY-NC-SA 4.0,https://creativecommons.org/licenses/by-nc-sa/4.0/,17.0,0.0,17.0,17.0,yes,no,yes,yes,no,NonCommercial license; exclude from paid app unless the recordist grants permission.
385,Pacific Loon,Gavia pacifica,Loons (Gaviidae),406246,Patrik Åberg,https://xeno-canto.org/406246,CC BY-NC-SA 4.0,https://creativecommons.org/licenses/by-nc-sa/4.0/,52.0,7.33,27.33,20.0,yes,no,yes,yes,no,NonCommercial license; exclude from paid app unless the recordist grants permission.
782,Pacific Wren,Troglodytes pacificus,Wrens (Troglodytidae),1094467,Greg Irving,https://xeno-canto.org/1094467,CC BY-NC-SA 4.0,https://creativecommons.org/licenses/by-nc-sa/4.0/,9.0,0.0,9.0,9.0,yes,no,yes,yes,no,NonCommercial license; exclude from paid app unless the recordist grants permission.
190,Paint-billed Crake,Mustelirallus erythrops,"Rails, Gallinules, and Coots (Rallidae)",719759,Jacob Guachisaca Salínas,https://xeno-canto.org/719759,CC BY-NC-SA 4.0,https://creativecommons.org/licenses/by-nc-sa/4.0/,49.0,6.33,26.33,20.0,yes,no,yes,yes,no,NonCommercial license; exclude from paid app unless the recordist grants permission.
1073,Painted Bunting,Passerina ciris,"Cardinals, Piranga Tanagers and Allies (Cardinalidae)",1087845,Sue Riffe,https://xeno-canto.org/1087845,CC BY-NC-SA 4.0,https://creativecommons.org/licenses/by-nc-sa/4.0/,42.0,4.0,24.0,20.0,yes,no,yes,yes,no,NonCommercial license; exclude from paid app unless the recordist grants permission.
1114,Painted Bunting,Passerina ciris,"Cardinals, Piranga Tanagers and Allies (Cardinalidae)",745739,William Whitehead,https://xeno-canto.org/745739,CC BY-NC-ND 4.0,https://creativecommons.org/licenses/by-nc-nd/4.0/,12.0,0.0,12.0,12.0,yes,no,no,no,no,NonCommercial license; exclude from paid app unless the recordist grants permission.
1055,Painted Redstart,Myioborus pictus,Wood-Warblers (Parulidae),1007698,David A. Brinkman,https://xeno-canto.org/1007698,CC BY-NC-SA 4.0,https://creativecommons.org/licenses/by-nc-sa/4.0/,12.0,0.0,12.0,12.0,yes,no,yes,yes,no,NonCommercial license; exclude from paid app unless the recordist grants permission.
880,Palila,Loxioides bailleui,Fringilline and Cardueline Finches and Allies (Fringillidae),146104,Tim Burr,https://xeno-canto.org/146104,CC BY-NC-SA 3.0,https://creativecommons.org/licenses/by-nc-sa/3.0/,35.0,1.67,21.67,20.0,yes,no,yes,yes,no,NonCommercial license; exclude from paid app unless the recordist grants permission.
928,Pallas's Bunting,Emberiza pallasi,Emberizids (Emberizidae),1045739,Manuel Oudard,https://xeno-canto.org/1045739,CC BY-NC-ND 4.0,https://creativecommons.org/licenses/by-nc-nd/4.0/,53.0,7.67,27.67,20.0,yes,no,no,no,no,NonCommercial license; exclude from paid app unless the recordist grants permission.
724,Pallas's Grasshopper Warbler,Helopsaltes certhiola,Grassbirds (Locustellidae),1098964,Bo Shunqi 薄顺奇,https://xeno-canto.org/1098964,CC BY-NC-SA 4.0,https://creativecommons.org/licenses/by-nc-sa/4.0/,100.0,23.33,43.33,20.0,yes,no,yes,yes,no,NonCommercial license; exclude from paid app unless the recordist grants permission.
359,Pallas's Gull,Ichthyaetus ichthyaetus,"Gulls, Terns, and Skimmers (Laridae)",419041,Terry Townshend,https://xeno-canto.org/419041,CC BY-NC-SA 4.0,https://creativecommons.org/licenses/by-nc-sa/4.0/,57.0,9.0,29.0,20.0,yes,no,yes,yes,no,NonCommercial license; exclude from paid app unless the recordist grants permission.
750,Pallas's Leaf Warbler,Phylloscopus proregulus,Leaf Warblers (Phylloscopidae),1088116,Ray Tsu 诸仁,https://xeno-canto.org/1088116,CC BY-NC-SA 4.0,https://creativecommons.org/licenses/by-nc-sa/4.0/,50.0,6.67,26.67,20.0,yes,no,yes,yes,no,NonCommercial license; exclude from paid app unless the recordist grants permission.
877,Pallas's Rosefinch,Carpodacus roseus,Fringilline and Cardueline Finches and Allies (Fringillidae),884669,Barry Edmonston,https://xeno-canto.org/884669,CC BY-NC-SA 4.0,https://creativecommons.org/licenses/by-nc-sa/4.0/,19.0,0.0,19.0,19.0,yes,no,yes,yes,no,NonCommercial license; exclude from paid app unless the recordist grants permission.
1038,Palm Warbler,Setophaga palmarum,Wood-Warblers (Parulidae),1009101,David A. Brinkman,https://xeno-canto.org/1009101,CC BY-NC-SA 4.0,https://creativecommons.org/licenses/by-nc-sa/4.0/,18.0,0.0,18.0,18.0,yes,no,yes,yes,no,NonCommercial license; exclude from paid app unless the recordist grants permission.
1105,Palm Warbler,Setophaga palmarum,Wood-Warblers (Parulidae),1015038,Stanislas Wroza,https://xeno-canto.org/1015038,CC BY-NC-SA 4.0,https://creativecommons.org/licenses/by-nc-sa/4.0/,67.0,12.33,32.33,20.0,yes,no,yes,yes,no,NonCommercial license; exclude from paid app unless the recordist grants permission.
314,Parakeet Auklet,Aethia psittacula,"Auks, Murres, and Puffins (Alcidae)",101454,Ryan P. O&#039;Donnell,https://xeno-canto.org/101454,CC BY-NC-ND 2.5,https://creativecommons.org/licenses/by-nc-nd/2.5/,7.0,0.0,7.0,7.0,yes,no,no,no,no,NonCommercial license; exclude from paid app unless the recordist grants permission.
301,Parasitic Jaeger,Stercorarius parasiticus,Skuas and Jaegers (Stercorariidae),323090,Peter Boesman,https://xeno-canto.org/323090,CC BY-NC-ND 4.0,https://creativecommons.org/licenses/by-nc-nd/4.0/,5.0,0.0,5.0,5.0,yes,no,no,no,no,NonCommercial license; exclude from paid app unless the recordist grants permission.
430,Parkinson's Petrel,Procellaria parkinsoni,Shearwaters and Petrels (Procellariidae),293325,Dan Lane,https://xeno-canto.org/293325,CC BY-NC-SA 4.0,https://creativecommons.org/licenses/by-nc-sa/4.0/,4.0,0.0,4.0,4.0,yes,no,yes,yes,no,NonCommercial license; exclude from paid app unless the recordist grants permission.
868,Pechora Pipit,Anthus gustavi,Wagtails and Pipits (Motacillidae),1001575,小菜鸟,https://xeno-canto.org/1001575,CC BY-NC-SA 4.0,https://creativecommons.org/licenses/by-nc-sa/4.0/,7.0,0.0,7.0,7.0,yes,no,yes,yes,no,NonCommercial license; exclude from paid app unless the recordist grants permission.
267,Pectoral Sandpiper,Calidris melanotos,"Sandpipers, Phalaropes, and Allies (Scolopacidae)",1046340,AUDEVARD Aurélien,https://xeno-canto.org/1046340,CC BY-NC-SA 4.0,https://creativecommons.org/licenses/by-nc-sa/4.0/,4.0,0.0,4.0,4.0,yes,no,yes,yes,no,NonCommercial license; exclude from paid app unless the recordist grants permission.
461,Pelagic Cormorant,Urile pelagicus,Cormorants (Phalacrocoracidae),149497,Paul Marvin,https://xeno-canto.org/149497,CC BY-NC-SA 3.0,https://creativecommons.org/licenses/by-nc-sa/3.0/,4.0,0.0,4.0,4.0,yes,no,yes,yes,no,NonCommercial license; exclude from paid app unless the recordist grants permission.
594,Peregrine Falcon,Falco peregrinus,Caracaras and Falcons (Falconidae),992007,Mark Holmgren,https://xeno-canto.org/992007,CC BY-NC-SA 4.0,https://creativecommons.org/licenses/by-nc-sa/4.0/,86.0,18.67,38.67,20.0,yes,no,yes,yes,no,NonCommercial license; exclude from paid app unless the recordist grants permission.
765,Phainopepla,Phainopepla nitens,Silky-flycatchers (Ptiliogonatidae),1078194,Richard E. Webster,https://xeno-canto.org/1078194,CC BY-NC-SA 4.0,https://creativecommons.org/licenses/by-nc-sa/4.0/,68.0,12.67,32.67,20.0,yes,no,yes,yes,no,NonCommercial license; exclude from paid app unless the recordist grants permission.
671,Philadelphia Vireo,Vireo philadelphicus,Vireos (Vireonidae),1014290,Scott Gravette,https://xeno-canto.org/1014290,CC BY-NC-SA 4.0,https://creativecommons.org/licenses/by-nc-sa/4.0/,141.0,37.0,57.0,20.0,yes,no,yes,yes,no,NonCommercial license; exclude from paid app unless the recordist grants permission.
850,Pied Wheatear,Oenanthe pleschanka,Old World Flycatchers (Muscicapidae),1028262,Richard E. Webster,https://xeno-canto.org/1028262,CC BY-NC-SA 4.0,https://creativecommons.org/licenses/by-nc-sa/4.0/,105.0,25.0,45.0,20.0,yes,no,yes,yes,no,NonCommercial license; exclude from paid app unless the recordist grants permission.
103,Pied-billed Grebe,Podilymbus podiceps,Grebes (Podicipedidae),1000252,David Tattersley,https://xeno-canto.org/1000252,CC BY-NC-SA 4.0,https://creativecommons.org/licenses/by-nc-sa/4.0/,18.0,0.0,18.0,18.0,yes,no,yes,yes,no,NonCommercial license; exclude from paid app unless the recordist grants permission.
308,Pigeon Guillemot,Cepphus columba,"Auks, Murres, and Puffins (Alcidae)",818942,Rachel Hudson,https://xeno-canto.org/818942,CC BY-NC-SA 4.0,https://creativecommons.org/licenses/by-nc-sa/4.0/,42.0,4.0,24.0,20.0,yes,no,yes,yes,no,NonCommercial license; exclude from paid app unless the recordist grants permission.
581,Pileated Woodpecker,Dryocopus pileatus,Woodpeckers and Allies (Picidae),351542,Melani Sleder,https://xeno-canto.org/351542,CC BY-NC-SA 4.0,https://creativecommons.org/licenses/by-nc-sa/4.0/,3.0,0.0,3.0,3.0,yes,no,yes,yes,no,NonCommercial license; exclude from paid app unless the recordist grants permission.
276,Pin-tailed Snipe,Gallinago stenura,"Sandpipers, Phalaropes, and Allies (Scolopacidae)",108792,Houston Flores,https://xeno-canto.org/108792,CC BY-NC-ND 2.5,https://creativecommons.org/licenses/by-nc-nd/2.5/,7.0,0.0,7.0,7.0,yes,no,no,no,no,NonCommercial license; exclude from paid app unless the recordist grants permission.
922,Pine Bunting,Emberiza leucocephalos,Emberizids (Emberizidae),1051300,Manuel Oudard,https://xeno-canto.org/1051300,CC BY-NC-ND 4.0,https://creativecommons.org/licenses/by-nc-nd/4.0/,40.0,3.33,23.33,20.0,yes,no,no,no,no,NonCommercial license; exclude from paid app unless the recordist grants permission.
653,Pine Flycatcher,Empidonax affinis,Tyrant Flycatchers (Tyrannidae),728582,Scott Olmstead,https://xeno-canto.org/728582,CC BY-NC-SA 4.0,https://creativecommons.org/licenses/by-nc-sa/4.0/,83.0,17.67,37.67,20.0,yes,no,yes,yes,no,NonCommercial license; exclude from paid app unless the recordist grants permission.
894,Pine Grosbeak,Pinicola enucleator,Fringilline and Cardueline Finches and Allies (Fringillidae),406267,Patrik Åberg,https://xeno-canto.org/406267,CC BY-NC-SA 4.0,https://creativecommons.org/licenses/by-nc-sa/4.0/,27.0,0.0,20.0,20.0,yes,no,yes,yes,no,NonCommercial license; exclude from paid app unless the recordist grants permission.
911,Pine Siskin,Spinus pinus,Fringilline and Cardueline Finches and Allies (Fringillidae),1102569,Greg Irving,https://xeno-canto.org/1102569,CC BY-NC-SA 4.0,https://creativecommons.org/licenses/by-nc-sa/4.0/,155.0,41.67,61.67,20.0,yes,no,yes,yes,no,NonCommercial license; exclude from paid app unless the recordist grants permission.
1039,Pine Warbler,Setophaga pinus,Wood-Warblers (Parulidae),1103269,Valerie Heemstra,https://xeno-canto.org/1103269,CC BY-NC-SA 4.0,https://creativecommons.org/licenses/by-nc-sa/4.0/,49.0,6.33,26.33,20.0,yes,no,yes,yes,no,NonCommercial license; exclude from paid app unless the recordist grants permission.
11,Pink-footed Goose,Anser brachyrhynchus,"Ducks, Geese, and Swans (Anatidae)",379030,Stein Ø. Nilsen,https://xeno-canto.org/379030,CC BY-NC-SA 4.0,https://creativecommons.org/licenses/by-nc-sa/4.0/,19.0,0.0,19.0,19.0,yes,no,yes,yes,no,NonCommercial license; exclude from paid app unless the recordist grants permission.
440,Pink-footed Shearwater,Ardenna creatopus,Shearwaters and Petrels (Procellariidae),808126,Andy Birch,https://xeno-canto.org/808126,CC BY-NC-SA 4.0,https://creativecommons.org/licenses/by-nc-sa/4.0/,22.0,0.0,20.0,20.0,yes,no,yes,yes,no,NonCommercial license; exclude from paid app unless the recordist grants permission.
687,Pinyon Jay,Gymnorhinus cyanocephalus,Jays and Crows (Corvidae),104955,Eric DeFonso,https://xeno-canto.org/104955,CC BY-NC-ND 2.5,https://creativecommons.org/licenses/by-nc-nd/2.5/,107.0,25.67,45.67,20.0,yes,no,no,no,no,NonCommercial license; exclude from paid app unless the recordist grants permission.
221,Piping Plover,Charadrius melodus,Lapwings and Plovers (Charadriidae),738566,William Whitehead,https://xeno-canto.org/738566,CC BY-NC-ND 4.0,https://creativecommons.org/licenses/by-nc-nd/4.0/,6.0,0.0,6.0,6.0,yes,no,no,no,no,NonCommercial license; exclude from paid app unless the recordist grants permission.
626,Piratic Flycatcher,Legatus leucophaius,Tyrant Flycatchers (Tyrannidae),1050423,Mateus Gonçalves Santos,https://xeno-canto.org/1050423,CC BY-NC-SA 4.0,https://creativecommons.org/licenses/by-nc-sa/4.0/,92.0,20.67,40.67,20.0,yes,no,yes,yes,no,NonCommercial license; exclude from paid app unless the recordist grants permission.
71,Plain Chachalaca,Ortalis vetula,Curassows and Guans (Cracidae),1099278,Scott Crabtree,https://xeno-canto.org/1099278,CC BY-NC-SA 4.0,https://creativecommons.org/licenses/by-nc-sa/4.0/,46.0,5.33,25.33,20.0,yes,no,yes,yes,no,NonCommercial license; exclude from paid app unless the recordist grants permission.
162,Plain-capped Starthroat,Heliomaster constantii,Hummingbirds (Trochilidae),193256,Dan Lane,https://xeno-canto.org/193256,CC BY-NC-SA 4.0,https://creativecommons.org/licenses/by-nc-sa/4.0/,127.0,32.33,52.33,20.0,yes,no,yes,yes,no,NonCommercial license; exclude from paid app unless the recordist grants permission.
670,Plumbeous Vireo,Vireo plumbeus,Vireos (Vireonidae),1083483,Sue Riffe,https://xeno-canto.org/1083483,CC BY-NC-SA 4.0,https://creativecommons.org/licenses/by-nc-sa/4.0/,54.0,8.0,28.0,20.0,yes,no,yes,yes,no,NonCommercial license; exclude from paid app unless the recordist grants permission.
300,Pomarine Jaeger,Stercorarius pomarinus,Skuas and Jaegers (Stercorariidae),1060884,Benjamin Drillat,https://xeno-canto.org/1060884,CC BY-NC-SA 4.0,https://creativecommons.org/licenses/by-nc-sa/4.0/,32.0,0.67,20.67,20.0,yes,no,yes,yes,no,NonCommercial license; exclude from paid app unless the recordist grants permission.
595,Prairie Falcon,Falco mexicanus,Caracaras and Falcons (Falconidae),375912,Bobby Wilcox,https://xeno-canto.org/375912,CC BY-NC-SA 4.0,https://creativecommons.org/licenses/by-nc-sa/4.0/,18.0,0.0,18.0,18.0,yes,no,yes,yes,no,NonCommercial license; exclude from paid app unless the recordist grants permission.
1042,Prairie Warbler,Setophaga discolor,Wood-Warblers (Parulidae),893266,Brian Henderson,https://xeno-canto.org/893266,CC BY-NC-SA 4.0,https://creativecommons.org/licenses/by-nc-sa/4.0/,39.0,3.0,23.0,20.0,yes,no,yes,yes,no,NonCommercial license; exclude from paid app unless the recordist grants permission.
1009,Prothonotary Warbler,Protonotaria citrea,Wood-Warblers (Parulidae),828067,Richard E. Webster,https://xeno-canto.org/828067,CC BY-NC-SA 4.0,https://creativecommons.org/licenses/by-nc-sa/4.0/,138.0,36.0,56.0,20.0,yes,no,yes,yes,no,NonCommercial license; exclude from paid app unless the recordist grants permission.
1093,Prothonotary Warbler,Protonotaria citrea,Wood-Warblers (Parulidae),1082047,David Darrell-Lambert,https://xeno-canto.org/1082047,CC BY-NC-SA 4.0,https://creativecommons.org/licenses/by-nc-sa/4.0/,14.0,0.0,14.0,14.0,yes,no,yes,yes,no,NonCommercial license; exclude from paid app unless the recordist grants permission.
413,Providence Petrel,Pterodroma solandri,Shearwaters and Petrels (Procellariidae),324195,Todd Mark,https://xeno-canto.org/324195,CC BY-NC-SA 4.0,https://creativecommons.org/licenses/by-nc-sa/4.0/,69.0,13.0,33.0,20.0,yes,no,yes,yes,no,NonCommercial license; exclude from paid app unless the recordist grants permission.
808,Puaiohi,Myadestes palmeri,Thrushes (Turdidae),805485,Melissa Hafting,https://xeno-canto.org/805485,CC BY-NC-SA 4.0,https://creativecommons.org/licenses/by-nc-sa/4.0/,34.0,1.33,21.33,20.0,yes,no,yes,yes,no,NonCommercial license; exclude from paid app unless the recordist grants permission.
901,Purple Finch,Haemorhous purpureus,Fringilline and Cardueline Finches and Allies (Fringillidae),1003152,Paul Marvin,https://xeno-canto.org/1003152,CC BY-NC-SA 4.0,https://creativecommons.org/licenses/by-nc-sa/4.0/,43.0,4.33,24.33,20.0,yes,no,yes,yes,no,NonCommercial license; exclude from paid app unless the recordist grants permission.
203,Purple Gallinule,Porphyrio martinica (martinicus),"Rails, Gallinules, and Coots (Rallidae)",941308,Sue Riffe,https://xeno-canto.org/941308,CC BY-NC-SA 4.0,https://creativecommons.org/licenses/by-nc-sa/4.0/,13.0,0.0,13.0,13.0,yes,no,yes,yes,no,NonCommercial license; exclude from paid app unless the recordist grants permission.
736,Purple Martin,Progne subis,Swallows (Hirundinidae),1016516,David A. Brinkman,https://xeno-canto.org/1016516,CC BY-NC-SA 4.0,https://creativecommons.org/licenses/by-nc-sa/4.0/,84.0,18.0,38.0,20.0,yes,no,yes,yes,no,NonCommercial license; exclude from paid app unless the recordist grants permission.
261,Purple Sandpiper,Calidris maritima,"Sandpipers, Phalaropes, and Allies (Scolopacidae)",619243,Jonathan Feenstra,https://xeno-canto.org/619243,CC BY-NC-SA 4.0,https://creativecommons.org/licenses/by-nc-sa/4.0/,1.0,0.0,1.0,1.0,yes,no,yes,yes,no,NonCommercial license; exclude from paid app unless the recordist grants permission.
768,Pygmy Nuthatch,Sitta pygmaea,Nuthatches (Sittidae),1089474,Manuel Grosselet,https://xeno-canto.org/1089474,CC BY-NC-SA 4.0,https://creativecommons.org/licenses/by-nc-sa/4.0/,26.0,0.0,20.0,20.0,yes,no,yes,yes,no,NonCommercial license; exclude from paid app unless the recordist grants permission.
1064,Pyrrhuloxia,Cardinalis sinuatus,"Cardinals, Piranga Tanagers and Allies (Cardinalidae)",1083299,Scott Crabtree,https://xeno-canto.org/1083299,CC BY-NC-SA 4.0,https://creativecommons.org/licenses/by-nc-sa/4.0/,119.0,29.67,49.67,20.0,yes,no,yes,yes,no,NonCommercial license; exclude from paid app unless the recordist grants permission.
306,Razorbill,Alca torda,"Auks, Murres, and Puffins (Alcidae)",1079595,Scott Olmstead,https://xeno-canto.org/1079595,CC BY-NC-SA 4.0,https://creativecommons.org/licenses/by-nc-sa/4.0/,44.0,4.67,24.67,20.0,yes,no,yes,yes,no,NonCommercial license; exclude from paid app unless the recordist grants permission.
856,Red Avadavat,Amandava amandava,Waxbills (Estrildidae),929857,Paul Driver,https://xeno-canto.org/929857,CC BY-NC-SA 4.0,https://creativecommons.org/licenses/by-nc-sa/4.0/,32.0,0.67,20.67,20.0,yes,no,yes,yes,no,NonCommercial license; exclude from paid app unless the recordist grants permission.
906,Red Crossbill,Loxia curvirostra,Fringilline and Cardueline Finches and Allies (Fringillidae),1097591,Greg Irving,https://xeno-canto.org/1097591,CC BY-NC-SA 4.0,https://creativecommons.org/licenses/by-nc-sa/4.0/,118.0,29.33,49.33,20.0,yes,no,yes,yes,no,NonCommercial license; exclude from paid app unless the recordist grants permission.
97,Red Junglefowl,Gallus gallus,"Partridges, Grouse, Turkeys, and Old World Quail (Phasianidae)",502076,Phoenix Birder,https://xeno-canto.org/502076,CC BY-NC-SA 4.0,https://creativecommons.org/licenses/by-nc-sa/4.0/,137.0,35.67,55.67,20.0,yes,no,yes,yes,no,NonCommercial license; exclude from paid app unless the recordist grants permission.
247,Red Knot,Calidris canutus,"Sandpipers, Phalaropes, and Allies (Scolopacidae)",185585,Andrew Spencer,https://xeno-canto.org/185585,CC BY-NC-SA 4.0,https://creativecommons.org/licenses/by-nc-sa/4.0/,72.0,14.0,34.0,20.0,yes,no,yes,yes,no,NonCommercial license; exclude from paid app unless the recordist grants permission.
296,Red Phalarope,Phalaropus fulicarius,"Sandpipers, Phalaropes, and Allies (Scolopacidae)",406388,Patrik Åberg,https://xeno-canto.org/406388,CC BY-NC-SA 4.0,https://creativecommons.org/licenses/by-nc-sa/4.0/,51.0,7.0,27.0,20.0,yes,no,yes,yes,no,NonCommercial license; exclude from paid app unless the recordist grants permission.
681,Red-backed Shrike,Lanius collurio,Shrikes (Laniidae),234214,Steve Hampton,https://xeno-canto.org/234214,CC BY-NC-SA 4.0,https://creativecommons.org/licenses/by-nc-sa/4.0/,7.0,0.0,7.0,7.0,yes,no,yes,yes,no,NonCommercial license; exclude from paid app unless the recordist grants permission.
564,Red-bellied Woodpecker,Melanerpes carolinus,Woodpeckers and Allies (Picidae),1093541,Mario Reyes Jr,https://xeno-canto.org/1093541,CC BY-NC-SA 4.0,https://creativecommons.org/licenses/by-nc-sa/4.0/,32.0,0.67,20.67,20.0,yes,no,yes,yes,no,NonCommercial license; exclude from paid app unless the recordist grants permission.
122,Red-billed Pigeon,Patagioenas flavirostris,Pigeons and Doves (Columbidae),1091758,Sue Riffe,https://xeno-canto.org/1091758,CC BY-NC-SA 4.0,https://creativecommons.org/licenses/by-nc-sa/4.0/,14.0,0.0,14.0,14.0,yes,no,yes,yes,no,NonCommercial license; exclude from paid app unless the recordist grants permission.
381,Red-billed Tropicbird,Phaethon aethereus,Tropicbirds (Phaethontidae),503607,Phoenix Birder,https://xeno-canto.org/503607,CC BY-NC-SA 4.0,https://creativecommons.org/licenses/by-nc-sa/4.0/,26.0,0.0,20.0,20.0,yes,no,yes,yes,no,NonCommercial license; exclude from paid app unless the recordist grants permission.
68,Red-breasted Merganser,Mergus serrator,"Ducks, Geese, and Swans (Anatidae)",141724,Andrew Spencer,https://xeno-canto.org/141724,CC BY-NC-SA 3.0,https://creativecommons.org/licenses/by-nc-sa/3.0/,15.0,0.0,15.0,15.0,yes,no,yes,yes,no,NonCommercial license; exclude from paid app unless the recordist grants permission.
766,Red-breasted Nuthatch,Sitta canadensis,Nuthatches (Sittidae),1029989,Greg Irving,https://xeno-canto.org/1029989,CC BY-NC-SA 4.0,https://creativecommons.org/licenses/by-nc-sa/4.0/,150.0,40.0,60.0,20.0,yes,no,yes,yes,no,NonCommercial license; exclude from paid app unless the recordist grants permission.
568,Red-breasted Sapsucker,Sphyrapicus ruber,Woodpeckers and Allies (Picidae),408661,Frank Lambert,https://xeno-canto.org/408661,CC BY-NC-ND 4.0,https://creativecommons.org/licenses/by-nc-nd/4.0/,10.0,0.0,10.0,10.0,yes,no,no,no,no,NonCommercial license; exclude from paid app unless the recordist grants permission.
575,Red-cockaded Woodpecker,Dryobates borealis,Woodpeckers and Allies (Picidae),1043518,Sue Riffe,https://xeno-canto.org/1043518,CC BY-NC-SA 4.0,https://creativecommons.org/licenses/by-nc-sa/4.0/,46.0,5.33,25.33,20.0,yes,no,yes,yes,no,NonCommercial license; exclude from paid app unless the recordist grants permission.
1075,Red-crested Cardinal,Paroaria coronata,Tanagers and Allies (Thraupidae),209514,Ross Gallardy,https://xeno-canto.org/209514,CC BY-NC-SA 4.0,https://creativecommons.org/licenses/by-nc-sa/4.0/,45.0,5.0,25.0,20.0,yes,no,yes,yes,no,NonCommercial license; exclude from paid app unless the recordist grants permission.
605,Red-crowned Amazon,Amazona viridigenalis,"Parakeets, Macaws, Amazons, and Parrots (Psittacidae)",320571,Paul Marvin,https://xeno-canto.org/320571,CC BY-NC-SA 4.0,https://creativecommons.org/licenses/by-nc-sa/4.0/,30.0,0.0,20.0,20.0,yes,no,yes,yes,no,NonCommercial license; exclude from paid app unless the recordist grants permission.
673,Red-eyed Vireo,Vireo olivaceus,Vireos (Vireonidae),899364,Jeffrey Mann,https://xeno-canto.org/899364,CC BY-NC-SA 4.0,https://creativecommons.org/licenses/by-nc-sa/4.0/,19.0,0.0,19.0,19.0,yes,no,yes,yes,no,NonCommercial license; exclude from paid app unless the recordist grants permission.
460,Red-faced Cormorant,Urile urile,Cormorants (Phalacrocoracidae),106047,Ryan P. O&#039;Donnell,https://xeno-canto.org/106047,CC BY-NC-ND 2.5,https://creativecommons.org/licenses/by-nc-nd/2.5/,12.0,0.0,12.0,12.0,yes,no,no,no,no,NonCommercial license; exclude from paid app unless the recordist grants permission.
1054,Red-faced Warbler,Cardellina rubrifrons,Wood-Warblers (Parulidae),1007695,David A. Brinkman,https://xeno-canto.org/1007695,CC BY-NC-SA 4.0,https://creativecommons.org/licenses/by-nc-sa/4.0/,34.0,1.33,21.33,20.0,yes,no,yes,yes,no,NonCommercial license; exclude from paid app unless the recordist grants permission.
841,Red-flanked Bluetail,Tarsiger cyanurus,Old World Flycatchers (Muscicapidae),1080279,Albert Lastukhin &amp; I. Fedorov,https://xeno-canto.org/1080279,CC BY-NC-ND 4.0,https://creativecommons.org/licenses/by-nc-nd/4.0/,88.0,19.33,39.33,20.0,yes,no,no,no,no,NonCommercial license; exclude from paid app unless the recordist grants permission.
456,Red-footed Booby,Sula sula,Boobies and Gannets (Sulidae),862240,Percy Ulsamer,https://xeno-canto.org/862240,CC BY-NC-SA 4.0,https://creativecommons.org/licenses/by-nc-sa/4.0/,53.0,7.67,27.67,20.0,yes,no,yes,yes,no,NonCommercial license; exclude from paid app unless the recordist grants permission.
588,Red-footed Falcon,Falco vespertinus,Caracaras and Falcons (Falconidae),37581,David Farrow,https://xeno-canto.org/37581,CC BY-NC-SA 3.0,https://creativecommons.org/licenses/by-nc-sa/3.0/,41.0,3.67,23.67,20.0,yes,no,yes,yes,no,NonCommercial license; exclude from paid app unless the recordist grants permission.
560,Red-headed Woodpecker,Melanerpes erythrocephalus,Woodpeckers and Allies (Picidae),1099415,Jim Berry,https://xeno-canto.org/1099415,CC BY-NC-SA 4.0,https://creativecommons.org/licenses/by-nc-sa/4.0/,148.0,39.33,59.33,20.0,yes,no,yes,yes,no,NonCommercial license; exclude from paid app unless the recordist grants permission.
1080,Red-legged Honeycreeper,Cyanerpes cyaneus,Tanagers and Allies (Thraupidae),757955,PT xiao,https://xeno-canto.org/757955,CC BY-NC-SA 4.0,https://creativecommons.org/licenses/by-nc-sa/4.0/,7.0,0.0,7.0,7.0,yes,no,yes,yes,no,NonCommercial license; exclude from paid app unless the recordist grants permission.
348,Red-legged Kittiwake,Rissa brevirostris,"Gulls, Terns, and Skimmers (Laridae)",140302,Doug Gochfeld,https://xeno-canto.org/140302,CC BY-NC-ND 3.0,https://creativecommons.org/licenses/by-nc-nd/3.0/,22.0,0.0,20.0,20.0,yes,no,no,no,no,NonCommercial license; exclude from paid app unless the recordist grants permission.
829,Red-legged Thrush,Turdus plumbeus,Thrushes (Turdidae),994017,FREDERIC Lionel,https://xeno-canto.org/994017,CC BY-NC-SA 4.0,https://creativecommons.org/licenses/by-nc-sa/4.0/,95.0,21.67,41.67,20.0,yes,no,yes,yes,no,NonCommercial license; exclude from paid app unless the recordist grants permission.
601,Red-masked Parakeet,Psittacara erythrogenys,"Parakeets, Macaws, Amazons, and Parrots (Psittacidae)",167936,Paul Marvin,https://xeno-canto.org/167936,CC BY-NC-SA 3.0,https://creativecommons.org/licenses/by-nc-sa/3.0/,53.0,7.67,27.67,20.0,yes,no,yes,yes,no,NonCommercial license; exclude from paid app unless the recordist grants permission.
567,Red-naped Sapsucker,Sphyrapicus nuchalis,Woodpeckers and Allies (Picidae),774526,Richard E. Webster,https://xeno-canto.org/774526,CC BY-NC-SA 4.0,https://creativecommons.org/licenses/by-nc-sa/4.0/,136.0,35.33,55.33,20.0,yes,no,yes,yes,no,NonCommercial license; exclude from paid app unless the recordist grants permission.
105,Red-necked Grebe,Podiceps grisegena,Grebes (Podicipedidae),354610,Thomas Magarian,https://xeno-canto.org/354610,CC BY-NC-SA 4.0,https://creativecommons.org/licenses/by-nc-sa/4.0/,18.0,0.0,18.0,18.0,yes,no,yes,yes,no,NonCommercial license; exclude from paid app unless the recordist grants permission.
295,Red-necked Phalarope,Phalaropus lobatus,"Sandpipers, Phalaropes, and Allies (Scolopacidae)",1045865,AUDEVARD Aurélien,https://xeno-canto.org/1045865,CC BY-NC-SA 4.0,https://creativecommons.org/licenses/by-nc-sa/4.0/,6.0,0.0,6.0,6.0,yes,no,yes,yes,no,NonCommercial license; exclude from paid app unless the recordist grants permission.
257,Red-necked Stint,Calidris ruficollis,"Sandpipers, Phalaropes, and Allies (Scolopacidae)",182179,Andrew Spencer,https://xeno-canto.org/182179,CC BY-NC-SA 4.0,https://creativecommons.org/licenses/by-nc-sa/4.0/,53.0,7.67,27.67,20.0,yes,no,yes,yes,no,NonCommercial license; exclude from paid app unless the recordist grants permission.
519,Red-shouldered Hawk,Buteo lineatus,"Hawks, Kites, Eagles, and Allies (Accipitridae)",564543,Brian Hendrix,https://xeno-canto.org/564543,CC BY-NC-SA 4.0,https://creativecommons.org/licenses/by-nc-sa/4.0/,10.0,0.0,10.0,10.0,yes,no,yes,yes,no,NonCommercial license; exclude from paid app unless the recordist grants permission.
525,Red-tailed Hawk,Buteo jamaicensis,"Hawks, Kites, Eagles, and Allies (Accipitridae)",1090861,Manuel Grosselet,https://xeno-canto.org/1090861,CC BY-NC-SA 4.0,https://creativecommons.org/licenses/by-nc-sa/4.0/,5.0,0.0,5.0,5.0,yes,no,yes,yes,no,NonCommercial license; exclude from paid app unless the recordist grants permission.
382,Red-tailed Tropicbird,Phaethon rubricauda,Tropicbirds (Phaethontidae),118205,david m,https://xeno-canto.org/118205,CC BY-NC-ND 3.0,https://creativecommons.org/licenses/by-nc-nd/3.0/,31.0,0.33,20.33,20.0,yes,no,no,no,no,NonCommercial license; exclude from paid app unless the recordist grants permission.
383,Red-throated Loon,Gavia stellata,Loons (Gaviidae),1011914,Benjamin Drillat,https://xeno-canto.org/1011914,CC BY-NC-SA 4.0,https://creativecommons.org/licenses/by-nc-sa/4.0/,55.0,8.33,28.33,20.0,yes,no,yes,yes,no,NonCommercial license; exclude from paid app unless the recordist grants permission.
869,Red-throated Pipit,Anthus cervinus,Wagtails and Pipits (Motacillidae),398697,Paul Marvin,https://xeno-canto.org/398697,CC BY-NC-SA 4.0,https://creativecommons.org/licenses/by-nc-sa/4.0/,4.0,0.0,4.0,4.0,yes,no,yes,yes,no,NonCommercial license; exclude from paid app unless the recordist grants permission.
754,Red-vented Bulbul,Pycnonotus cafer,Bulbuls (Pycnonotidae),454892,Sean Erroll MacDonald,https://xeno-canto.org/454892,CC BY-NC-SA 4.0,https://creativecommons.org/licenses/by-nc-sa/4.0/,92.0,20.67,40.67,20.0,yes,no,yes,yes,no,NonCommercial license; exclude from paid app unless the recordist grants permission.
755,Red-whiskered Bulbul,Pycnonotus jocosus,Bulbuls (Pycnonotidae),210184,Ross Gallardy,https://xeno-canto.org/210184,CC BY-NC-SA 4.0,https://creativecommons.org/licenses/by-nc-sa/4.0/,37.0,2.33,22.33,20.0,yes,no,yes,yes,no,NonCommercial license; exclude from paid app unless the recordist grants permission.
991,Red-winged Blackbird,Agelaius phoeniceus,Blackbirds (Icteridae),1089594,Ed Pandolfino,https://xeno-canto.org/1089594,CC BY-NC-SA 4.0,https://creativecommons.org/licenses/by-nc-sa/4.0/,31.0,0.33,20.33,20.0,yes,no,yes,yes,no,NonCommercial license; exclude from paid app unless the recordist grants permission.
1088,Red-winged Blackbird,Agelaius phoeniceus,Blackbirds (Icteridae),1021390,Stanislas Wroza,https://xeno-canto.org/1021390,CC BY-NC-SA 4.0,https://creativecommons.org/licenses/by-nc-sa/4.0/,115.0,28.33,48.33,20.0,yes,no,yes,yes,no,NonCommercial license; exclude from paid app unless the recordist grants permission.
478,Reddish Egret,Egretta rufescens,"Bitterns, Herons, and Allies (Ardeidae)",452975,Paul Marvin,https://xeno-canto.org/452975,CC BY-NC-SA 4.0,https://creativecommons.org/licenses/by-nc-sa/4.0/,14.0,0.0,14.0,14.0,yes,no,yes,yes,no,NonCommercial license; exclude from paid app unless the recordist grants permission.
45,Redhead,Aythya americana,"Ducks, Geese, and Swans (Anatidae)",104592,Andrew Spencer,https://xeno-canto.org/104592,CC BY-NC-ND 2.5,https://creativecommons.org/licenses/by-nc-nd/2.5/,56.0,8.67,28.67,20.0,yes,no,no,no,no,NonCommercial license; exclude from paid app unless the recordist grants permission.
905,Redpoll,Acanthis flammea,Fringilline and Cardueline Finches and Allies (Fringillidae),963197,Bill Pyle,https://xeno-canto.org/963197,CC BY-NC-SA 4.0,https://creativecommons.org/licenses/by-nc-sa/4.0/,43.0,4.33,24.33,20.0,yes,no,yes,yes,no,NonCommercial license; exclude from paid app unless the recordist grants permission.
823,Redwing,Turdus iliacus,Thrushes (Turdidae),412885,Bridget Spencer,https://xeno-canto.org/412885,CC BY-NC-SA 4.0,https://creativecommons.org/licenses/by-nc-sa/4.0/,23.0,0.0,20.0,20.0,yes,no,yes,yes,no,NonCommercial license; exclude from paid app unless the recordist grants permission.
929,Reed Bunting,Emberiza schoeniclus,Emberizids (Emberizidae),1106070,Stephan Risch,https://xeno-canto.org/1106070,CC BY-NC-SA 4.0,https://creativecommons.org/licenses/by-nc-sa/4.0/,37.0,2.33,22.33,20.0,yes,no,yes,yes,no,NonCommercial license; exclude from paid app unless the recordist grants permission.
318,Rhinoceros Auklet,Cerorhinca monocerata,"Auks, Murres, and Puffins (Alcidae)",915711,KEISUKE KAGOSHIMA,https://xeno-canto.org/915711,CC BY 4.0,https://creativecommons.org/licenses/by/4.0/,5.0,0.0,5.0,5.0,yes,yes,yes,no,yes,Commercial derivatives allowed with attribution.
192,Ridgway's Rail,Rallus obsoletus,"Rails, Gallinules, and Coots (Rallidae)",639317,Bobby Wilcox,https://xeno-canto.org/639317,CC BY-NC-SA 4.0,https://creativecommons.org/licenses/by-nc-sa/4.0/,133.0,34.33,54.33,20.0,yes,no,yes,yes,no,NonCommercial license; exclude from paid app unless the recordist grants permission.
365,Ring-billed Gull,Larus delawarensis,"Gulls, Terns, and Skimmers (Laridae)",771232,Richard E. Webster,https://xeno-canto.org/771232,CC BY-NC-SA 4.0,https://creativecommons.org/licenses/by-nc-sa/4.0/,10.0,0.0,10.0,10.0,yes,no,yes,yes,no,NonCommercial license; exclude from paid app unless the recordist grants permission.
47,Ring-necked Duck,Aythya collaris,"Ducks, Geese, and Swans (Anatidae)",941129,Richard E. Webster,https://xeno-canto.org/941129,CC BY-NC-SA 4.0,https://creativecommons.org/licenses/by-nc-sa/4.0/,59.0,9.67,29.67,20.0,yes,no,yes,yes,no,NonCommercial license; exclude from paid app unless the recordist grants permission.
92,Ring-necked Pheasant,Phasianus colchicus,"Partridges, Grouse, Turkeys, and Old World Quail (Phasianidae)",578134,Ed Pandolfino,https://xeno-canto.org/578134,CC BY-NC-SA 4.0,https://creativecommons.org/licenses/by-nc-sa/4.0/,68.0,12.67,32.67,20.0,yes,no,yes,yes,no,NonCommercial license; exclude from paid app unless the recordist grants permission.
554,Ringed Kingfisher,Megaceryle torquata,Kingfishers (Alcedinidae),453017,Paul Marvin,https://xeno-canto.org/453017,CC BY-NC-SA 4.0,https://creativecommons.org/licenses/by-nc-sa/4.0/,5.0,0.0,5.0,5.0,yes,no,yes,yes,no,NonCommercial license; exclude from paid app unless the recordist grants permission.
403,Ringed Storm-Petrel,Hydrobates hornbyi,Northern Storm-Petrels (Hydrobatidae),520674,Cristian Pinto,https://xeno-canto.org/520674,CC BY-NC-SA 4.0,https://creativecommons.org/licenses/by-nc-sa/4.0/,12.0,0.0,12.0,12.0,yes,no,yes,yes,no,NonCommercial license; exclude from paid app unless the recordist grants permission.
727,River Warbler,Locustella fluviatilis,Grassbirds (Locustellidae),1090236,Johan Andin,https://xeno-canto.org/1090236,CC BY-NC-SA 4.0,https://creativecommons.org/licenses/by-nc-sa/4.0/,18.0,0.0,18.0,18.0,yes,no,yes,yes,no,NonCommercial license; exclude from paid app unless the recordist grants permission.
161,Rivoli's Hummingbird,Eugenes fulgens,Hummingbirds (Trochilidae),605363,Richard E. Webster,https://xeno-canto.org/605363,CC BY-NC-SA 4.0,https://creativecommons.org/licenses/by-nc-sa/4.0/,147.0,39.0,59.0,20.0,yes,no,yes,yes,no,NonCommercial license; exclude from paid app unless the recordist grants permission.
515,Roadside Hawk,Rupornis magnirostris,"Hawks, Kites, Eagles, and Allies (Accipitridae)",1101667,Albert Lastukhin,https://xeno-canto.org/1101667,CC BY-NC-ND 4.0,https://creativecommons.org/licenses/by-nc-nd/4.0/,27.0,0.0,20.0,20.0,yes,no,no,no,no,NonCommercial license; exclude from paid app unless the recordist grants permission.
129,Rock Pigeon,Columba livia,Pigeons and Doves (Columbidae),485507,Paul Marvin,https://xeno-canto.org/485507,CC BY-NC-SA 4.0,https://creativecommons.org/licenses/by-nc-sa/4.0/,20.0,0.0,20.0,20.0,yes,no,yes,yes,no,NonCommercial license; exclude from paid app unless the recordist grants permission.
82,Rock Ptarmigan,Lagopus muta,"Partridges, Grouse, Turkeys, and Old World Quail (Phasianidae)",406103,Patrik Åberg,https://xeno-canto.org/406103,CC BY-NC-SA 4.0,https://creativecommons.org/licenses/by-nc-sa/4.0/,23.0,0.0,20.0,20.0,yes,no,yes,yes,no,NonCommercial license; exclude from paid app unless the recordist grants permission.
260,Rock Sandpiper,Calidris ptilocnemis,"Sandpipers, Phalaropes, and Allies (Scolopacidae)",406192,Patrik Åberg,https://xeno-canto.org/406192,CC BY-NC-SA 4.0,https://creativecommons.org/licenses/by-nc-sa/4.0/,8.0,0.0,8.0,8.0,yes,no,yes,yes,no,NonCommercial license; exclude from paid app unless the recordist grants permission.
775,Rock Wren,Salpinctes obsoletus,Wrens (Troglodytidae),1080773,Scott Olmstead,https://xeno-canto.org/1080773,CC BY-NC-SA 4.0,https://creativecommons.org/licenses/by-nc-sa/4.0/,30.0,0.0,20.0,20.0,yes,no,yes,yes,no,NonCommercial license; exclude from paid app unless the recordist grants permission.
1066,Rose-breasted Grosbeak,Pheucticus ludovicianus,"Cardinals, Piranga Tanagers and Allies (Cardinalidae)",1087131,Sue Riffe,https://xeno-canto.org/1087131,CC BY-NC-SA 4.0,https://creativecommons.org/licenses/by-nc-sa/4.0/,71.0,13.67,33.67,20.0,yes,no,yes,yes,no,NonCommercial license; exclude from paid app unless the recordist grants permission.
608,Rose-ringed Parakeet,Psittacula krameri,"Lories, Lovebirds, and Australasian Parrots (Psittaculidae)",267026,Andrew Spencer,https://xeno-canto.org/267026,CC BY-NC-SA 4.0,https://creativecommons.org/licenses/by-nc-sa/4.0/,70.0,13.33,33.33,20.0,yes,no,yes,yes,no,NonCommercial license; exclude from paid app unless the recordist grants permission.
612,Rose-throated Becard,Pachyramphus aglaiae,"Becards, Tityras, and Allies (Tityridae)",937245,Richard E. Webster,https://xeno-canto.org/937245,CC BY-NC-SA 4.0,https://creativecommons.org/licenses/by-nc-sa/4.0/,9.0,0.0,9.0,9.0,yes,no,yes,yes,no,NonCommercial license; exclude from paid app unless the recordist grants permission.
469,Roseate Spoonbill,Platalea ajaja,Ibises and Spoonbills (Threskiornithidae),451725,Paul Marvin,https://xeno-canto.org/451725,CC BY-NC-SA 4.0,https://creativecommons.org/licenses/by-nc-sa/4.0/,6.0,0.0,6.0,6.0,yes,no,yes,yes,no,NonCommercial license; exclude from paid app unless the recordist grants permission.
337,Roseate Tern,Sterna dougallii,"Gulls, Terns, and Skimmers (Laridae)",59501,Ian Davies,https://xeno-canto.org/59501,CC BY-NC-ND 2.5,https://creativecommons.org/licenses/by-nc-nd/2.5/,2.0,0.0,2.0,2.0,yes,no,no,no,no,NonCommercial license; exclude from paid app unless the recordist grants permission.
5,Ross's Goose,Anser rossii,"Ducks, Geese, and Swans (Anatidae)",452083,Paul Marvin,https://xeno-canto.org/452083,CC BY-NC-SA 4.0,https://creativecommons.org/licenses/by-nc-sa/4.0/,18.0,0.0,18.0,18.0,yes,no,yes,yes,no,NonCommercial license; exclude from paid app unless the recordist grants permission.
355,Ross's Gull,Rhodostethia rosea,"Gulls, Terns, and Skimmers (Laridae)",353272,Andrew Spencer,https://xeno-canto.org/353272,CC BY-NC-ND 4.0,https://creativecommons.org/licenses/by-nc-nd/4.0/,8.0,0.0,8.0,8.0,yes,no,no,no,no,NonCommercial license; exclude from paid app unless the recordist grants permission.
609,Rosy-faced Lovebird,Agapornis roseicollis,"Lories, Lovebirds, and Australasian Parrots (Psittaculidae)",469513,Barry Edmonston,https://xeno-canto.org/469513,CC BY-NC-SA 4.0,https://creativecommons.org/licenses/by-nc-sa/4.0/,46.0,5.33,25.33,20.0,yes,no,yes,yes,no,NonCommercial license; exclude from paid app unless the recordist grants permission.
526,Rough-legged Hawk,Buteo lagopus,"Hawks, Kites, Eagles, and Allies (Accipitridae)",691202,Thomas G. Graves,https://xeno-canto.org/691202,CC BY-NC-SA 4.0,https://creativecommons.org/licenses/by-nc-sa/4.0/,29.0,0.0,20.0,20.0,yes,no,yes,yes,no,NonCommercial license; exclude from paid app unless the recordist grants permission.
341,Royal Tern,Thalasseus maximus,"Gulls, Terns, and Skimmers (Laridae)",741616,William Whitehead,https://xeno-canto.org/741616,CC BY-NC-ND 4.0,https://creativecommons.org/licenses/by-nc-nd/4.0/,31.0,0.33,20.33,20.0,yes,no,no,no,no,NonCommercial license; exclude from paid app unless the recordist grants permission.
760,Ruby-crowned Kinglet,Corthylio calendula,Kinglets (Regulidae),898749,Valerie Heemstra,https://xeno-canto.org/898749,CC BY-NC-SA 4.0,https://creativecommons.org/licenses/by-nc-sa/4.0/,74.0,14.67,34.67,20.0,yes,no,yes,yes,no,NonCommercial license; exclude from paid app unless the recordist grants permission.
166,Ruby-throated Hummingbird,Archilochus colubris,Hummingbirds (Trochilidae),691886,Christopher McPherson,https://xeno-canto.org/691886,CC BY-NC-SA 4.0,https://creativecommons.org/licenses/by-nc-sa/4.0/,41.0,3.67,23.67,20.0,yes,no,yes,yes,no,NonCommercial license; exclude from paid app unless the recordist grants permission.
70,Ruddy Duck,Oxyura jamaicensis,"Ducks, Geese, and Swans (Anatidae)",109911,Andrew Spencer,https://xeno-canto.org/109911,CC BY-NC-SA 3.0,https://creativecommons.org/licenses/by-nc-sa/3.0/,53.0,7.67,27.67,20.0,yes,no,yes,yes,no,NonCommercial license; exclude from paid app unless the recordist grants permission.
112,Ruddy Ground Dove,Columbina talpacoti,Pigeons and Doves (Columbidae),1080135,JAYRSON ARAUJO DE OLIVEIRA,https://xeno-canto.org/1080135,CC BY-NC-SA 4.0,https://creativecommons.org/licenses/by-nc-sa/4.0/,7.0,0.0,7.0,7.0,yes,no,yes,yes,no,NonCommercial license; exclude from paid app unless the recordist grants permission.
113,Ruddy Quail-Dove,Geotrygon montana,Pigeons and Doves (Columbidae),1086400,Fernando Igor de Godoy,https://xeno-canto.org/1086400,CC BY-NC-SA 4.0,https://creativecommons.org/licenses/by-nc-sa/4.0/,35.0,1.67,21.67,20.0,yes,no,yes,yes,no,NonCommercial license; exclude from paid app unless the recordist grants permission.
244,Ruddy Turnstone,Arenaria interpres,"Sandpipers, Phalaropes, and Allies (Scolopacidae)",145872,Paul Marvin,https://xeno-canto.org/145872,CC BY-NC-SA 3.0,https://creativecommons.org/licenses/by-nc-sa/3.0/,27.0,0.0,20.0,20.0,yes,no,yes,yes,no,NonCommercial license; exclude from paid app unless the recordist grants permission.
249,Ruff,Calidris pugnax,"Sandpipers, Phalaropes, and Allies (Scolopacidae)",821426,Paul Kelly,https://xeno-canto.org/821426,CC BY-NC-SA 4.0,https://creativecommons.org/licenses/by-nc-sa/4.0/,11.0,0.0,11.0,11.0,yes,no,yes,yes,no,NonCommercial license; exclude from paid app unless the recordist grants permission.
79,Ruffed Grouse,Bonasa umbellus,"Partridges, Grouse, Turkeys, and Old World Quail (Phasianidae)",1044742,Valerie Heemstra,https://xeno-canto.org/1044742,CC BY-NC-SA 4.0,https://creativecommons.org/licenses/by-nc-sa/4.0/,113.0,27.67,47.67,20.0,yes,no,yes,yes,no,NonCommercial license; exclude from paid app unless the recordist grants permission.
172,Rufous Hummingbird,Selasphorus rufus,Hummingbirds (Trochilidae),609195,Sue Riffe,https://xeno-canto.org/609195,CC BY-NC-SA 4.0,https://creativecommons.org/licenses/by-nc-sa/4.0/,57.0,9.0,29.0,20.0,yes,no,yes,yes,no,NonCommercial license; exclude from paid app unless the recordist grants permission.
827,Rufous-backed Robin,Turdus rufopalliatus,Thrushes (Turdidae),707594,Jarrod Swackhamer,https://xeno-canto.org/707594,CC BY-NC-SA 4.0,https://creativecommons.org/licenses/by-nc-sa/4.0/,2.0,0.0,2.0,2.0,yes,no,yes,yes,no,NonCommercial license; exclude from paid app unless the recordist grants permission.
1050,Rufous-capped Warbler,Basileuterus rufifrons,Wood-Warblers (Parulidae),559024,Phoenix Birder,https://xeno-canto.org/559024,CC BY-NC-SA 4.0,https://creativecommons.org/licenses/by-nc-sa/4.0/,98.0,22.67,42.67,20.0,yes,no,yes,yes,no,NonCommercial license; exclude from paid app unless the recordist grants permission.
970,Rufous-crowned Sparrow,Aimophila ruficeps,Towhees and Sparrows (Passerellidae),991587,Ed Pandolfino,https://xeno-canto.org/991587,CC BY-NC-SA 4.0,https://creativecommons.org/licenses/by-nc-sa/4.0/,135.0,35.0,55.0,20.0,yes,no,yes,yes,no,NonCommercial license; exclude from paid app unless the recordist grants permission.
191,Rufous-necked Wood-Rail,Aramides axillaris,"Rails, Gallinules, and Coots (Rallidae)",142867,Jim Holmes,https://xeno-canto.org/142867,CC BY-NC-SA 3.0,https://creativecommons.org/licenses/by-nc-sa/3.0/,7.0,0.0,7.0,7.0,yes,no,yes,yes,no,NonCommercial license; exclude from paid app unless the recordist grants permission.
838,Rufous-tailed Robin,Larvivora sibilans,Old World Flycatchers (Muscicapidae),1105223,小菜鸟,https://xeno-canto.org/1105223,CC BY-NC-SA 4.0,https://creativecommons.org/licenses/by-nc-sa/4.0/,58.0,9.33,29.33,20.0,yes,no,yes,yes,no,NonCommercial license; exclude from paid app unless the recordist grants permission.
846,Rufous-tailed Rock-Thrush (Rock-thrush),Monticola saxatilis,Old World Flycatchers (Muscicapidae),1029447,florent yvert,https://xeno-canto.org/1029447,CC BY-NC-SA 4.0,https://creativecommons.org/licenses/by-nc-sa/4.0/,5.0,0.0,5.0,5.0,yes,no,yes,yes,no,NonCommercial license; exclude from paid app unless the recordist grants permission.
930,Rufous-winged Sparrow,Peucaea carpalis,Towhees and Sparrows (Passerellidae),1089155,Scott Crabtree,https://xeno-canto.org/1089155,CC BY-NC-SA 4.0,https://creativecommons.org/licenses/by-nc-sa/4.0/,118.0,29.33,49.33,20.0,yes,no,yes,yes,no,NonCommercial license; exclude from paid app unless the recordist grants permission.
925,Rustic Bunting,Emberiza rustica,Emberizids (Emberizidae),1090462,Petter Westberg,https://xeno-canto.org/1090462,CC BY-NC-SA 4.0,https://creativecommons.org/licenses/by-nc-sa/4.0/,38.0,2.67,22.67,20.0,yes,no,yes,yes,no,NonCommercial license; exclude from paid app unless the recordist grants permission.
997,Rusty Blackbird,Euphagus carolinus,Blackbirds (Icteridae),936861,Valerie Heemstra,https://xeno-canto.org/936861,CC BY-NC-SA 4.0,https://creativecommons.org/licenses/by-nc-sa/4.0/,98.0,22.67,42.67,20.0,yes,no,yes,yes,no,NonCommercial license; exclude from paid app unless the recordist grants permission.
350,Sabine's Gull,Xema sabini,"Gulls, Terns, and Skimmers (Laridae)",406448,Patrik Åberg,https://xeno-canto.org/406448,CC BY-NC-SA 4.0,https://creativecommons.org/licenses/by-nc-sa/4.0/,39.0,3.0,23.0,20.0,yes,no,yes,yes,no,NonCommercial license; exclude from paid app unless the recordist grants permission.
1078,Saffron Finch,Sicalis flaveola,Tanagers and Allies (Thraupidae),175221,Dan Lane,https://xeno-canto.org/175221,CC BY-NC-SA 4.0,https://creativecommons.org/licenses/by-nc-sa/4.0/,33.0,1.0,21.0,20.0,yes,no,yes,yes,no,NonCommercial license; exclude from paid app unless the recordist grants permission.
795,Sage Thrasher,Oreoscoptes montanus,Mockingbirds and Thrashers (Mimidae),1007049,Ed Pandolfino,https://xeno-canto.org/1007049,CC BY-NC-SA 4.0,https://creativecommons.org/licenses/by-nc-sa/4.0/,51.0,7.0,27.0,20.0,yes,no,yes,yes,no,NonCommercial license; exclude from paid app unless the recordist grants permission.
955,Sagebrush Sparrow,Artemisiospiza nevadensis,Towhees and Sparrows (Passerellidae),962379,A Richardson,https://xeno-canto.org/962379,CC BY-NC-SA 4.0,https://creativecommons.org/licenses/by-nc-sa/4.0/,6.0,0.0,6.0,6.0,yes,no,yes,yes,no,NonCommercial license; exclude from paid app unless the recordist grants permission.
960,Saltmarsh Sparrow,Ammospiza caudacuta,Towhees and Sparrows (Passerellidae),1068535,Kelly Faller,https://xeno-canto.org/1068535,CC BY-NC-SA 4.0,https://creativecommons.org/licenses/by-nc-sa/4.0/,25.0,0.0,20.0,20.0,yes,no,yes,yes,no,NonCommercial license; exclude from paid app unless the recordist grants permission.
391,Salvin's Albatross,Thalassarche salvini,Albatrosses (Diomedeidae),502551,Cristian Pinto,https://xeno-canto.org/502551,CC BY-NC-SA 4.0,https://creativecommons.org/licenses/by-nc-sa/4.0/,2.0,0.0,2.0,2.0,yes,no,yes,yes,no,NonCommercial license; exclude from paid app unless the recordist grants permission.
258,Sanderling,Calidris alba,"Sandpipers, Phalaropes, and Allies (Scolopacidae)",92032,Andrew Spencer,https://xeno-canto.org/92032,CC BY-NC-ND 2.5,https://creativecommons.org/licenses/by-nc-nd/2.5/,8.0,0.0,8.0,8.0,yes,no,no,no,no,NonCommercial license; exclude from paid app unless the recordist grants permission.
185,Sandhill Crane,Antigone canadensis,Cranes (Gruidae),711301,Valerie Heemstra,https://xeno-canto.org/711301,CC BY-NC-SA 4.0,https://creativecommons.org/licenses/by-nc-sa/4.0/,14.0,0.0,14.0,14.0,yes,no,yes,yes,no,NonCommercial license; exclude from paid app unless the recordist grants permission.
343,Sandwich Tern,Thalasseus sandvicensis,"Gulls, Terns, and Skimmers (Laridae)",727975,Robert Dobbs,https://xeno-canto.org/727975,CC BY-NC-SA 4.0,https://creativecommons.org/licenses/by-nc-sa/4.0/,22.0,0.0,20.0,20.0,yes,no,yes,yes,no,NonCommercial license; exclude from paid app unless the recordist grants permission.
446,Sargasso Shearwater,Puffinus lherminieri,Shearwaters and Petrels (Procellariidae),871522,William Mackin,https://xeno-canto.org/871522,CC BY-NC-SA 4.0,https://creativecommons.org/licenses/by-nc-sa/4.0/,7.0,0.0,7.0,7.0,yes,no,yes,yes,no,NonCommercial license; exclude from paid app unless the recordist grants permission.
963,Savannah Sparrow,Passerculus sandwichensis,Towhees and Sparrows (Passerellidae),1060896,Benjamin Drillat,https://xeno-canto.org/1060896,CC BY-NC-SA 4.0,https://creativecommons.org/licenses/by-nc-sa/4.0/,19.0,0.0,19.0,19.0,yes,no,yes,yes,no,NonCommercial license; exclude from paid app unless the recordist grants permission.
658,Say's Phoebe,Sayornis saya,Tyrant Flycatchers (Tyrannidae),1078494,Richard E. Webster,https://xeno-canto.org/1078494,CC BY-NC-SA 4.0,https://creativecommons.org/licenses/by-nc-sa/4.0/,20.0,0.0,20.0,20.0,yes,no,yes,yes,no,NonCommercial license; exclude from paid app unless the recordist grants permission.
74,Scaled Quail,Callipepla squamata,New World Quail (Odontophoridae),255120,Richard E. Webster,https://xeno-canto.org/255120,CC BY-NC-SA 4.0,https://creativecommons.org/licenses/by-nc-sa/4.0/,19.0,0.0,19.0,19.0,yes,no,yes,yes,no,NonCommercial license; exclude from paid app unless the recordist grants permission.
853,Scaly-breasted Munia,Lonchura punctulata,Waxbills (Estrildidae),1015325,Nancy Salem,https://xeno-canto.org/1015325,CC BY-NC-SA 4.0,https://creativecommons.org/licenses/by-nc-sa/4.0/,11.0,0.0,11.0,11.0,yes,no,yes,yes,no,NonCommercial license; exclude from paid app unless the recordist grants permission.
120,Scaly-naped Pigeon,Patagioenas squamosa,Pigeons and Doves (Columbidae),962755,Hans Matheve,https://xeno-canto.org/962755,CC BY-NC-ND 4.0,https://creativecommons.org/licenses/by-nc-nd/4.0/,100.0,23.33,43.33,20.0,yes,no,no,no,no,NonCommercial license; exclude from paid app unless the recordist grants permission.
466,Scarlet Ibis,Eudocimus ruber,Ibises and Spoonbills (Threskiornithidae),1016019,Dante Buzzetti,https://xeno-canto.org/1016019,CC BY-NC-SA 4.0,https://creativecommons.org/licenses/by-nc-sa/4.0/,13.0,0.0,13.0,13.0,yes,no,yes,yes,no,NonCommercial license; exclude from paid app unless the recordist grants permission.
1059,Scarlet Tanager,Piranga olivacea,"Cardinals, Piranga Tanagers and Allies (Cardinalidae)",1036515,Bobby Wilcox,https://xeno-canto.org/1036515,CC BY-NC-SA 4.0,https://creativecommons.org/licenses/by-nc-sa/4.0/,28.0,0.0,20.0,20.0,yes,no,yes,yes,no,NonCommercial license; exclude from paid app unless the recordist grants permission.
1111,Scarlet Tanager,Piranga olivacea,"Cardinals, Piranga Tanagers and Allies (Cardinalidae)",1002740,Sue Riffe,https://xeno-canto.org/1002740,CC BY-NC-SA 4.0,https://creativecommons.org/licenses/by-nc-sa/4.0/,25.0,0.0,20.0,20.0,yes,no,yes,yes,no,NonCommercial license; exclude from paid app unless the recordist grants permission.
637,Scissor-tailed Flycatcher,Tyrannus forficatus,Tyrant Flycatchers (Tyrannidae),323788,Terry Davis,https://xeno-canto.org/323788,CC BY-NC-SA 4.0,https://creativecommons.org/licenses/by-nc-sa/4.0/,76.0,15.33,35.33,20.0,yes,no,yes,yes,no,NonCommercial license; exclude from paid app unless the recordist grants permission.
432,Scopoli's Shearwater,Calonectris diomedea,Shearwaters and Petrels (Procellariidae),994262,Lo Valvo Fabio,https://xeno-canto.org/994262,CC BY-NC-SA 4.0,https://creativecommons.org/licenses/by-nc-sa/4.0/,86.0,18.67,38.67,20.0,yes,no,yes,yes,no,NonCommercial license; exclude from paid app unless the recordist grants permission.
990,Scott's Oriole,Icterus parisorum,Blackbirds (Icteridae),1000436,David Tattersley,https://xeno-canto.org/1000436,CC BY-NC-SA 4.0,https://creativecommons.org/licenses/by-nc-sa/4.0/,17.0,0.0,17.0,17.0,yes,no,yes,yes,no,NonCommercial license; exclude from paid app unless the recordist grants permission.
310,Scripps's Murrelet,Synthliboramphus scrippsi,"Auks, Murres, and Puffins (Alcidae)",950134,Matthew L. Brady,https://xeno-canto.org/950134,CC BY-NC-SA 4.0,https://creativecommons.org/licenses/by-nc-sa/4.0/,34.0,1.33,21.33,20.0,yes,no,yes,yes,no,NonCommercial license; exclude from paid app unless the recordist grants permission.
958,Seaside Sparrow,Ammospiza maritima,Towhees and Sparrows (Passerellidae),992996,Bill Grantham,https://xeno-canto.org/992996,CC BY-NC-SA 4.0,https://creativecommons.org/licenses/by-nc-sa/4.0/,31.0,0.33,20.33,20.0,yes,no,yes,yes,no,NonCommercial license; exclude from paid app unless the recordist grants permission.
722,Sedge Warbler,Acrocephalus schoenobaenus,Reed Warblers (Acrocephalidae),1105827,Mathew Robinson,https://xeno-canto.org/1105827,CC BY-NC-SA 4.0,https://creativecommons.org/licenses/by-nc-sa/4.0/,31.0,0.33,20.33,20.0,yes,no,yes,yes,no,NonCommercial license; exclude from paid app unless the recordist grants permission.
784,Sedge Wren,Cistothorus stellaris,Wrens (Troglodytidae),1016532,Valerie Heemstra,https://xeno-canto.org/1016532,CC BY-NC-SA 4.0,https://creativecommons.org/licenses/by-nc-sa/4.0/,140.0,36.67,56.67,20.0,yes,no,yes,yes,no,NonCommercial license; exclude from paid app unless the recordist grants permission.
220,Semipalmated Plover,Charadrius semipalmatus,Lapwings and Plovers (Charadriidae),957625,Daniel Lopez-Velasco / Ornis Birding,https://xeno-canto.org/957625,CC BY-NC-SA 4.0,https://creativecommons.org/licenses/by-nc-sa/4.0/,52.0,7.33,27.33,20.0,yes,no,yes,yes,no,NonCommercial license; exclude from paid app unless the recordist grants permission.
268,Semipalmated Sandpiper,Calidris pusilla,"Sandpipers, Phalaropes, and Allies (Scolopacidae)",1060879,Benjamin Drillat,https://xeno-canto.org/1060879,CC BY-NC-SA 4.0,https://creativecommons.org/licenses/by-nc-sa/4.0/,61.0,10.33,30.33,20.0,yes,no,yes,yes,no,NonCommercial license; exclude from paid app unless the recordist grants permission.
500,Sharp-shinned Hawk,Accipiter striatus,"Hawks, Kites, Eagles, and Allies (Accipitridae)",973880,Richard E. Webster,https://xeno-canto.org/973880,CC BY-NC-SA 4.0,https://creativecommons.org/licenses/by-nc-sa/4.0/,130.0,33.33,53.33,20.0,yes,no,yes,yes,no,NonCommercial license; exclude from paid app unless the recordist grants permission.
88,Sharp-tailed Grouse,Tympanuchus phasianellus,"Partridges, Grouse, Turkeys, and Old World Quail (Phasianidae)",940427,Sue Riffe,https://xeno-canto.org/940427,CC BY-NC-SA 4.0,https://creativecommons.org/licenses/by-nc-sa/4.0/,34.0,1.33,21.33,20.0,yes,no,yes,yes,no,NonCommercial license; exclude from paid app unless the recordist grants permission.
251,Sharp-tailed Sandpiper,Calidris acuminata,"Sandpipers, Phalaropes, and Allies (Scolopacidae)",107605,Ryan P. O&#039;Donnell,https://xeno-canto.org/107605,CC BY-NC-ND 2.5,https://creativecommons.org/licenses/by-nc-nd/2.5/,7.0,0.0,7.0,7.0,yes,no,no,no,no,NonCommercial license; exclude from paid app unless the recordist grants permission.
994,Shiny Cowbird,Molothrus bonariensis,Blackbirds (Icteridae),364743,Paul Marvin,https://xeno-canto.org/364743,CC BY-NC-SA 4.0,https://creativecommons.org/licenses/by-nc-sa/4.0/,10.0,0.0,10.0,10.0,yes,no,yes,yes,no,NonCommercial license; exclude from paid app unless the recordist grants permission.
270,Short-billed Dowitcher,Limnodromus griseus,"Sandpipers, Phalaropes, and Allies (Scolopacidae)",651127,Paul Driver,https://xeno-canto.org/651127,CC BY-NC-SA 4.0,https://creativecommons.org/licenses/by-nc-sa/4.0/,4.0,0.0,4.0,4.0,yes,no,yes,yes,no,NonCommercial license; exclude from paid app unless the recordist grants permission.
364,Short-billed Gull,Larus brachyrhynchus,"Gulls, Terns, and Skimmers (Laridae)",189388,Andrew Spencer,https://xeno-canto.org/189388,CC BY-NC-SA 4.0,https://creativecommons.org/licenses/by-nc-sa/4.0/,24.0,0.0,20.0,20.0,yes,no,yes,yes,no,NonCommercial license; exclude from paid app unless the recordist grants permission.
547,Short-eared Owl,Asio flammeus,Typical Owls (Strigidae),344157,Bruce Lagerquist,https://xeno-canto.org/344157,CC BY-NC-SA 4.0,https://creativecommons.org/licenses/by-nc-sa/4.0/,141.0,37.0,57.0,20.0,yes,no,yes,yes,no,NonCommercial license; exclude from paid app unless the recordist grants permission.
522,Short-tailed Hawk,Buteo brachyurus,"Hawks, Kites, Eagles, and Allies (Accipitridae)",780440,Valerie Heemstra,https://xeno-canto.org/780440,CC BY-NC-SA 4.0,https://creativecommons.org/licenses/by-nc-sa/4.0/,21.0,0.0,20.0,20.0,yes,no,yes,yes,no,NonCommercial license; exclude from paid app unless the recordist grants permission.
437,Short-tailed Shearwater,Ardenna tenuirostris,Shearwaters and Petrels (Procellariidae),859657,Peter Boesman,https://xeno-canto.org/859657,CC BY-NC-ND 4.0,https://creativecommons.org/licenses/by-nc-nd/4.0/,19.0,0.0,19.0,19.0,yes,no,no,no,no,NonCommercial license; exclude from paid app unless the recordist grants permission.
859,Siberian Accentor,Prunella montanella,Accentors (Prunellidae),675129,Albert Lastukhin,https://xeno-canto.org/675129,CC BY-NC-ND 4.0,https://creativecommons.org/licenses/by-nc-nd/4.0/,10.0,0.0,10.0,10.0,yes,no,no,no,no,NonCommercial license; exclude from paid app unless the recordist grants permission.
837,Siberian Blue Robin,Larvivora cyane,Old World Flycatchers (Muscicapidae),993313,Ray Tsu 诸仁,https://xeno-canto.org/993313,CC BY-NC-SA 4.0,https://creativecommons.org/licenses/by-nc-sa/4.0/,177.0,49.0,69.0,20.0,yes,no,yes,yes,no,NonCommercial license; exclude from paid app unless the recordist grants permission.
741,Siberian House-Martin,Delichon lagopodum,Swallows (Hirundinidae),721434,Geoff Carey,https://xeno-canto.org/721434,CC BY-NC-SA 4.0,https://creativecommons.org/licenses/by-nc-sa/4.0/,142.0,37.33,57.33,20.0,yes,no,yes,yes,no,NonCommercial license; exclude from paid app unless the recordist grants permission.
840,Siberian Rubythroat,Calliope calliope,Old World Flycatchers (Muscicapidae),1097799,Bo Shunqi 薄顺奇,https://xeno-canto.org/1097799,CC BY-NC-SA 4.0,https://creativecommons.org/licenses/by-nc-sa/4.0/,52.0,7.33,27.33,20.0,yes,no,yes,yes,no,NonCommercial license; exclude from paid app unless the recordist grants permission.
848,Siberian Stonechat,Saxicola maurus,Old World Flycatchers (Muscicapidae),378862,Oscar Campbell,https://xeno-canto.org/378862,CC BY-NC-SA 4.0,https://creativecommons.org/licenses/by-nc-sa/4.0/,21.0,0.0,20.0,20.0,yes,no,yes,yes,no,NonCommercial license; exclude from paid app unless the recordist grants permission.
777,Sinaloa Wren,Thryophilus sinaloa,Wrens (Troglodytidae),279006,Nick Komar,https://xeno-canto.org/279006,CC BY-NC-SA 4.0,https://creativecommons.org/licenses/by-nc-sa/4.0/,41.0,3.67,23.67,20.0,yes,no,yes,yes,no,NonCommercial license; exclude from paid app unless the recordist grants permission.
1056,Slate-throated Redstart,Myioborus miniatus,Wood-Warblers (Parulidae),924698,Linzy L.,https://xeno-canto.org/924698,CC BY-NC-SA 4.0,https://creativecommons.org/licenses/by-nc-sa/4.0/,15.0,0.0,15.0,15.0,yes,no,yes,yes,no,NonCommercial license; exclude from paid app unless the recordist grants permission.
375,Slaty-backed Gull,Larus schistisagus,"Gulls, Terns, and Skimmers (Laridae)",403143,Sean Williams,https://xeno-canto.org/403143,CC BY-NC-SA 4.0,https://creativecommons.org/licenses/by-nc-sa/4.0/,12.0,0.0,12.0,12.0,yes,no,yes,yes,no,NonCommercial license; exclude from paid app unless the recordist grants permission.
238,Slender-billed Curlew,Numenius tenuirostris,"Sandpipers, Phalaropes, and Allies (Scolopacidae)",398794,Adam Gretton,https://xeno-canto.org/398794,CC BY-NC-SA 4.0,https://creativecommons.org/licenses/by-nc-sa/4.0/,10.0,0.0,10.0,10.0,yes,no,yes,yes,no,NonCommercial license; exclude from paid app unless the recordist grants permission.
615,Small-billed Elaenia,Elaenia parvirostris,Tyrant Flycatchers (Tyrannidae),951954,Pedro Rinaldi,https://xeno-canto.org/951954,CC BY-NC-SA 4.0,https://creativecommons.org/licenses/by-nc-sa/4.0/,11.0,0.0,11.0,11.0,yes,no,yes,yes,no,NonCommercial license; exclude from paid app unless the recordist grants permission.
65,Smew,Mergellus albellus,"Ducks, Geese, and Swans (Anatidae)",618593,Jarek Matusiak,https://xeno-canto.org/618593,CC BY-NC-ND 4.0,https://creativecommons.org/licenses/by-nc-nd/4.0/,14.0,0.0,14.0,14.0,yes,no,no,no,no,NonCommercial license; exclude from paid app unless the recordist grants permission.
918,Smith's Longspur,Calcarius pictus,Longspurs and Snow Buntings (Calcariidae),356214,Frank Lambert,https://xeno-canto.org/356214,CC BY-NC-ND 4.0,https://creativecommons.org/licenses/by-nc-nd/4.0/,4.0,0.0,4.0,4.0,yes,no,no,no,no,NonCommercial license; exclude from paid app unless the recordist grants permission.
131,Smooth-billed Ani,Crotophaga ani,"Cuckoos, Roadrunners, and Anis (Cuculidae)",1071052,Noah Khanti Steinberg,https://xeno-canto.org/1071052,CC BY-NC-SA 4.0,https://creativecommons.org/licenses/by-nc-sa/4.0/,4.0,0.0,4.0,4.0,yes,no,yes,yes,no,NonCommercial license; exclude from paid app unless the recordist grants permission.
512,Snail Kite,Rostrhamus sociabilis,"Hawks, Kites, Eagles, and Allies (Accipitridae)",1047930,Patrick J. Blake,https://xeno-canto.org/1047930,CC BY-NC-SA 4.0,https://creativecommons.org/licenses/by-nc-sa/4.0/,10.0,0.0,10.0,10.0,yes,no,yes,yes,no,NonCommercial license; exclude from paid app unless the recordist grants permission.
920,Snow Bunting,Plectrophenax nivalis,Longspurs and Snow Buntings (Calcariidae),1010216,Benjamin Drillat,https://xeno-canto.org/1010216,CC BY-NC-SA 4.0,https://creativecommons.org/licenses/by-nc-sa/4.0/,68.0,12.67,32.67,20.0,yes,no,yes,yes,no,NonCommercial license; exclude from paid app unless the recordist grants permission.
4,Snow Goose,Anser caerulescens,"Ducks, Geese, and Swans (Anatidae)",598120,Richard E. Webster,https://xeno-canto.org/598120,CC BY-NC-SA 4.0,https://creativecommons.org/licenses/by-nc-sa/4.0/,146.0,38.67,58.67,20.0,yes,no,yes,yes,no,NonCommercial license; exclude from paid app unless the recordist grants permission.
479,Snowy Egret,Egretta thula,"Bitterns, Herons, and Allies (Ardeidae)",1043531,Sue Riffe,https://xeno-canto.org/1043531,CC BY-NC-SA 4.0,https://creativecommons.org/licenses/by-nc-sa/4.0/,4.0,0.0,4.0,4.0,yes,no,yes,yes,no,NonCommercial license; exclude from paid app unless the recordist grants permission.
536,Snowy Owl,Bubo scandiacus,Typical Owls (Strigidae),424514,Pietro DAmelio,https://xeno-canto.org/424514,CC BY-NC-SA 4.0,https://creativecommons.org/licenses/by-nc-sa/4.0/,17.0,0.0,17.0,17.0,yes,no,yes,yes,no,NonCommercial license; exclude from paid app unless the recordist grants permission.
228,Snowy Plover,Anarhynchus nivosus,Lapwings and Plovers (Charadriidae),286814,Paul Marvin,https://xeno-canto.org/286814,CC BY-NC-SA 4.0,https://creativecommons.org/licenses/by-nc-sa/4.0/,68.0,12.67,32.67,20.0,yes,no,yes,yes,no,NonCommercial license; exclude from paid app unless the recordist grants permission.
624,Social Flycatcher,Myiozetetes similis,Tyrant Flycatchers (Tyrannidae),688564,MiriamEaglemon,https://xeno-canto.org/688564,CC BY-NC-SA 4.0,https://creativecommons.org/licenses/by-nc-sa/4.0/,13.0,0.0,13.0,13.0,yes,no,yes,yes,no,NonCommercial license; exclude from paid app unless the recordist grants permission.
283,Solitary Sandpiper,Tringa solitaria,"Sandpipers, Phalaropes, and Allies (Scolopacidae)",993454,Don Profota,https://xeno-canto.org/993454,CC BY-NC-SA 4.0,https://creativecommons.org/licenses/by-nc-sa/4.0/,4.0,0.0,4.0,4.0,yes,no,yes,yes,no,NonCommercial license; exclude from paid app unless the recordist grants permission.
275,Solitary Snipe,Gallinago solitaria,"Sandpipers, Phalaropes, and Allies (Scolopacidae)",188630,Vladimir Arkhipov,https://xeno-canto.org/188630,CC BY-NC-SA 4.0,https://creativecommons.org/licenses/by-nc-sa/4.0/,71.0,13.67,33.67,20.0,yes,no,yes,yes,no,NonCommercial license; exclude from paid app unless the recordist grants permission.
964,Song Sparrow,Melospiza melodia,Towhees and Sparrows (Passerellidae),1095092,Bill Pyle,https://xeno-canto.org/1095092,CC BY-NC-SA 4.0,https://creativecommons.org/licenses/by-nc-sa/4.0/,72.0,14.0,34.0,20.0,yes,no,yes,yes,no,NonCommercial license; exclude from paid app unless the recordist grants permission.
824,Song Thrush,Turdus philomelos,Thrushes (Turdidae),1105915,Miika Silfverberg,https://xeno-canto.org/1105915,CC BY-NC-SA 4.0,https://creativecommons.org/licenses/by-nc-sa/4.0/,127.0,32.33,52.33,20.0,yes,no,yes,yes,no,NonCommercial license; exclude from paid app unless the recordist grants permission.
87,Sooty Grouse,Dendragapus fuliginosus,"Partridges, Grouse, Turkeys, and Old World Quail (Phasianidae)",76357,Andrew Spencer,https://xeno-canto.org/76357,CC BY-NC-ND 2.5,https://creativecommons.org/licenses/by-nc-nd/2.5/,91.0,20.33,40.33,20.0,yes,no,no,no,no,NonCommercial license; exclude from paid app unless the recordist grants permission.
438,Sooty Shearwater,Ardenna grisea,Shearwaters and Petrels (Procellariidae),845182,Daniel Parker,https://xeno-canto.org/845182,CC BY-NC-SA 4.0,https://creativecommons.org/licenses/by-nc-sa/4.0/,5.0,0.0,5.0,5.0,yes,no,yes,yes,no,NonCommercial license; exclude from paid app unless the recordist grants permission.
324,Sooty Tern,Onychoprion fuscatus,"Gulls, Terns, and Skimmers (Laridae)",766345,Saxony Charlot,https://xeno-canto.org/766345,CC BY-NC-SA 4.0,https://creativecommons.org/licenses/by-nc-sa/4.0/,23.0,0.0,20.0,20.0,yes,no,yes,yes,no,NonCommercial license; exclude from paid app unless the recordist grants permission.
197,Sora,Porzana carolina,"Rails, Gallinules, and Coots (Rallidae)",904792,Valerie Heemstra,https://xeno-canto.org/904792,CC BY-NC-SA 4.0,https://creativecommons.org/licenses/by-nc-sa/4.0/,17.0,0.0,17.0,17.0,yes,no,yes,yes,no,NonCommercial license; exclude from paid app unless the recordist grants permission.
299,South Polar Skua,Stercorarius maccormicki,Skuas and Jaegers (Stercorariidae),953125,steve,https://xeno-canto.org/953125,CC BY-SA 4.0,https://creativecommons.org/licenses/by-sa/4.0/,9.0,0.0,9.0,9.0,yes,yes,yes,yes,yes,"Commercial derivatives allowed, but the trimmed clip must remain under the same ShareAlike license."
224,Southern Lapwing,Vanellus chilensis,Lapwings and Plovers (Charadriidae),1052033,rafarrinho,https://xeno-canto.org/1052033,CC BY-NC-SA 4.0,https://creativecommons.org/licenses/by-nc-sa/4.0/,25.0,0.0,20.0,20.0,yes,no,yes,yes,no,NonCommercial license; exclude from paid app unless the recordist grants permission.
737,Southern Martin,Progne elegans,Swallows (Hirundinidae),396791,Étienne Leroy,https://xeno-canto.org/396791,CC BY-NC-SA 4.0,https://creativecommons.org/licenses/by-nc-sa/4.0/,15.0,0.0,15.0,15.0,yes,no,yes,yes,no,NonCommercial license; exclude from paid app unless the recordist grants permission.
52,Spectacled Eider,Somateria fischeri,"Ducks, Geese, and Swans (Anatidae)",917231,Daniel Lopez-Velasco / Ornis Birding,https://xeno-canto.org/917231,CC BY-NC-SA 4.0,https://creativecommons.org/licenses/by-nc-sa/4.0/,49.0,6.33,26.33,20.0,yes,no,yes,yes,no,NonCommercial license; exclude from paid app unless the recordist grants permission.
256,Spoon-billed Sandpiper,Calidris pygmaea (pygmea),"Sandpipers, Phalaropes, and Allies (Scolopacidae)",1038169,雪鼬,https://xeno-canto.org/1038169,CC BY-NC-SA 4.0,https://creativecommons.org/licenses/by-nc-sa/4.0/,9.0,0.0,9.0,9.0,yes,no,yes,yes,no,NonCommercial license; exclude from paid app unless the recordist grants permission.
985,Spot-breasted Oriole,Icterus pectoralis,Blackbirds (Icteridae),302205,Paul Marvin,https://xeno-canto.org/302205,CC BY-NC-SA 4.0,https://creativecommons.org/licenses/by-nc-sa/4.0/,69.0,13.0,33.0,20.0,yes,no,yes,yes,no,NonCommercial license; exclude from paid app unless the recordist grants permission.
123,Spotted Dove,Spilopelia chinensis,Pigeons and Doves (Columbidae),929861,Paul Driver,https://xeno-canto.org/929861,CC BY-NC-SA 4.0,https://creativecommons.org/licenses/by-nc-sa/4.0/,45.0,5.0,25.0,20.0,yes,no,yes,yes,no,NonCommercial license; exclude from paid app unless the recordist grants permission.
834,Spotted Flycatcher,Muscicapa striata,Old World Flycatchers (Muscicapidae),1082918,Petter Westberg,https://xeno-canto.org/1082918,CC BY-NC-SA 4.0,https://creativecommons.org/licenses/by-nc-sa/4.0/,33.0,1.0,21.0,20.0,yes,no,yes,yes,no,NonCommercial license; exclude from paid app unless the recordist grants permission.
189,Spotted Rail,Pardirallus maculatus,"Rails, Gallinules, and Coots (Rallidae)",943860,José Menéndez,https://xeno-canto.org/943860,CC BY-NC-SA 4.0,https://creativecommons.org/licenses/by-nc-sa/4.0/,8.0,0.0,8.0,8.0,yes,no,yes,yes,no,NonCommercial license; exclude from paid app unless the recordist grants permission.
288,Spotted Redshank,Tringa erythropus,"Sandpipers, Phalaropes, and Allies (Scolopacidae)",1088553,Petter Westberg,https://xeno-canto.org/1088553,CC BY-NC-SA 4.0,https://creativecommons.org/licenses/by-nc-sa/4.0/,25.0,0.0,20.0,20.0,yes,no,yes,yes,no,NonCommercial license; exclude from paid app unless the recordist grants permission.
281,Spotted Sandpiper,Actitis macularius,"Sandpipers, Phalaropes, and Allies (Scolopacidae)",559004,Ron Overholtz,https://xeno-canto.org/559004,CC BY-NC-SA 4.0,https://creativecommons.org/licenses/by-nc-sa/4.0/,10.0,0.0,10.0,10.0,yes,no,yes,yes,no,NonCommercial license; exclude from paid app unless the recordist grants permission.
972,Spotted Towhee,Pipilo maculatus,Towhees and Sparrows (Passerellidae),1105876,Manuel Grosselet,https://xeno-canto.org/1105876,CC BY-NC-SA 4.0,https://creativecommons.org/licenses/by-nc-sa/4.0/,41.0,3.67,23.67,20.0,yes,no,yes,yes,no,NonCommercial license; exclude from paid app unless the recordist grants permission.
871,Sprague's Pipit,Anthus spragueii,Wagtails and Pipits (Motacillidae),180100,Andrew Spencer,https://xeno-canto.org/180100,CC BY-NC-SA 4.0,https://creativecommons.org/licenses/by-nc-sa/4.0/,116.0,28.67,48.67,20.0,yes,no,yes,yes,no,NonCommercial license; exclude from paid app unless the recordist grants permission.
80,Spruce Grouse,Canachites canadensis,"Partridges, Grouse, Turkeys, and Old World Quail (Phasianidae)",269222,Frank Lambert,https://xeno-canto.org/269222,CC BY-NC-ND 4.0,https://creativecommons.org/licenses/by-nc-nd/4.0/,11.0,0.0,11.0,11.0,yes,no,no,no,no,NonCommercial license; exclude from paid app unless the recordist grants permission.
58,Stejneger's Scoter,Melanitta stejnegeri,"Ducks, Geese, and Swans (Anatidae)",833157,Martin Billard,https://xeno-canto.org/833157,CC BY-NC-SA 4.0,https://creativecommons.org/licenses/by-nc-sa/4.0/,15.0,0.0,15.0,15.0,yes,no,yes,yes,no,NonCommercial license; exclude from paid app unless the recordist grants permission.
51,Steller's Eider,Polysticta stelleri,"Ducks, Geese, and Swans (Anatidae)",203462,Andrew Spencer,https://xeno-canto.org/203462,CC BY-NC-SA 4.0,https://creativecommons.org/licenses/by-nc-sa/4.0/,145.0,38.33,58.33,20.0,yes,no,yes,yes,no,NonCommercial license; exclude from paid app unless the recordist grants permission.
688,Steller's Jay,Cyanocitta stelleri,Jays and Crows (Corvidae),603263,Thomas Magarian,https://xeno-canto.org/603263,CC BY-NC-SA 4.0,https://creativecommons.org/licenses/by-nc-sa/4.0/,24.0,0.0,20.0,20.0,yes,no,yes,yes,no,NonCommercial license; exclude from paid app unless the recordist grants permission.
509,Steller's Sea-Eagle,Haliaeetus pelagicus,"Hawks, Kites, Eagles, and Allies (Accipitridae)",1015170,Melissa Hafting,https://xeno-canto.org/1015170,CC BY-NC-SA 4.0,https://creativecommons.org/licenses/by-nc-sa/4.0/,2.0,0.0,2.0,2.0,yes,no,yes,yes,no,NonCommercial license; exclude from paid app unless the recordist grants permission.
252,Stilt Sandpiper,Calidris himantopus,"Sandpipers, Phalaropes, and Allies (Scolopacidae)",203568,Andrew Spencer,https://xeno-canto.org/203568,CC BY-NC-SA 4.0,https://creativecommons.org/licenses/by-nc-sa/4.0/,76.0,15.33,35.33,20.0,yes,no,yes,yes,no,NonCommercial license; exclude from paid app unless the recordist grants permission.
983,Streak-backed Oriole,Icterus pustulatus,Blackbirds (Icteridae),630420,Thomas G. Graves,https://xeno-canto.org/630420,CC BY-NC-SA 4.0,https://creativecommons.org/licenses/by-nc-sa/4.0/,8.0,0.0,8.0,8.0,yes,no,yes,yes,no,NonCommercial license; exclude from paid app unless the recordist grants permission.
431,Streaked Shearwater,Calonectris leucomelas,Shearwaters and Petrels (Procellariidae),581448,xuky,https://xeno-canto.org/581448,CC BY-NC-SA 4.0,https://creativecommons.org/licenses/by-nc-sa/4.0/,10.0,0.0,10.0,10.0,yes,no,yes,yes,no,NonCommercial license; exclude from paid app unless the recordist grants permission.
546,Stygian Owl,Asio stygius,Typical Owls (Strigidae),1082021,Alejandro Bodrati &amp; Facundo Di Sallo,https://xeno-canto.org/1082021,CC BY-NC-ND 4.0,https://creativecommons.org/licenses/by-nc-nd/4.0/,144.0,38.0,58.0,20.0,yes,no,no,no,no,NonCommercial license; exclude from paid app unless the recordist grants permission.
625,Sulphur-bellied Flycatcher,Myiodynastes luteiventris,Tyrant Flycatchers (Tyrannidae),35323,Andrew Spencer,https://xeno-canto.org/35323,CC BY-NC-ND 2.5,https://creativecommons.org/licenses/by-nc-nd/2.5/,30.0,0.0,20.0,20.0,yes,no,no,no,no,NonCommercial license; exclude from paid app unless the recordist grants permission.
1058,Summer Tanager,Piranga rubra,"Cardinals, Piranga Tanagers and Allies (Cardinalidae)",1008566,Scott Crabtree,https://xeno-canto.org/1008566,CC BY-NC-SA 4.0,https://creativecommons.org/licenses/by-nc-sa/4.0/,45.0,5.0,25.0,20.0,yes,no,yes,yes,no,NonCommercial license; exclude from paid app unless the recordist grants permission.
1110,Summer Tanager,Piranga rubra,"Cardinals, Piranga Tanagers and Allies (Cardinalidae)",57407,Jeremiah Trimble,https://xeno-canto.org/57407,CC BY-NC-ND 2.5,https://creativecommons.org/licenses/by-nc-nd/2.5/,18.0,0.0,18.0,18.0,yes,no,no,no,no,NonCommercial license; exclude from paid app unless the recordist grants permission.
183,Sungrebe,Heliornis fulica,Sungrebes (Heliornithidae),790481,JAYRSON ARAUJO DE OLIVEIRA,https://xeno-canto.org/790481,CC BY-NC-SA 4.0,https://creativecommons.org/licenses/by-nc-sa/4.0/,5.0,0.0,5.0,5.0,yes,no,yes,yes,no,NonCommercial license; exclude from paid app unless the recordist grants permission.
56,Surf Scoter,Melanitta perspicillata,"Ducks, Geese, and Swans (Anatidae)",452395,Bruce Lagerquist,https://xeno-canto.org/452395,CC BY-NC-SA 4.0,https://creativecommons.org/licenses/by-nc-sa/4.0/,5.0,0.0,5.0,5.0,yes,no,yes,yes,no,NonCommercial license; exclude from paid app unless the recordist grants permission.
248,Surfbird,Calidris virgata,"Sandpipers, Phalaropes, and Allies (Scolopacidae)",243979,Davyd Betchkal,https://xeno-canto.org/243979,CC BY-NC-SA 4.0,https://creativecommons.org/licenses/by-nc-sa/4.0/,14.0,0.0,14.0,14.0,yes,no,yes,yes,no,NonCommercial license; exclude from paid app unless the recordist grants permission.
523,Swainson's Hawk,Buteo swainsoni,"Hawks, Kites, Eagles, and Allies (Accipitridae)",736223,Sue Riffe,https://xeno-canto.org/736223,CC BY-NC-SA 4.0,https://creativecommons.org/licenses/by-nc-sa/4.0/,5.0,0.0,5.0,5.0,yes,no,yes,yes,no,NonCommercial license; exclude from paid app unless the recordist grants permission.
814,Swainson's Thrush,Catharus ustulatus,Thrushes (Turdidae),1046353,AUDEVARD Aurélien,https://xeno-canto.org/1046353,CC BY-NC-SA 4.0,https://creativecommons.org/licenses/by-nc-sa/4.0/,36.0,2.0,22.0,20.0,yes,no,yes,yes,no,NonCommercial license; exclude from paid app unless the recordist grants permission.
1010,Swainson's Warbler,Limnothlypis swainsonii,Wood-Warblers (Parulidae),1002055,Sue Riffe,https://xeno-canto.org/1002055,CC BY-NC-SA 4.0,https://creativecommons.org/licenses/by-nc-sa/4.0/,58.0,9.33,29.33,20.0,yes,no,yes,yes,no,NonCommercial license; exclude from paid app unless the recordist grants permission.
346,Swallow-tailed Gull,Creagrus furcatus,"Gulls, Terns, and Skimmers (Laridae)",114155,Eric DeFonso,https://xeno-canto.org/114155,CC BY-NC-SA 3.0,https://creativecommons.org/licenses/by-nc-sa/3.0/,12.0,0.0,12.0,12.0,yes,no,yes,yes,no,NonCommercial license; exclude from paid app unless the recordist grants permission.
496,Swallow-tailed Kite,Elanoides forficatus,"Hawks, Kites, Eagles, and Allies (Accipitridae)",712982,Bruce Lagerquist,https://xeno-canto.org/712982,CC BY-NC-SA 4.0,https://creativecommons.org/licenses/by-nc-sa/4.0/,6.0,0.0,6.0,6.0,yes,no,yes,yes,no,NonCommercial license; exclude from paid app unless the recordist grants permission.
966,Swamp Sparrow,Melospiza georgiana,Towhees and Sparrows (Passerellidae),938119,Sue Riffe,https://xeno-canto.org/938119,CC BY-NC-SA 4.0,https://creativecommons.org/licenses/by-nc-sa/4.0/,51.0,7.0,27.0,20.0,yes,no,yes,yes,no,NonCommercial license; exclude from paid app unless the recordist grants permission.
404,Swinhoe's Storm-Petrel,Hydrobates monorhis,Northern Storm-Petrels (Hydrobatidae),755168,Haemin Seo,https://xeno-canto.org/755168,CC BY-NC-SA 4.0,https://creativecommons.org/licenses/by-nc-sa/4.0/,145.0,38.33,58.33,20.0,yes,no,yes,yes,no,NonCommercial license; exclude from paid app unless the recordist grants permission.
427,Tahiti Petrel,Pseudobulweria rostrata,Shearwaters and Petrels (Procellariidae),305358,Nicolas Delelis,https://xeno-canto.org/305358,CC BY-NC-ND 4.0,https://creativecommons.org/licenses/by-nc-nd/4.0/,36.0,2.0,22.0,20.0,yes,no,no,no,no,NonCommercial license; exclude from paid app unless the recordist grants permission.
9,Taiga Bean-Goose,Anser fabalis,"Ducks, Geese, and Swans (Anatidae)",783767,Jarek Matusiak,https://xeno-canto.org/783767,CC BY-NC-ND 4.0,https://creativecommons.org/licenses/by-nc-nd/4.0/,71.0,13.67,33.67,20.0,yes,no,no,no,no,NonCommercial license; exclude from paid app unless the recordist grants permission.
844,Taiga Flycatcher,Ficedula albicilla,Old World Flycatchers (Muscicapidae),1024459,Richard E. Webster,https://xeno-canto.org/1024459,CC BY-NC-SA 4.0,https://creativecommons.org/licenses/by-nc-sa/4.0/,52.0,7.33,27.33,20.0,yes,no,yes,yes,no,NonCommercial license; exclude from paid app unless the recordist grants permission.
700,Tamaulipas Crow,Corvus imparatus,Jays and Crows (Corvidae),80686,Daniel Lane,https://xeno-canto.org/80686,CC BY-NC-ND 2.5,https://creativecommons.org/licenses/by-nc-nd/2.5/,107.0,25.67,45.67,20.0,yes,no,no,no,no,NonCommercial license; exclude from paid app unless the recordist grants permission.
993,Tawny-shouldered Blackbird,Agelaius humeralis,Blackbirds (Icteridae),997840,FREDERIC Lionel,https://xeno-canto.org/997840,CC BY-NC-SA 4.0,https://creativecommons.org/licenses/by-nc-sa/4.0/,7.0,0.0,7.0,7.0,yes,no,yes,yes,no,NonCommercial license; exclude from paid app unless the recordist grants permission.
254,Temminck's Stint,Calidris temminckii,"Sandpipers, Phalaropes, and Allies (Scolopacidae)",383733,Terje Kolaas,https://xeno-canto.org/383733,CC BY-NC-ND 4.0,https://creativecommons.org/licenses/by-nc-nd/4.0/,7.0,0.0,7.0,7.0,yes,no,no,no,no,NonCommercial license; exclude from paid app unless the recordist grants permission.
1012,Tennessee Warbler,Leiothlypis peregrina,Wood-Warblers (Parulidae),1074864,Paul Driver,https://xeno-canto.org/1074864,CC BY-NC-SA 4.0,https://creativecommons.org/licenses/by-nc-sa/4.0/,19.0,0.0,19.0,19.0,yes,no,yes,yes,no,NonCommercial license; exclude from paid app unless the recordist grants permission.
1094,Tennessee Warbler,Leiothlypis peregrina,Wood-Warblers (Parulidae),1014433,Stanislas Wroza,https://xeno-canto.org/1014433,CC BY-NC-SA 4.0,https://creativecommons.org/licenses/by-nc-sa/4.0/,63.0,11.0,31.0,20.0,yes,no,yes,yes,no,NonCommercial license; exclude from paid app unless the recordist grants permission.
279,Terek Sandpiper,Xenus cinereus,"Sandpipers, Phalaropes, and Allies (Scolopacidae)",837853,Ray Tsu 诸仁,https://xeno-canto.org/837853,CC BY-NC-SA 4.0,https://creativecommons.org/licenses/by-nc-sa/4.0/,12.0,0.0,12.0,12.0,yes,no,yes,yes,no,NonCommercial license; exclude from paid app unless the recordist grants permission.
632,Thick-billed Kingbird,Tyrannus crassirostris,Tyrant Flycatchers (Tyrannidae),776329,Scott Olmstead,https://xeno-canto.org/776329,CC BY-NC-SA 4.0,https://creativecommons.org/licenses/by-nc-sa/4.0/,14.0,0.0,14.0,14.0,yes,no,yes,yes,no,NonCommercial license; exclude from paid app unless the recordist grants permission.
919,Thick-billed Longspur,Rhynchophanes mccownii,Longspurs and Snow Buntings (Calcariidae),153625,Paul Marvin,https://xeno-canto.org/153625,CC BY-NC-SA 3.0,https://creativecommons.org/licenses/by-nc-sa/3.0/,83.0,17.67,37.67,20.0,yes,no,yes,yes,no,NonCommercial license; exclude from paid app unless the recordist grants permission.
305,Thick-billed Murre,Uria lomvia,"Auks, Murres, and Puffins (Alcidae)",141229,Andrew Spencer,https://xeno-canto.org/141229,CC BY-NC-SA 3.0,https://creativecommons.org/licenses/by-nc-sa/3.0/,140.0,36.67,56.67,20.0,yes,no,yes,yes,no,NonCommercial license; exclude from paid app unless the recordist grants permission.
602,Thick-billed Parrot,Rhynchopsitta pachyrhyncha,"Parakeets, Macaws, Amazons, and Parrots (Psittacidae)",337734,Richard E. Webster,https://xeno-canto.org/337734,CC BY-NC-SA 4.0,https://creativecommons.org/licenses/by-nc-sa/4.0/,32.0,0.67,20.67,20.0,yes,no,yes,yes,no,NonCommercial license; exclude from paid app unless the recordist grants permission.
662,Thick-billed Vireo,Vireo crassirostris,Vireos (Vireonidae),1035681,Gregory Askew,https://xeno-canto.org/1035681,CC BY-NC-SA 4.0,https://creativecommons.org/licenses/by-nc-sa/4.0/,36.0,2.0,22.0,20.0,yes,no,yes,yes,no,NonCommercial license; exclude from paid app unless the recordist grants permission.
719,Thick-billed Warbler,Arundinax aedon,Reed Warblers (Acrocephalidae),1058609,Manuel Oudard,https://xeno-canto.org/1058609,CC BY-NC-ND 4.0,https://creativecommons.org/licenses/by-nc-nd/4.0/,62.0,10.67,30.67,20.0,yes,no,no,no,no,NonCommercial license; exclude from paid app unless the recordist grants permission.
805,Townsend's Solitaire,Myadestes townsendi,Thrushes (Turdidae),961985,A Richardson,https://xeno-canto.org/961985,CC BY-NC-SA 4.0,https://creativecommons.org/licenses/by-nc-sa/4.0/,25.0,0.0,20.0,20.0,yes,no,yes,yes,no,NonCommercial license; exclude from paid app unless the recordist grants permission.
1045,Townsend's Warbler,Setophaga townsendi,Wood-Warblers (Parulidae),710935,Paul Marvin,https://xeno-canto.org/710935,CC BY-NC-SA 4.0,https://creativecommons.org/licenses/by-nc-sa/4.0/,99.0,23.0,43.0,20.0,yes,no,yes,yes,no,NonCommercial license; exclude from paid app unless the recordist grants permission.
866,Tree Pipit,Anthus trivialis,Wagtails and Pipits (Motacillidae),1105970,Petter Westberg,https://xeno-canto.org/1105970,CC BY-NC-SA 4.0,https://creativecommons.org/licenses/by-nc-sa/4.0/,100.0,23.33,43.33,20.0,yes,no,yes,yes,no,NonCommercial license; exclude from paid app unless the recordist grants permission.
729,Tree Swallow,Tachycineta bicolor,Swallows (Hirundinidae),1045720,AUDEVARD Aurélien,https://xeno-canto.org/1045720,CC BY-NC-SA 4.0,https://creativecommons.org/licenses/by-nc-sa/4.0/,15.0,0.0,15.0,15.0,yes,no,yes,yes,no,NonCommercial license; exclude from paid app unless the recordist grants permission.
992,Tricolored Blackbird,Agelaius tricolor,Blackbirds (Icteridae),779908,Ed Pandolfino,https://xeno-canto.org/779908,CC BY-NC-SA 4.0,https://creativecommons.org/licenses/by-nc-sa/4.0/,86.0,18.67,38.67,20.0,yes,no,yes,yes,no,NonCommercial license; exclude from paid app unless the recordist grants permission.
477,Tricolored Heron,Egretta tricolor,"Bitterns, Herons, and Allies (Ardeidae)",705371,Paul Driver,https://xeno-canto.org/705371,CC BY-NC-SA 4.0,https://creativecommons.org/licenses/by-nc-sa/4.0/,14.0,0.0,14.0,14.0,yes,no,yes,yes,no,NonCommercial license; exclude from paid app unless the recordist grants permission.
854,Tricolored Munia,Lonchura malacca,Waxbills (Estrildidae),665318,Sreekumar Chirukandoth,https://xeno-canto.org/665318,CC BY-NC-SA 4.0,https://creativecommons.org/licenses/by-nc-sa/4.0/,3.0,0.0,3.0,3.0,yes,no,yes,yes,no,NonCommercial license; exclude from paid app unless the recordist grants permission.
415,Trindade Petrel,Pterodroma arminjoniana,Shearwaters and Petrels (Procellariidae),77650,Guilherme R R Brito,https://xeno-canto.org/77650,CC BY-NC-ND 2.5,https://creativecommons.org/licenses/by-nc-nd/2.5/,37.0,2.33,22.33,20.0,yes,no,no,no,no,NonCommercial license; exclude from paid app unless the recordist grants permission.
409,Tristram's Storm-Petrel,Hydrobates tristrami,Northern Storm-Petrels (Hydrobatidae),441709,Drew Lindow,https://xeno-canto.org/441709,CC BY-NC-SA 4.0,https://creativecommons.org/licenses/by-nc-sa/4.0/,19.0,0.0,19.0,19.0,yes,no,yes,yes,no,NonCommercial license; exclude from paid app unless the recordist grants permission.
629,Tropical Kingbird,Tyrannus melancholicus,Tyrant Flycatchers (Tyrannidae),383699,Eric Hough,https://xeno-canto.org/383699,CC BY-NC-SA 4.0,https://creativecommons.org/licenses/by-nc-sa/4.0/,22.0,0.0,20.0,20.0,yes,no,yes,yes,no,NonCommercial license; exclude from paid app unless the recordist grants permission.
1030,Tropical Parula,Setophaga pitiayumi,Wood-Warblers (Parulidae),147504,Paul Marvin,https://xeno-canto.org/147504,CC BY-NC-SA 3.0,https://creativecommons.org/licenses/by-nc-sa/3.0/,132.0,34.0,54.0,20.0,yes,no,yes,yes,no,NonCommercial license; exclude from paid app unless the recordist grants permission.
18,Trumpeter Swan,Cygnus buccinator,"Ducks, Geese, and Swans (Anatidae)",640710,Bruce Lagerquist,https://xeno-canto.org/640710,CC BY-NC-SA 4.0,https://creativecommons.org/licenses/by-nc-sa/4.0/,15.0,0.0,15.0,15.0,yes,no,yes,yes,no,NonCommercial license; exclude from paid app unless the recordist grants permission.
48,Tufted Duck,Aythya fuligula,"Ducks, Geese, and Swans (Anatidae)",1085464,Timo Roeke,https://xeno-canto.org/1085464,CC BY-NC-SA 4.0,https://creativecommons.org/licenses/by-nc-sa/4.0/,20.0,0.0,20.0,20.0,yes,no,yes,yes,no,NonCommercial license; exclude from paid app unless the recordist grants permission.
639,Tufted Flycatcher,Mitrephanes phaeocercus,Tyrant Flycatchers (Tyrannidae),317334,Steve Hampton,https://xeno-canto.org/317334,CC BY-NC-SA 4.0,https://creativecommons.org/licenses/by-nc-sa/4.0/,44.0,4.67,24.67,20.0,yes,no,yes,yes,no,NonCommercial license; exclude from paid app unless the recordist grants permission.
715,Tufted Titmouse,Baeolophus bicolor,Chickadees and Titmice (Paridae),1093532,Mario Reyes Jr,https://xeno-canto.org/1093532,CC BY-NC-SA 4.0,https://creativecommons.org/licenses/by-nc-sa/4.0/,60.0,10.0,30.0,20.0,yes,no,yes,yes,no,NonCommercial license; exclude from paid app unless the recordist grants permission.
10,Tundra Bean-Goose,Anser serrirostris,"Ducks, Geese, and Swans (Anatidae)",839239,Dan P  Bilderback,https://xeno-canto.org/839239,CC BY-NC-SA 4.0,https://creativecommons.org/licenses/by-nc-sa/4.0/,14.0,0.0,14.0,14.0,yes,no,yes,yes,no,NonCommercial license; exclude from paid app unless the recordist grants permission.
19,Tundra Swan,Cygnus columbianus,"Ducks, Geese, and Swans (Anatidae)",92086,Andrew Spencer,https://xeno-canto.org/92086,CC BY-NC-ND 2.5,https://creativecommons.org/licenses/by-nc-nd/2.5/,14.0,0.0,14.0,14.0,yes,no,no,no,no,NonCommercial license; exclude from paid app unless the recordist grants permission.
491,Turkey Vulture,Cathartes aura,New World Vultures (Cathartidae),381486,Andrew Spencer,https://xeno-canto.org/381486,CC BY-NC-ND 4.0,https://creativecommons.org/licenses/by-nc-nd/4.0/,152.0,40.67,60.67,20.0,yes,no,no,no,no,NonCommercial license; exclude from paid app unless the recordist grants permission.
231,Upland Sandpiper,Bartramia longicauda,"Sandpipers, Phalaropes, and Allies (Scolopacidae)",861197,Stanislas Wroza,https://xeno-canto.org/861197,CC BY-NC-SA 4.0,https://creativecommons.org/licenses/by-nc-sa/4.0/,13.0,0.0,13.0,13.0,yes,no,yes,yes,no,NonCommercial license; exclude from paid app unless the recordist grants permission.
1072,Varied Bunting,Passerina versicolor,"Cardinals, Piranga Tanagers and Allies (Cardinalidae)",821217,Richard E. Webster,https://xeno-canto.org/821217,CC BY-NC-SA 4.0,https://creativecommons.org/licenses/by-nc-sa/4.0/,70.0,13.33,33.33,20.0,yes,no,yes,yes,no,NonCommercial license; exclude from paid app unless the recordist grants permission.
830,Varied Thrush,Ixoreus naevius,Thrushes (Turdidae),1048897,AUDEVARD Aurélien,https://xeno-canto.org/1048897,CC BY-NC-SA 4.0,https://creativecommons.org/licenses/by-nc-sa/4.0/,27.0,0.0,20.0,20.0,yes,no,yes,yes,no,NonCommercial license; exclude from paid app unless the recordist grants permission.
627,Variegated Flycatcher,Empidonomus varius,Tyrant Flycatchers (Tyrannidae),974149,JAYRSON ARAUJO DE OLIVEIRA,https://xeno-canto.org/974149,CC BY-NC-SA 4.0,https://creativecommons.org/licenses/by-nc-sa/4.0/,13.0,0.0,13.0,13.0,yes,no,yes,yes,no,NonCommercial license; exclude from paid app unless the recordist grants permission.
153,Vaux's Swift,Chaetura vauxi,Swifts (Apodidae),264029,Elias Aristides Elias,https://xeno-canto.org/264029,CC BY-NC-SA 4.0,https://creativecommons.org/licenses/by-nc-sa/4.0/,105.0,25.0,45.0,20.0,yes,no,yes,yes,no,NonCommercial license; exclude from paid app unless the recordist grants permission.
811,Veery,Catharus fuscescens,Thrushes (Turdidae),924425,Oscar Gordo,https://xeno-canto.org/924425,CC BY-NC-SA 4.0,https://creativecommons.org/licenses/by-nc-sa/4.0/,15.0,0.0,15.0,15.0,yes,no,yes,yes,no,NonCommercial license; exclude from paid app unless the recordist grants permission.
370,Vega Gull,Larus vegae,"Gulls, Terns, and Skimmers (Laridae)",140809,Andrew Spencer,https://xeno-canto.org/140809,CC BY-NC-SA 3.0,https://creativecommons.org/licenses/by-nc-sa/3.0/,11.0,0.0,11.0,11.0,yes,no,yes,yes,no,NonCommercial license; exclude from paid app unless the recordist grants permission.
704,Verdin,Auriparus flaviceps,Verdin (Remizidae),703927,Paul Marvin,https://xeno-canto.org/703927,CC BY-NC-SA 4.0,https://creativecommons.org/licenses/by-nc-sa/4.0/,120.0,30.0,50.0,20.0,yes,no,yes,yes,no,NonCommercial license; exclude from paid app unless the recordist grants permission.
659,Vermilion Flycatcher,Pyrocephalus rubinus,Tyrant Flycatchers (Tyrannidae),29069,Jason Beason,https://xeno-canto.org/29069,CC BY-NC-ND 2.5,https://creativecommons.org/licenses/by-nc-nd/2.5/,38.0,2.67,22.67,20.0,yes,no,no,no,no,NonCommercial license; exclude from paid app unless the recordist grants permission.
956,Vesper Sparrow,Pooecetes gramineus,Towhees and Sparrows (Passerellidae),1083474,Sue Riffe,https://xeno-canto.org/1083474,CC BY-NC-SA 4.0,https://creativecommons.org/licenses/by-nc-sa/4.0/,40.0,3.33,23.33,20.0,yes,no,yes,yes,no,NonCommercial license; exclude from paid app unless the recordist grants permission.
179,Violet-crowned Hummingbird,Ramosomyia violiceps,Hummingbirds (Trochilidae),71377,Richard C. Hoyer,https://xeno-canto.org/71377,CC BY-NC-ND 2.5,https://creativecommons.org/licenses/by-nc-nd/2.5/,53.0,7.67,27.67,20.0,yes,no,no,no,no,NonCommercial license; exclude from paid app unless the recordist grants permission.
731,Violet-green Swallow,Tachycineta thalassina,Swallows (Hirundinidae),512415,Rick Sharloch,https://xeno-canto.org/512415,CC BY-NC-SA 4.0,https://creativecommons.org/licenses/by-nc-sa/4.0/,136.0,35.33,55.33,20.0,yes,no,yes,yes,no,NonCommercial license; exclude from paid app unless the recordist grants permission.
195,Virginia Rail,Rallus limicola,"Rails, Gallinules, and Coots (Rallidae)",979245,Frank Severson,https://xeno-canto.org/979245,CC BY-NC-SA 4.0,https://creativecommons.org/licenses/by-nc-sa/4.0/,15.0,0.0,15.0,15.0,yes,no,yes,yes,no,NonCommercial license; exclude from paid app unless the recordist grants permission.
1017,Virginia's Warbler,Leiothlypis virginiae,Wood-Warblers (Parulidae),1083465,Sue Riffe,https://xeno-canto.org/1083465,CC BY-NC-SA 4.0,https://creativecommons.org/licenses/by-nc-sa/4.0/,99.0,23.0,43.0,20.0,yes,no,yes,yes,no,NonCommercial license; exclude from paid app unless the recordist grants permission.
394,Wandering Albatross (sp.),Diomedea exulans (sp.),Albatrosses (Diomedeidae),796375,Barry Edmonston,https://xeno-canto.org/796375,CC BY-NC-SA 4.0,https://creativecommons.org/licenses/by-nc-sa/4.0/,39.0,3.0,23.0,20.0,yes,no,yes,yes,no,NonCommercial license; exclude from paid app unless the recordist grants permission.
285,Wandering Tattler,Tringa incana,"Sandpipers, Phalaropes, and Allies (Scolopacidae)",420226,Steve Hampton,https://xeno-canto.org/420226,CC BY-NC-SA 4.0,https://creativecommons.org/licenses/by-nc-sa/4.0/,7.0,0.0,7.0,7.0,yes,no,yes,yes,no,NonCommercial license; exclude from paid app unless the recordist grants permission.
758,Warbling White-eye,Zosterops japonicus,White-eyes (Zosteropidae),175490,Dan Lane,https://xeno-canto.org/175490,CC BY-NC-SA 4.0,https://creativecommons.org/licenses/by-nc-sa/4.0/,69.0,13.0,33.0,20.0,yes,no,yes,yes,no,NonCommercial license; exclude from paid app unless the recordist grants permission.
397,Waved Albatross,Phoebastria irrorata,Albatrosses (Diomedeidae),332858,Oscar Campbell,https://xeno-canto.org/332858,CC BY-NC-SA 4.0,https://creativecommons.org/licenses/by-nc-sa/4.0/,1.0,0.0,1.0,1.0,yes,no,yes,yes,no,NonCommercial license; exclude from paid app unless the recordist grants permission.
408,Wedge-rumped Storm-Petrel,Hydrobates tethys,Northern Storm-Petrels (Hydrobatidae),871500,Fabrice Schmitt,https://xeno-canto.org/871500,CC BY-NC-SA 4.0,https://creativecommons.org/licenses/by-nc-sa/4.0/,54.0,8.0,28.0,20.0,yes,no,yes,yes,no,NonCommercial license; exclude from paid app unless the recordist grants permission.
435,Wedge-tailed Shearwater,Ardenna pacifica,Shearwaters and Petrels (Procellariidae),174964,Dan Lane,https://xeno-canto.org/174964,CC BY-NC-SA 4.0,https://creativecommons.org/licenses/by-nc-sa/4.0/,9.0,0.0,9.0,9.0,yes,no,yes,yes,no,NonCommercial license; exclude from paid app unless the recordist grants permission.
803,Western Bluebird,Sialia mexicana,Thrushes (Turdidae),571075,Paul Marvin,https://xeno-canto.org/571075,CC BY-NC-SA 4.0,https://creativecommons.org/licenses/by-nc-sa/4.0/,61.0,10.33,30.33,20.0,yes,no,yes,yes,no,NonCommercial license; exclude from paid app unless the recordist grants permission.
654,Western Flycatcher,Empidonax difficilis,Tyrant Flycatchers (Tyrannidae),1009895,Cin-Ty Lee,https://xeno-canto.org/1009895,CC BY-NC-SA 4.0,https://creativecommons.org/licenses/by-nc-sa/4.0/,22.0,0.0,20.0,20.0,yes,no,yes,yes,no,NonCommercial license; exclude from paid app unless the recordist grants permission.
107,Western Grebe,Aechmophorus occidentalis,Grebes (Podicipedidae),837465,Bruce Lagerquist,https://xeno-canto.org/837465,CC BY-NC-SA 4.0,https://creativecommons.org/licenses/by-nc-sa/4.0/,23.0,0.0,20.0,20.0,yes,no,yes,yes,no,NonCommercial license; exclude from paid app unless the recordist grants permission.
366,Western Gull,Larus occidentalis,"Gulls, Terns, and Skimmers (Laridae)",644888,Thomas G. Graves,https://xeno-canto.org/644888,CC BY-NC-SA 4.0,https://creativecommons.org/licenses/by-nc-sa/4.0/,18.0,0.0,18.0,18.0,yes,no,yes,yes,no,NonCommercial license; exclude from paid app unless the recordist grants permission.
633,Western Kingbird,Tyrannus verticalis,Tyrant Flycatchers (Tyrannidae),570382,Ed Pandolfino,https://xeno-canto.org/570382,CC BY-NC-SA 4.0,https://creativecommons.org/licenses/by-nc-sa/4.0/,14.0,0.0,14.0,14.0,yes,no,yes,yes,no,NonCommercial license; exclude from paid app unless the recordist grants permission.
505,Western Marsh Harrier,Circus aeruginosus,"Hawks, Kites, Eagles, and Allies (Accipitridae)",636318,Jarek Matusiak,https://xeno-canto.org/636318,CC BY-NC-ND 4.0,https://creativecommons.org/licenses/by-nc-nd/4.0/,62.0,10.67,30.67,20.0,yes,no,no,no,no,NonCommercial license; exclude from paid app unless the recordist grants permission.
979,Western Meadowlark,Sturnella neglecta,Blackbirds (Icteridae),1087853,Ed Pandolfino,https://xeno-canto.org/1087853,CC BY-NC-SA 4.0,https://creativecommons.org/licenses/by-nc-sa/4.0/,18.0,0.0,18.0,18.0,yes,no,yes,yes,no,NonCommercial license; exclude from paid app unless the recordist grants permission.
1085,Western Meadowlark,Sturnella neglecta,Blackbirds (Icteridae),638594,Matt Wistrand,https://xeno-canto.org/638594,CC BY-NC-SA 4.0,https://creativecommons.org/licenses/by-nc-sa/4.0/,56.0,8.67,28.67,20.0,yes,no,yes,yes,no,NonCommercial license; exclude from paid app unless the recordist grants permission.
481,Western Reef-Heron,Egretta gularis,"Bitterns, Herons, and Allies (Ardeidae)",988666,David Darrell-Lambert,https://xeno-canto.org/988666,CC BY-NC-SA 4.0,https://creativecommons.org/licenses/by-nc-sa/4.0/,2.0,0.0,2.0,2.0,yes,no,yes,yes,no,NonCommercial license; exclude from paid app unless the recordist grants permission.
269,Western Sandpiper,Calidris mauri,"Sandpipers, Phalaropes, and Allies (Scolopacidae)",149251,Andrew Spencer,https://xeno-canto.org/149251,CC BY-NC-SA 3.0,https://creativecommons.org/licenses/by-nc-sa/3.0/,41.0,3.67,23.67,20.0,yes,no,yes,yes,no,NonCommercial license; exclude from paid app unless the recordist grants permission.
533,Western Screech-Owl,Megascops kennicottii,Typical Owls (Strigidae),1000440,David Tattersley,https://xeno-canto.org/1000440,CC BY-NC-SA 4.0,https://creativecommons.org/licenses/by-nc-sa/4.0/,5.0,0.0,5.0,5.0,yes,no,yes,yes,no,NonCommercial license; exclude from paid app unless the recordist grants permission.
974,Western Spindalis,Spindalis zena,Spindalises (Spindalidae),302206,Paul Marvin,https://xeno-canto.org/302206,CC BY-NC-SA 4.0,https://creativecommons.org/licenses/by-nc-sa/4.0/,129.0,33.0,53.0,20.0,yes,no,yes,yes,no,NonCommercial license; exclude from paid app unless the recordist grants permission.
1060,Western Tanager,Piranga ludoviciana,"Cardinals, Piranga Tanagers and Allies (Cardinalidae)",906437,Ed Pandolfino,https://xeno-canto.org/906437,CC BY-NC-SA 4.0,https://creativecommons.org/licenses/by-nc-sa/4.0/,52.0,7.33,27.33,20.0,yes,no,yes,yes,no,NonCommercial license; exclude from paid app unless the recordist grants permission.
642,Western Wood-Pewee,Contopus sordidulus,Tyrant Flycatchers (Tyrannidae),1028550,Greg Irving,https://xeno-canto.org/1028550,CC BY-NC-SA 4.0,https://creativecommons.org/licenses/by-nc-sa/4.0/,108.0,26.0,46.0,20.0,yes,no,yes,yes,no,NonCommercial license; exclude from paid app unless the recordist grants permission.
316,Whiskered Auklet,Aethia pygmaea,"Auks, Murres, and Puffins (Alcidae)",349314,McKenzie,https://xeno-canto.org/349314,CC BY-NC-SA 4.0,https://creativecommons.org/licenses/by-nc-sa/4.0/,27.0,0.0,20.0,20.0,yes,no,yes,yes,no,NonCommercial license; exclude from paid app unless the recordist grants permission.
532,Whiskered Screech-Owl,Megascops trichopsis,Typical Owls (Strigidae),330307,Matt Baumann,https://xeno-canto.org/330307,CC BY-NC-SA 4.0,https://creativecommons.org/licenses/by-nc-sa/4.0/,68.0,12.67,32.67,20.0,yes,no,yes,yes,no,NonCommercial license; exclude from paid app unless the recordist grants permission.
336,Whiskered Tern,Chlidonias hybrida,"Gulls, Terns, and Skimmers (Laridae)",805046,Joost van Bruggen,https://xeno-canto.org/805046,CC BY-NC-ND 4.0,https://creativecommons.org/licenses/by-nc-nd/4.0/,19.0,0.0,19.0,19.0,yes,no,no,no,no,NonCommercial license; exclude from paid app unless the recordist grants permission.
465,White Ibis,Eudocimus albus,Ibises and Spoonbills (Threskiornithidae),780791,Paul Driver,https://xeno-canto.org/780791,CC BY-NC-SA 4.0,https://creativecommons.org/licenses/by-nc-sa/4.0/,72.0,14.0,34.0,20.0,yes,no,yes,yes,no,NonCommercial license; exclude from paid app unless the recordist grants permission.
865,White Wagtail,Motacilla alba,Wagtails and Pipits (Motacillidae),853249,Sue Riffe,https://xeno-canto.org/853249,CC BY-NC-SA 4.0,https://creativecommons.org/licenses/by-nc-sa/4.0/,51.0,7.0,27.0,20.0,yes,no,yes,yes,no,NonCommercial license; exclude from paid app unless the recordist grants permission.
767,White-breasted Nuthatch,Sitta carolinensis,Nuthatches (Sittidae),1094766,Ed Pandolfino,https://xeno-canto.org/1094766,CC BY-NC-SA 4.0,https://creativecommons.org/licenses/by-nc-sa/4.0/,83.0,17.67,37.67,20.0,yes,no,yes,yes,no,NonCommercial license; exclude from paid app unless the recordist grants permission.
389,White-capped Albatross,Thalassarche cauta,Albatrosses (Diomedeidae),796810,Barry Edmonston,https://xeno-canto.org/796810,CC BY-NC-SA 4.0,https://creativecommons.org/licenses/by-nc-sa/4.0/,51.0,7.0,27.0,20.0,yes,no,yes,yes,no,NonCommercial license; exclude from paid app unless the recordist grants permission.
41,White-cheeked Pintail,Anas bahamensis,"Ducks, Geese, and Swans (Anatidae)",30858,George Armistead,https://xeno-canto.org/30858,CC BY-NC-ND 2.5,https://creativecommons.org/licenses/by-nc-nd/2.5/,23.0,0.0,20.0,20.0,yes,no,no,no,no,NonCommercial license; exclude from paid app unless the recordist grants permission.
429,White-chinned Petrel,Procellaria aequinoctialis,Shearwaters and Petrels (Procellariidae),863989,Kevin Guille,https://xeno-canto.org/863989,CC BY-NC-SA 4.0,https://creativecommons.org/licenses/by-nc-sa/4.0/,20.0,0.0,20.0,20.0,yes,no,yes,yes,no,NonCommercial license; exclude from paid app unless the recordist grants permission.
151,White-collared Swift,Streptoprocne zonaris,Swifts (Apodidae),994107,Manuel Sanchez-Nivicela,https://xeno-canto.org/994107,CC BY-NC-ND 4.0,https://creativecommons.org/licenses/by-nc-nd/4.0/,10.0,0.0,10.0,10.0,yes,no,no,no,no,NonCommercial license; exclude from paid app unless the recordist grants permission.
616,White-crested Elaenia,Elaenia albiceps,Tyrant Flycatchers (Tyrannidae),1017994,Manuel Sánchez-Nivicela,https://xeno-canto.org/1017994,CC BY-NC-ND 4.0,https://creativecommons.org/licenses/by-nc-nd/4.0/,85.0,18.33,38.33,20.0,yes,no,no,no,no,NonCommercial license; exclude from paid app unless the recordist grants permission.
121,White-crowned Pigeon,Patagioenas leucocephala,Pigeons and Doves (Columbidae),145944,Paul Marvin,https://xeno-canto.org/145944,CC BY-NC-SA 3.0,https://creativecommons.org/licenses/by-nc-sa/3.0/,10.0,0.0,10.0,10.0,yes,no,yes,yes,no,NonCommercial license; exclude from paid app unless the recordist grants permission.
950,White-crowned Sparrow,Zonotrichia leucophrys,Towhees and Sparrows (Passerellidae),1102126,Greg Irving,https://xeno-canto.org/1102126,CC BY-NC-SA 4.0,https://creativecommons.org/licenses/by-nc-sa/4.0/,141.0,37.0,57.0,20.0,yes,no,yes,yes,no,NonCommercial license; exclude from paid app unless the recordist grants permission.
177,White-eared Hummingbird,Basilinna leucotis,Hummingbirds (Trochilidae),974054,Richard E. Webster,https://xeno-canto.org/974054,CC BY-NC-SA 4.0,https://creativecommons.org/licenses/by-nc-sa/4.0/,89.0,19.67,39.67,20.0,yes,no,yes,yes,no,NonCommercial license; exclude from paid app unless the recordist grants permission.
661,White-eyed Vireo,Vireo griseus,Vireos (Vireonidae),1099412,Jim Berry,https://xeno-canto.org/1099412,CC BY-NC-SA 4.0,https://creativecommons.org/licenses/by-nc-sa/4.0/,55.0,8.33,28.33,20.0,yes,no,yes,yes,no,NonCommercial license; exclude from paid app unless the recordist grants permission.
468,White-faced Ibis,Plegadis chihi,Ibises and Spoonbills (Threskiornithidae),605627,Richard E. Webster,https://xeno-canto.org/605627,CC BY-NC-SA 4.0,https://creativecommons.org/licenses/by-nc-sa/4.0/,44.0,4.67,24.67,20.0,yes,no,yes,yes,no,NonCommercial license; exclude from paid app unless the recordist grants permission.
399,White-faced Storm-Petrel,Pelagodroma marina,Southern Storm-Petrels (Oceanitidae),565412,Rinse van der Vliet,https://xeno-canto.org/565412,CC BY-NC-SA 4.0,https://creativecommons.org/licenses/by-nc-sa/4.0/,20.0,0.0,20.0,20.0,yes,no,yes,yes,no,NonCommercial license; exclude from paid app unless the recordist grants permission.
577,White-headed Woodpecker,Dryobates albolarvatus,Woodpeckers and Allies (Picidae),1028546,Greg Irving,https://xeno-canto.org/1028546,CC BY-NC-SA 4.0,https://creativecommons.org/licenses/by-nc-sa/4.0/,54.0,8.0,28.0,20.0,yes,no,yes,yes,no,NonCommercial license; exclude from paid app unless the recordist grants permission.
422,White-necked Petrel,Pterodroma cervicalis,Shearwaters and Petrels (Procellariidae),481922,Luke Halpin,https://xeno-canto.org/481922,CC BY-NC-ND 4.0,https://creativecommons.org/licenses/by-nc-nd/4.0/,79.0,16.33,36.33,20.0,yes,no,no,no,no,NonCommercial license; exclude from paid app unless the recordist grants permission.
265,White-rumped Sandpiper,Calidris fuscicollis,"Sandpipers, Phalaropes, and Allies (Scolopacidae)",316120,Hal Mitchell,https://xeno-canto.org/316120,CC BY-NC-SA 4.0,https://creativecommons.org/licenses/by-nc-sa/4.0/,5.0,0.0,5.0,5.0,yes,no,yes,yes,no,NonCommercial license; exclude from paid app unless the recordist grants permission.
508,White-tailed Eagle,Haliaeetus albicilla,"Hawks, Kites, Eagles, and Allies (Accipitridae)",784475,Stein Ø. Nilsen,https://xeno-canto.org/784475,CC BY-NC-SA 4.0,https://creativecommons.org/licenses/by-nc-sa/4.0/,41.0,3.67,23.67,20.0,yes,no,yes,yes,no,NonCommercial license; exclude from paid app unless the recordist grants permission.
517,White-tailed Hawk,Geranoaetus albicaudatus,"Hawks, Kites, Eagles, and Allies (Accipitridae)",374799,Mary Beth Stowe,https://xeno-canto.org/374799,CC BY-NC-SA 4.0,https://creativecommons.org/licenses/by-nc-sa/4.0/,20.0,0.0,20.0,20.0,yes,no,yes,yes,no,NonCommercial license; exclude from paid app unless the recordist grants permission.
493,White-tailed Kite,Elanus leucurus,"Hawks, Kites, Eagles, and Allies (Accipitridae)",565245,Steve Hampton,https://xeno-canto.org/565245,CC BY-NC-SA 4.0,https://creativecommons.org/licenses/by-nc-sa/4.0/,17.0,0.0,17.0,17.0,yes,no,yes,yes,no,NonCommercial license; exclude from paid app unless the recordist grants permission.
83,White-tailed Ptarmigan,Lagopus leucura,"Partridges, Grouse, Turkeys, and Old World Quail (Phasianidae)",438516,Julia Wittmann,https://xeno-canto.org/438516,CC BY-NC-SA 4.0,https://creativecommons.org/licenses/by-nc-sa/4.0/,7.0,0.0,7.0,7.0,yes,no,yes,yes,no,NonCommercial license; exclude from paid app unless the recordist grants permission.
380,White-tailed Tropicbird,Phaethon lepturus,Tropicbirds (Phaethontidae),1060842,Dries Van de Loock,https://xeno-canto.org/1060842,CC BY-NC-ND 4.0,https://creativecommons.org/licenses/by-nc-nd/4.0/,35.0,1.67,21.67,20.0,yes,no,no,no,no,NonCommercial license; exclude from paid app unless the recordist grants permission.
154,White-throated Needletail,Hirundapus caudacutus,Swifts (Apodidae),1016659,Uku Paal,https://xeno-canto.org/1016659,CC BY-NC-SA 4.0,https://creativecommons.org/licenses/by-nc-sa/4.0/,5.0,0.0,5.0,5.0,yes,no,yes,yes,no,NonCommercial license; exclude from paid app unless the recordist grants permission.
953,White-throated Sparrow,Zonotrichia albicollis,Towhees and Sparrows (Passerellidae),1015145,David A. Brinkman,https://xeno-canto.org/1015145,CC BY-NC-SA 4.0,https://creativecommons.org/licenses/by-nc-sa/4.0/,53.0,7.67,27.67,20.0,yes,no,yes,yes,no,NonCommercial license; exclude from paid app unless the recordist grants permission.
157,White-throated Swift,Aeronautes saxatalis,Swifts (Apodidae),470554,Thomas G. Graves,https://xeno-canto.org/470554,CC BY-NC-SA 4.0,https://creativecommons.org/licenses/by-nc-sa/4.0/,56.0,8.67,28.67,20.0,yes,no,yes,yes,no,NonCommercial license; exclude from paid app unless the recordist grants permission.
826,White-throated Thrush,Turdus assimilis,Thrushes (Turdidae),1099282,Manuel Grosselet,https://xeno-canto.org/1099282,CC BY-NC-SA 4.0,https://creativecommons.org/licenses/by-nc-sa/4.0/,50.0,6.67,26.67,20.0,yes,no,yes,yes,no,NonCommercial license; exclude from paid app unless the recordist grants permission.
115,White-tipped Dove,Leptotila verreauxi,Pigeons and Doves (Columbidae),901113,David Tattersley,https://xeno-canto.org/901113,CC BY-NC-SA 4.0,https://creativecommons.org/licenses/by-nc-sa/4.0/,9.0,0.0,9.0,9.0,yes,no,yes,yes,no,NonCommercial license; exclude from paid app unless the recordist grants permission.
908,White-winged Crossbill,Loxia leucoptera,Fringilline and Cardueline Finches and Allies (Fringillidae),826959,Yoann Blanchon,https://xeno-canto.org/826959,CC BY-NC-SA 4.0,https://creativecommons.org/licenses/by-nc-sa/4.0/,54.0,8.0,28.0,20.0,yes,no,yes,yes,no,NonCommercial license; exclude from paid app unless the recordist grants permission.
116,White-winged Dove,Zenaida asiatica,Pigeons and Doves (Columbidae),1085857,Scott Crabtree,https://xeno-canto.org/1085857,CC BY-NC-SA 4.0,https://creativecommons.org/licenses/by-nc-sa/4.0/,58.0,9.33,29.33,20.0,yes,no,yes,yes,no,NonCommercial license; exclude from paid app unless the recordist grants permission.
603,White-winged Parakeet,Brotogeris versicolurus,"Parakeets, Macaws, Amazons, and Parrots (Psittacidae)",102130,Andrew Spencer,https://xeno-canto.org/102130,CC BY-NC-ND 2.5,https://creativecommons.org/licenses/by-nc-nd/2.5/,21.0,0.0,20.0,20.0,yes,no,no,no,no,NonCommercial license; exclude from paid app unless the recordist grants permission.
57,White-winged Scoter,Melanitta deglandi,"Ducks, Geese, and Swans (Anatidae)",181618,Andrew Spencer,https://xeno-canto.org/181618,CC BY-NC-SA 4.0,https://creativecommons.org/licenses/by-nc-sa/4.0/,16.0,0.0,16.0,16.0,yes,no,yes,yes,no,NonCommercial license; exclude from paid app unless the recordist grants permission.
335,White-winged Tern,Chlidonias leucopterus,"Gulls, Terns, and Skimmers (Laridae)",609425,Jarek Matusiak,https://xeno-canto.org/609425,CC BY-NC-SA 4.0,https://creativecommons.org/licenses/by-nc-sa/4.0/,17.0,0.0,17.0,17.0,yes,no,yes,yes,no,NonCommercial license; exclude from paid app unless the recordist grants permission.
20,Whooper Swan,Cygnus cygnus,"Ducks, Geese, and Swans (Anatidae)",832336,Agris Celmins,https://xeno-canto.org/832336,CC BY-NC-ND 4.0,https://creativecommons.org/licenses/by-nc-nd/4.0/,27.0,0.0,20.0,20.0,yes,no,no,no,no,NonCommercial license; exclude from paid app unless the recordist grants permission.
188,Whooping Crane,Grus americana,Cranes (Gruidae),533637,Sue Riffe,https://xeno-canto.org/533637,CC BY-NC-SA 4.0,https://creativecommons.org/licenses/by-nc-sa/4.0/,39.0,3.0,23.0,20.0,yes,no,yes,yes,no,NonCommercial license; exclude from paid app unless the recordist grants permission.
78,Wild Turkey,Meleagris gallopavo,"Partridges, Grouse, Turkeys, and Old World Quail (Phasianidae)",1003798,Sue Riffe,https://xeno-canto.org/1003798,CC BY-NC-SA 4.0,https://creativecommons.org/licenses/by-nc-sa/4.0/,14.0,0.0,14.0,14.0,yes,no,yes,yes,no,NonCommercial license; exclude from paid app unless the recordist grants permission.
287,Willet,Tringa semipalmata,"Sandpipers, Phalaropes, and Allies (Scolopacidae)",1007052,Ed Pandolfino,https://xeno-canto.org/1007052,CC BY-NC-SA 4.0,https://creativecommons.org/licenses/by-nc-sa/4.0/,34.0,1.33,21.33,20.0,yes,no,yes,yes,no,NonCommercial license; exclude from paid app unless the recordist grants permission.
565,Williamson's Sapsucker,Sphyrapicus thyroideus,Woodpeckers and Allies (Picidae),940562,Sue Riffe,https://xeno-canto.org/940562,CC BY-NC-SA 4.0,https://creativecommons.org/licenses/by-nc-sa/4.0/,9.0,0.0,9.0,9.0,yes,no,yes,yes,no,NonCommercial license; exclude from paid app unless the recordist grants permission.
648,Willow Flycatcher,Empidonax traillii,Tyrant Flycatchers (Tyrannidae),1025809,Alex Jones,https://xeno-canto.org/1025809,CC BY-NC-SA 4.0,https://creativecommons.org/licenses/by-nc-sa/4.0/,7.0,0.0,7.0,7.0,yes,no,yes,yes,no,NonCommercial license; exclude from paid app unless the recordist grants permission.
81,Willow Ptarmigan,Lagopus lagopus,"Partridges, Grouse, Turkeys, and Old World Quail (Phasianidae)",1045890,AUDEVARD Aurélien,https://xeno-canto.org/1045890,CC BY-NC-SA 4.0,https://creativecommons.org/licenses/by-nc-sa/4.0/,11.0,0.0,11.0,11.0,yes,no,yes,yes,no,NonCommercial license; exclude from paid app unless the recordist grants permission.
746,Willow Warbler,Phylloscopus trochilus,Leaf Warblers (Phylloscopidae),1106092,Stephan Risch,https://xeno-canto.org/1106092,CC BY-NC-SA 4.0,https://creativecommons.org/licenses/by-nc-sa/4.0/,62.0,10.67,30.67,20.0,yes,no,yes,yes,no,NonCommercial license; exclude from paid app unless the recordist grants permission.
294,Wilson's Phalarope,Phalaropus tricolor,"Sandpipers, Phalaropes, and Allies (Scolopacidae)",877030,Skyler Bol,https://xeno-canto.org/877030,CC BY-NC-SA 4.0,https://creativecommons.org/licenses/by-nc-sa/4.0/,3.0,0.0,3.0,3.0,yes,no,yes,yes,no,NonCommercial license; exclude from paid app unless the recordist grants permission.
225,Wilson's Plover,Anarhynchus wilsonia,Lapwings and Plovers (Charadriidae),239636,Dan Lane,https://xeno-canto.org/239636,CC BY-NC-SA 4.0,https://creativecommons.org/licenses/by-nc-sa/4.0/,13.0,0.0,13.0,13.0,yes,no,yes,yes,no,NonCommercial license; exclude from paid app unless the recordist grants permission.
278,Wilson's Snipe,Gallinago delicata,"Sandpipers, Phalaropes, and Allies (Scolopacidae)",1060890,Benjamin Drillat,https://xeno-canto.org/1060890,CC BY-NC-SA 4.0,https://creativecommons.org/licenses/by-nc-sa/4.0/,107.0,25.67,45.67,20.0,yes,no,yes,yes,no,NonCommercial license; exclude from paid app unless the recordist grants permission.
398,Wilson's Storm-Petrel,Oceanites oceanicus,Southern Storm-Petrels (Oceanitidae),816191,Daniel Parker,https://xeno-canto.org/816191,CC BY-NC-SA 4.0,https://creativecommons.org/licenses/by-nc-sa/4.0/,143.0,37.67,57.67,20.0,yes,no,yes,yes,no,NonCommercial license; exclude from paid app unless the recordist grants permission.
1053,Wilson's Warbler,Cardellina pusilla,Wood-Warblers (Parulidae),1074850,Paul Driver,https://xeno-canto.org/1074850,CC BY-NC-SA 4.0,https://creativecommons.org/licenses/by-nc-sa/4.0/,27.0,0.0,20.0,20.0,yes,no,yes,yes,no,NonCommercial license; exclude from paid app unless the recordist grants permission.
1109,Wilson's Warbler,Cardellina pusilla,Wood-Warblers (Parulidae),1014412,Stanislas Wroza,https://xeno-canto.org/1014412,CC BY-NC-SA 4.0,https://creativecommons.org/licenses/by-nc-sa/4.0/,52.0,7.33,27.33,20.0,yes,no,yes,yes,no,NonCommercial license; exclude from paid app unless the recordist grants permission.
783,Winter Wren,Troglodytes hiemalis,Wrens (Troglodytidae),915931,Meena Haribal,https://xeno-canto.org/915931,CC BY-NC-SA 4.0,https://creativecommons.org/licenses/by-nc-sa/4.0/,49.0,6.33,26.33,20.0,yes,no,yes,yes,no,NonCommercial license; exclude from paid app unless the recordist grants permission.
24,Wood Duck,Aix sponsa,"Ducks, Geese, and Swans (Anatidae)",600081,Christopher McPherson,https://xeno-canto.org/600081,CC BY-NC-SA 4.0,https://creativecommons.org/licenses/by-nc-sa/4.0/,135.0,35.0,55.0,20.0,yes,no,yes,yes,no,NonCommercial license; exclude from paid app unless the recordist grants permission.
292,Wood Sandpiper,Tringa glareola,"Sandpipers, Phalaropes, and Allies (Scolopacidae)",109286,Ryan P. O&#039;Donnell,https://xeno-canto.org/109286,CC BY-NC-ND 2.5,https://creativecommons.org/licenses/by-nc-nd/2.5/,8.0,0.0,8.0,8.0,yes,no,no,no,no,NonCommercial license; exclude from paid app unless the recordist grants permission.
449,Wood Stork,Mycteria americana,Storks (Ciconiidae),149640,Paul Marvin,https://xeno-canto.org/149640,CC BY-NC-SA 3.0,https://creativecommons.org/licenses/by-nc-sa/3.0/,17.0,0.0,17.0,17.0,yes,no,yes,yes,no,NonCommercial license; exclude from paid app unless the recordist grants permission.
816,Wood Thrush,Hylocichla mustelina,Thrushes (Turdidae),1103243,Philip Vanbergen,https://xeno-canto.org/1103243,CC0-1.0,https://creativecommons.org/publicdomain/zero/1.0/,56.0,8.67,28.67,20.0,yes,yes,yes,no,yes,Commercial derivatives allowed with attribution.
748,Wood Warbler,Phylloscopus sibilatrix,Leaf Warblers (Phylloscopidae),1105938,Walter Wallner,https://xeno-canto.org/1105938,CC BY-NC-SA 4.0,https://creativecommons.org/licenses/by-nc-sa/4.0/,115.0,28.33,48.33,20.0,yes,no,yes,yes,no,NonCommercial license; exclude from paid app unless the recordist grants permission.
693,Woodhouse's Scrub-Jay,Aphelocoma woodhouseii,Jays and Crows (Corvidae),1041171,Scott Crabtree,https://xeno-canto.org/1041171,CC BY-NC-SA 4.0,https://creativecommons.org/licenses/by-nc-sa/4.0/,29.0,0.0,20.0,20.0,yes,no,yes,yes,no,NonCommercial license; exclude from paid app unless the recordist grants permission.
1003,Worm-eating Warbler,Helmitheros vermivorum,Wood-Warblers (Parulidae),1038386,Bobby Wilcox,https://xeno-canto.org/1038386,CC BY-NC-SA 4.0,https://creativecommons.org/licenses/by-nc-sa/4.0/,6.0,0.0,6.0,6.0,yes,no,yes,yes,no,NonCommercial license; exclude from paid app unless the recordist grants permission.
945,Worthen's Sparrow,Spizella wortheni,Towhees and Sparrows (Passerellidae),324266,Andrew Spencer,https://xeno-canto.org/324266,CC BY-NC-ND 4.0,https://creativecommons.org/licenses/by-nc-nd/4.0/,81.0,17.0,37.0,20.0,yes,no,no,no,no,NonCommercial license; exclude from paid app unless the recordist grants permission.
757,Wrentit,Chamaea fasciata,Sylviid Warblers (Sylviidae),820990,Paul Marvin,https://xeno-canto.org/820990,CC BY-NC-SA 4.0,https://creativecommons.org/licenses/by-nc-sa/4.0/,79.0,16.33,36.33,20.0,yes,no,yes,yes,no,NonCommercial license; exclude from paid app unless the recordist grants permission.
178,Xantus's Hummingbird,Basilinna xantusii,Hummingbirds (Trochilidae),352767,Frank Lambert,https://xeno-canto.org/352767,CC BY-NC-ND 4.0,https://creativecommons.org/licenses/by-nc-nd/4.0/,13.0,0.0,13.0,13.0,yes,no,no,no,no,NonCommercial license; exclude from paid app unless the recordist grants permission.
475,Yellow Bittern,Botaurus sinensis,"Bitterns, Herons, and Allies (Ardeidae)",1099302,Ding Li Yong,https://xeno-canto.org/1099302,CC BY-NC-ND 4.0,https://creativecommons.org/licenses/by-nc-nd/4.0/,27.0,0.0,20.0,20.0,yes,no,no,no,no,NonCommercial license; exclude from paid app unless the recordist grants permission.
1065,Yellow Grosbeak,Pheucticus chrysopeplus,"Cardinals, Piranga Tanagers and Allies (Cardinalidae)",664426,Sue Riffe,https://xeno-canto.org/664426,CC BY-NC-SA 4.0,https://creativecommons.org/licenses/by-nc-sa/4.0/,59.0,9.67,29.67,20.0,yes,no,yes,yes,no,NonCommercial license; exclude from paid app unless the recordist grants permission.
204,Yellow Rail,Coturnicops noveboracensis,"Rails, Gallinules, and Coots (Rallidae)",651109,Paul Driver,https://xeno-canto.org/651109,CC BY-NC-SA 4.0,https://creativecommons.org/licenses/by-nc-sa/4.0/,148.0,39.33,59.33,20.0,yes,no,yes,yes,no,NonCommercial license; exclude from paid app unless the recordist grants permission.
645,Yellow-bellied Flycatcher,Empidonax flaviventris,Tyrant Flycatchers (Tyrannidae),692218,Christopher McPherson,https://xeno-canto.org/692218,CC BY-NC-SA 4.0,https://creativecommons.org/licenses/by-nc-sa/4.0/,97.0,22.33,42.33,20.0,yes,no,yes,yes,no,NonCommercial license; exclude from paid app unless the recordist grants permission.
566,Yellow-bellied Sapsucker,Sphyrapicus varius,Woodpeckers and Allies (Picidae),892544,Megan Johnson,https://xeno-canto.org/892544,CC BY-NC-ND 4.0,https://creativecommons.org/licenses/by-nc-nd/4.0/,10.0,0.0,10.0,10.0,yes,no,no,no,no,NonCommercial license; exclude from paid app unless the recordist grants permission.
1076,Yellow-billed Cardinal,Paroaria capitata,Tanagers and Allies (Thraupidae),973327,Luciano Buck,https://xeno-canto.org/973327,CC BY-NC-SA 4.0,https://creativecommons.org/licenses/by-nc-sa/4.0/,24.0,0.0,20.0,20.0,yes,no,yes,yes,no,NonCommercial license; exclude from paid app unless the recordist grants permission.
137,Yellow-billed Cuckoo,Coccyzus americanus,"Cuckoos, Roadrunners, and Anis (Cuculidae)",844115,Valerie Heemstra,https://xeno-canto.org/844115,CC BY-NC-SA 4.0,https://creativecommons.org/licenses/by-nc-sa/4.0/,147.0,39.0,59.0,20.0,yes,no,yes,yes,no,NonCommercial license; exclude from paid app unless the recordist grants permission.
387,Yellow-billed Loon,Gavia adamsii,Loons (Gaviidae),838060,Seth Beaudreault (Toolik Field Station),https://xeno-canto.org/838060,CC BY-NC-SA 4.0,https://creativecommons.org/licenses/by-nc-sa/4.0/,6.0,0.0,6.0,6.0,yes,no,yes,yes,no,NonCommercial license; exclude from paid app unless the recordist grants permission.
697,Yellow-billed Magpie,Pica nuttalli,Jays and Crows (Corvidae),719940,Paul Marvin,https://xeno-canto.org/719940,CC BY-NC-SA 4.0,https://creativecommons.org/licenses/by-nc-sa/4.0/,15.0,0.0,15.0,15.0,yes,no,yes,yes,no,NonCommercial license; exclude from paid app unless the recordist grants permission.
975,Yellow-breasted Chat,Icteria virens,Yellow-breasted Chats (Icteriidae),1105873,Manuel Grosselet,https://xeno-canto.org/1105873,CC BY-NC-SA 4.0,https://creativecommons.org/licenses/by-nc-sa/4.0/,34.0,1.33,21.33,20.0,yes,no,yes,yes,no,NonCommercial license; exclude from paid app unless the recordist grants permission.
923,Yellow-browed Bunting,Emberiza chrysophrys,Emberizids (Emberizidae),485801,Stanislas Wroza,https://xeno-canto.org/485801,CC BY-NC-SA 4.0,https://creativecommons.org/licenses/by-nc-sa/4.0/,86.0,18.67,38.67,20.0,yes,no,yes,yes,no,NonCommercial license; exclude from paid app unless the recordist grants permission.
751,Yellow-browed Warbler,Phylloscopus inornatus,Leaf Warblers (Phylloscopidae),503284,Liam Singh,https://xeno-canto.org/503284,CC BY-NC-SA 4.0,https://creativecommons.org/licenses/by-nc-sa/4.0/,10.0,0.0,10.0,10.0,yes,no,yes,yes,no,NonCommercial license; exclude from paid app unless the recordist grants permission.
604,Yellow-chevroned Parakeet,Brotogeris chiriri,"Parakeets, Macaws, Amazons, and Parrots (Psittacidae)",957841,steve,https://xeno-canto.org/957841,CC BY-SA 4.0,https://creativecommons.org/licenses/by-sa/4.0/,9.0,0.0,9.0,9.0,yes,yes,yes,yes,yes,"Commercial derivatives allowed, but the trimmed clip must remain under the same ShareAlike license."
483,Yellow-crowned Night Heron,Nyctanassa violacea,"Bitterns, Herons, and Allies (Ardeidae)",538163,Paul Marvin,https://xeno-canto.org/538163,CC BY-NC-SA 4.0,https://creativecommons.org/licenses/by-nc-sa/4.0/,18.0,0.0,18.0,18.0,yes,no,yes,yes,no,NonCommercial license; exclude from paid app unless the recordist grants permission.
949,Yellow-eyed Junco,Junco phaeonotus,Towhees and Sparrows (Passerellidae),1000261,David Tattersley,https://xeno-canto.org/1000261,CC BY-NC-SA 4.0,https://creativecommons.org/licenses/by-nc-sa/4.0/,23.0,0.0,20.0,20.0,yes,no,yes,yes,no,NonCommercial license; exclude from paid app unless the recordist grants permission.
1082,Yellow-faced Grassquit,Tiaris olivaceus,Tanagers and Allies (Thraupidae),1094015,Julio Delgado,https://xeno-canto.org/1094015,CC BY-NC-SA 4.0,https://creativecommons.org/licenses/by-nc-sa/4.0/,29.0,0.0,20.0,20.0,yes,no,yes,yes,no,NonCommercial license; exclude from paid app unless the recordist grants permission.
367,Yellow-footed Gull,Larus livens,"Gulls, Terns, and Skimmers (Laridae)",203777,Andrew Spencer,https://xeno-canto.org/203777,CC BY-NC-SA 4.0,https://creativecommons.org/licenses/by-nc-sa/4.0/,29.0,0.0,20.0,20.0,yes,no,yes,yes,no,NonCommercial license; exclude from paid app unless the recordist grants permission.
904,Yellow-fronted Canary,Crithagra mozambica,Fringilline and Cardueline Finches and Allies (Fringillidae),778109,Nathan Pieplow,https://xeno-canto.org/778109,CC BY-NC-SA 4.0,https://creativecommons.org/licenses/by-nc-sa/4.0/,79.0,16.33,36.33,20.0,yes,no,yes,yes,no,NonCommercial license; exclude from paid app unless the recordist grants permission.
674,Yellow-green Vireo,Vireo flavoviridis,Vireos (Vireonidae),1071251,Noah Khanti Steinberg,https://xeno-canto.org/1071251,CC BY-NC-SA 4.0,https://creativecommons.org/licenses/by-nc-sa/4.0/,38.0,2.67,22.67,20.0,yes,no,yes,yes,no,NonCommercial license; exclude from paid app unless the recordist grants permission.
607,Yellow-headed Amazon (1975-1982),Amazona oratrix,"Parakeets, Macaws, Amazons, and Parrots (Psittacidae)",399602,Trish,https://xeno-canto.org/399602,CC BY-NC-SA 4.0,https://creativecommons.org/licenses/by-nc-sa/4.0/,65.0,11.67,31.67,20.0,yes,no,yes,yes,no,NonCommercial license; exclude from paid app unless the recordist grants permission.
976,Yellow-headed Blackbird,Xanthocephalus xanthocephalus,Blackbirds (Icteridae),1007056,Ed Pandolfino,https://xeno-canto.org/1007056,CC BY-NC-SA 4.0,https://creativecommons.org/licenses/by-nc-sa/4.0/,89.0,19.67,39.67,20.0,yes,no,yes,yes,no,NonCommercial license; exclude from paid app unless the recordist grants permission.
585,Yellow-headed Caracara,Milvago chimachima,Caracaras and Falcons (Falconidae),817016,JAYRSON ARAUJO DE OLIVEIRA,https://xeno-canto.org/817016,CC BY-NC-SA 4.0,https://creativecommons.org/licenses/by-nc-sa/4.0/,22.0,0.0,20.0,20.0,yes,no,yes,yes,no,NonCommercial license; exclude from paid app unless the recordist grants permission.
372,Yellow-legged Gull,Larus michahellis,"Gulls, Terns, and Skimmers (Laridae)",1070601,Lionel FREDERIC,https://xeno-canto.org/1070601,CC BY-NC-SA 4.0,https://creativecommons.org/licenses/by-nc-sa/4.0/,43.0,4.33,24.33,20.0,yes,no,yes,yes,no,NonCommercial license; exclude from paid app unless the recordist grants permission.
1040,Yellow-rumped Warbler,Setophaga coronata,Wood-Warblers (Parulidae),898003,Valerie Heemstra,https://xeno-canto.org/898003,CC BY-NC-SA 4.0,https://creativecommons.org/licenses/by-nc-sa/4.0/,47.0,5.67,25.67,20.0,yes,no,yes,yes,no,NonCommercial license; exclude from paid app unless the recordist grants permission.
1106,Yellow-rumped Warbler,Setophaga coronata,Wood-Warblers (Parulidae),1020578,Stanislas Wroza,https://xeno-canto.org/1020578,CC BY-NC-SA 4.0,https://creativecommons.org/licenses/by-nc-sa/4.0/,20.0,0.0,20.0,20.0,yes,no,yes,yes,no,NonCommercial license; exclude from paid app unless the recordist grants permission.
926,Yellow-throated Bunting,Emberiza elegans,Emberizids (Emberizidae),1089214,Ray Tsu 诸仁,https://xeno-canto.org/1089214,CC BY-NC-SA 4.0,https://creativecommons.org/licenses/by-nc-sa/4.0/,60.0,10.0,30.0,20.0,yes,no,yes,yes,no,NonCommercial license; exclude from paid app unless the recordist grants permission.
667,Yellow-throated Vireo,Vireo flavifrons,Vireos (Vireonidae),1105110,Scott Gravette,https://xeno-canto.org/1105110,CC BY-NC-SA 4.0,https://creativecommons.org/licenses/by-nc-sa/4.0/,32.0,0.67,20.67,20.0,yes,no,yes,yes,no,NonCommercial license; exclude from paid app unless the recordist grants permission.
1041,Yellow-throated Warbler,Setophaga dominica,Wood-Warblers (Parulidae),980688,Chris Harrison,https://xeno-canto.org/980688,CC BY-NC-SA 4.0,https://creativecommons.org/licenses/by-nc-sa/4.0/,16.0,0.0,16.0,16.0,yes,no,yes,yes,no,NonCommercial license; exclude from paid app unless the recordist grants permission.
1107,Yellow-throated Warbler,Setophaga dominica,Wood-Warblers (Parulidae),717434,William Whitehead,https://xeno-canto.org/717434,CC BY-NC-ND 4.0,https://creativecommons.org/licenses/by-nc-nd/4.0/,28.0,0.0,20.0,20.0,yes,no,no,no,no,NonCommercial license; exclude from paid app unless the recordist grants permission.
676,Yucatan Vireo,Vireo magister,Vireos (Vireonidae),411518,Alfonso Auerbach,https://xeno-canto.org/411518,CC BY-NC-SA 4.0,https://creativecommons.org/licenses/by-nc-sa/4.0/,24.0,0.0,20.0,20.0,yes,no,yes,yes,no,NonCommercial license; exclude from paid app unless the recordist grants permission.
130,Zebra Dove,Geopelia striata,Pigeons and Doves (Columbidae),203258,Ross Gallardy,https://xeno-canto.org/203258,CC BY-NC-SA 4.0,https://creativecommons.org/licenses/by-nc-sa/4.0/,40.0,3.33,23.33,20.0,yes,no,yes,yes,no,NonCommercial license; exclude from paid app unless the recordist grants permission.
117,Zenaida Dove,Zenaida aurita,Pigeons and Doves (Columbidae),1079153,Garrett Yocklin,https://xeno-canto.org/1079153,CC BY-NC-SA 4.0,https://creativecommons.org/licenses/by-nc-sa/4.0/,24.0,0.0,20.0,20.0,yes,no,yes,yes,no,NonCommercial license; exclude from paid app unless the recordist grants permission.
425,Zino's Petrel,Pterodroma madeira,Shearwaters and Petrels (Procellariidae),1104522,Emil Lundahl,https://xeno-canto.org/1104522,CC BY-NC-SA 4.0,https://creativecommons.org/licenses/by-nc-sa/4.0/,32.0,0.67,20.67,20.0,yes,no,yes,yes,no,NonCommercial license; exclude from paid app unless the recordist grants permission.
524,Zone-tailed Hawk,Buteo albonotatus,"Hawks, Kites, Eagles, and Allies (Accipitridae)",974042,Richard E. Webster,https://xeno-canto.org/974042,CC BY-NC-SA 4.0,https://creativecommons.org/licenses/by-nc-sa/4.0/,147.0,39.0,59.0,20.0,yes,no,yes,yes,no,NonCommercial license; exclude from paid app unless the recordist grants permission.
