species_id,common_name,scientific_name,family,covered,coverage_tier,primary_source,source_scope,source_recording_id,source_url,audio_url,license_name,license_url,quality,recordist,sound_type,commercial_allowed,derivatives_allowed,requires_share_alike,manual_qc_required,confidence,notes,candidate_count
1042,Abert's Towhee,Melozone aberti,Towhees and Sparrows (Passerellidae),yes,candidate_safe_research_grade,iNaturalist,research-grade exact taxon sound,iNat observation 305837812 / sound 1602283,https://www.inaturalist.org/observations/305837812,https://static.inaturalist.org/sounds/1602283.wav?1755024762,CC-BY,https://creativecommons.org/licenses/by/4.0/,research-grade,"(c) nebrooks, some rights reserved (CC BY)",bird sound,yes,yes,no,yes,candidate,License-safe iNaturalist research-grade observation with exact taxon match; listen before shipping.,5
681,Acadian Flycatcher,Empidonax virescens,Tyrant Flycatchers (Tyrannidae),yes,strict_safe_ab,xeno-canto,americas,XC690685,https://xeno-canto.org/690685,https://xeno-canto.org/690685/download,CC BY-SA 4.0,https://creativecommons.org/licenses/by-sa/4.0/,A,Andres Felipe Espinosa,song,yes,yes,yes,no,high,Exact scientific-name match from Xeno-canto with commercial-safe Creative Commons license.,9
595,Acorn Woodpecker,Melanerpes formicivorus,Woodpeckers and Allies (Picidae),yes,strict_safe_ab,xeno-canto,americas,XC110258,https://xeno-canto.org/110258,https://xeno-canto.org/110258/download,CC BY-SA 3.0,https://creativecommons.org/licenses/by-sa/3.0/,B,Jonathon Jongsma,call,yes,yes,yes,no,high,Exact scientific-name match from Xeno-canto with commercial-safe Creative Commons license.,2
129,African Collared-Dove (1969-1994),Streptopelia roseogrisea,Pigeons and Doves (Columbidae),yes,candidate_safe_research_grade,iNaturalist,research-grade exact taxon sound,iNat observation 54067285 / sound 123829,https://www.inaturalist.org/observations/54067285,https://static.inaturalist.org/sounds/123829.m4a?1595521696,CC-BY,https://creativecommons.org/licenses/by/4.0/,research-grade,"(c) Brush F, some rights reserved (CC BY)",bird sound,yes,yes,no,yes,candidate,License-safe iNaturalist research-grade observation with exact taxon match; listen before shipping.,3
900,African Silverbill,Euodice cantans,Waxbills (Estrildidae),yes,candidate_safe_research_grade,iNaturalist,research-grade exact taxon sound,iNat observation 327059243 / sound 1696923,https://www.inaturalist.org/observations/327059243,https://static.inaturalist.org/sounds/1696923.mp3?1763437278,CC-BY,https://creativecommons.org/licenses/by/4.0/,research-grade,"(c) Damien Wallace, some rights reserved (CC BY)",bird sound,yes,yes,no,yes,candidate,License-safe iNaturalist research-grade observation with exact taxon match; listen before shipping.,1
424,Ainley's Storm-Petrel,Hydrobates cheimomnestes,Northern Storm-Petrels (Hydrobatidae),no,missing,,,,,,,,,,,,,,,,,0
963,Akekee,Loxops caeruleirostris,Fringilline and Cardueline Finches and Allies (Fringillidae),no,missing,,,,,,,,,,,,,,,,,0
952,Akiapolaau,Hemignathus wilsoni,Fringilline and Cardueline Finches and Allies (Fringillidae),yes,candidate_safe_research_grade,iNaturalist,research-grade exact taxon sound,iNat observation 343759087 / sound 1812457,https://www.inaturalist.org/observations/343759087,https://static.inaturalist.org/sounds/1812457.mp3?1773898296,CC-BY,https://creativecommons.org/licenses/by/4.0/,research-grade,"(c) Damien Wallace, some rights reserved (CC BY)",bird sound,yes,yes,no,yes,candidate,License-safe iNaturalist research-grade observation with exact taxon match; listen before shipping.,4
929,Akikiki,Oreomystis bairdi,Fringilline and Cardueline Finches and Allies (Fringillidae),no,missing,,,,,,,,,,,,,,,,,0
940,Akohekohe,Palmeria dolei,Fringilline and Cardueline Finches and Allies (Fringillidae),no,missing,,,,,,,,,,,,,,,,,0
682,Alder Flycatcher,Empidonax alnorum,Tyrant Flycatchers (Tyrannidae),yes,strict_safe_ab,xeno-canto,americas,XC179600,https://xeno-canto.org/179600,https://xeno-canto.org/179600/download,CC BY-SA 4.0,https://creativecommons.org/licenses/by-sa/4.0/,A,Jonathon Jongsma,song,yes,yes,yes,no,high,Exact scientific-name match from Xeno-canto with commercial-safe Creative Commons license.,6
343,Aleutian Tern,Onychoprion aleuticus,"Gulls, Terns, and Skimmers (Laridae)",no,missing,,,,,,,,,,,,,,,,,0
176,Allen's Hummingbird,Selasphorus sasin,Hummingbirds (Trochilidae),yes,candidate_safe_research_grade,iNaturalist,research-grade exact taxon sound,iNat observation 299718946 / sound 1576309,https://www.inaturalist.org/observations/299718946,https://static.inaturalist.org/sounds/1576309.m4a?1753064298,CC-BY,https://creativecommons.org/licenses/by/4.0/,research-grade,"(c) hyaeth, some rights reserved (CC BY)",bird sound,yes,yes,no,yes,candidate,License-safe iNaturalist research-grade observation with exact taxon match; listen before shipping.,4
1061,Altamira Oriole,Icterus gularis,Blackbirds (Icteridae),yes,candidate_safe_research_grade,iNaturalist,research-grade exact taxon sound,iNat observation 325040113 / sound 1686908,https://www.inaturalist.org/observations/325040113,https://static.inaturalist.org/sounds/1686908.m4a?1762356666,CC0,https://creativecommons.org/publicdomain/zero/1.0/,research-grade,no rights reserved,bird sound,yes,yes,no,yes,candidate,License-safe iNaturalist research-grade observation with exact taxon match; listen before shipping.,4
852,Amaui,Myadestes woahensis,Thrushes (Turdidae),no,missing,,,,,,,,,,,,,,,,,0
590,Amazon Kingfisher,Chloroceryle amazona,Kingfishers (Alcedinidae),yes,candidate_safe_research_grade,iNaturalist,research-grade exact taxon sound,iNat observation 122012034 / sound 473250,https://www.inaturalist.org/observations/122012034,https://static.inaturalist.org/sounds/473250.m4a?1655385611,CC-BY,https://creativecommons.org/licenses/by/4.0/,research-grade,"(c) Eduardo Luis Beltrocco, some rights reserved (CC BY)",bird sound,yes,yes,no,yes,candidate,License-safe iNaturalist research-grade observation with exact taxon match; listen before shipping.,3
215,American Avocet,Recurvirostra americana,Stilts and Avocets (Recurvirostridae),yes,strict_safe_ab,xeno-canto,americas,XC99571,https://xeno-canto.org/99571,https://xeno-canto.org/99571/download,CC BY-SA 3.0,https://creativecommons.org/licenses/by-sa/3.0/,A,Jonathon Jongsma,alarm call,yes,yes,yes,no,high,Exact scientific-name match from Xeno-canto with commercial-safe Creative Commons license.,3
562,American Barn Owl,Tyto furcata,Barn Owls (Tytonidae),yes,strict_safe_ab,xeno-canto,americas,XC611957,https://xeno-canto.org/611957,https://xeno-canto.org/611957/download,CC BY-SA 4.0,https://creativecommons.org/licenses/by-sa/4.0/,B,Alexandra Liberato,call,yes,yes,yes,no,high,Exact scientific-name match from Xeno-canto with commercial-safe Creative Commons license.,1
502,American Bittern,Botaurus lentiginosus,"Bitterns, Herons, and Allies (Ardeidae)",yes,strict_safe_ab,xeno-canto,americas,XC451067,https://xeno-canto.org/451067,https://xeno-canto.org/451067/download,CC BY-SA 4.0,https://creativecommons.org/licenses/by-sa/4.0/,A,Justin Watts,song,yes,yes,yes,no,high,Exact scientific-name match from Xeno-canto with commercial-safe Creative Commons license.,3
39,American Black Duck,Anas rubripes,"Ducks, Geese, and Swans (Anatidae)",yes,candidate_safe_research_grade,iNaturalist,research-grade exact taxon sound,iNat observation 245236584 / sound 1220267,https://www.inaturalist.org/observations/245236584,https://static.inaturalist.org/sounds/1220267.wav?1727879258,CC-BY,https://creativecommons.org/licenses/by/4.0/,research-grade,"(c) er-birds, some rights reserved (CC BY)",bird sound,yes,yes,no,yes,candidate,License-safe iNaturalist research-grade observation with exact taxon match; listen before shipping.,2
205,American Coot,Fulica americana,"Rails, Gallinules, and Coots (Rallidae)",yes,strict_safe_public_domain,National Park Service,official public-domain page,,https://www.nps.gov/yell/learn/photosmultimedia/soundlibrary.htm,,Public domain / NPS credit requested,https://www.nps.gov/subjects/sound/gallery.htm,official,National Park Service,bird sound,yes,yes,no,no,high,Official NPS public-domain sound listing; exact/common-name normalized match.,1
735,American Crow,Corvus brachyrhynchos,Jays and Crows (Corvidae),yes,strict_safe_ab,xeno-canto,americas,XC1031083,https://xeno-canto.org/1031083,https://xeno-canto.org/1031083/download,CC BY-SA 4.0,https://creativecommons.org/licenses/by-sa/4.0/,A,Doug Hynes,call,yes,yes,yes,no,high,Exact scientific-name match from Xeno-canto with commercial-safe Creative Commons license.,18
845,American Dipper,Cinclus mexicanus,Dippers (Cinclidae),yes,strict_safe_public_domain,National Park Service,official public-domain page,,https://www.nps.gov/yell/learn/photosmultimedia/soundlibrary.htm,,Public domain / NPS credit requested,https://www.nps.gov/subjects/sound/gallery.htm,official,National Park Service,bird sound,yes,yes,no,no,high,Official NPS public-domain sound listing; exact/common-name normalized match.,1
102,American Flamingo,Phoenicopterus ruber,Flamingos (Phoenicopteridae),yes,strict_safe_ab,xeno-canto,americas,XC737280,https://xeno-canto.org/737280,https://xeno-canto.org/737280/download,CC BY-SA 4.0,https://creativecommons.org/licenses/by-sa/4.0/,A,Justin Watts,call,yes,yes,yes,no,high,Exact scientific-name match from Xeno-canto with commercial-safe Creative Commons license.,1
221,American Golden-Plover,Pluvialis dominica,Lapwings and Plovers (Charadriidae),yes,strict_safe_ab,xeno-canto,americas,XC934270,https://xeno-canto.org/934270,https://xeno-canto.org/934270/download,CC BY-SA 4.0,https://creativecommons.org/licenses/by-sa/4.0/,A,Doug Hynes,"call, song",yes,yes,yes,no,high,Exact scientific-name match from Xeno-canto with commercial-safe Creative Commons license.,2
987,American Goldfinch,Spinus tristis,Fringilline and Cardueline Finches and Allies (Fringillidae),yes,strict_safe_ab,xeno-canto,americas,XC428425,https://xeno-canto.org/428425,https://xeno-canto.org/428425/download,CC BY-SA 4.0,https://creativecommons.org/licenses/by-sa/4.0/,A,Jonathon Jongsma,song,yes,yes,yes,no,high,Exact scientific-name match from Xeno-canto with commercial-safe Creative Commons license.,10
535,American Goshawk,Astur atricapillus,"Hawks, Kites, Eagles, and Allies (Accipitridae)",yes,candidate_safe_research_grade,iNaturalist,research-grade exact taxon sound,iNat observation 310265294 / sound 1620143,https://www.inaturalist.org/observations/310265294,https://static.inaturalist.org/sounds/1620143.wav?1756577759,CC-BY,https://creativecommons.org/licenses/by/4.0/,research-grade,"(c) Peter Abrahamsen, some rights reserved (CC BY)",bird sound,yes,yes,no,yes,candidate,License-safe iNaturalist research-grade observation with exact taxon match; listen before shipping.,13
387,American Herring Gull,Larus smithsonianus,"Gulls, Terns, and Skimmers (Laridae)",yes,strict_safe_ab,xeno-canto,americas,XC1036311,https://xeno-canto.org/1036311,https://xeno-canto.org/1036311/download,CC BY-SA 4.0,https://creativecommons.org/licenses/by-sa/4.0/,A,Doug Hynes,call,yes,yes,yes,no,high,Exact scientific-name match from Xeno-canto with commercial-safe Creative Commons license.,2
621,American Kestrel,Falco sparverius,Caracaras and Falcons (Falconidae),yes,strict_safe_ab,xeno-canto,americas,XC254589,https://xeno-canto.org/254589,https://xeno-canto.org/254589/download,CC BY-SA 4.0,https://creativecommons.org/licenses/by-sa/4.0/,A,Jonathon Jongsma,call,yes,yes,yes,no,high,Exact scientific-name match from Xeno-canto with commercial-safe Creative Commons license.,4
217,American Oystercatcher,Haematopus palliatus,Oystercatchers (Haematopodidae),yes,candidate_safe_research_grade,iNaturalist,research-grade exact taxon sound,iNat observation 164877071 / sound 721910,https://www.inaturalist.org/observations/164877071,https://static.inaturalist.org/sounds/721910.wav?1685651920,CC-BY,https://creativecommons.org/licenses/by/4.0/,research-grade,"(c) David Weisenbeck, some rights reserved (CC BY)",bird sound,yes,yes,no,yes,candidate,License-safe iNaturalist research-grade observation with exact taxon match; listen before shipping.,3
920,American Pipit,Anthus rubescens,Wagtails and Pipits (Motacillidae),yes,strict_safe_ab,xeno-canto,americas,XC111043,https://xeno-canto.org/111043,https://xeno-canto.org/111043/download,CC BY-SA 3.0,https://creativecommons.org/licenses/by-sa/3.0/,B,Jonathon Jongsma,call,yes,yes,yes,no,high,Exact scientific-name match from Xeno-canto with commercial-safe Creative Commons license.,4
1101,American Redstart,Setophaga ruticilla,Wood-Warblers (Parulidae),yes,strict_safe_ab,xeno-canto,americas,XC179661,https://xeno-canto.org/179661,https://xeno-canto.org/179661/download,CC BY-SA 4.0,https://creativecommons.org/licenses/by-sa/4.0/,A,Jonathon Jongsma,song,yes,yes,yes,no,high,Exact scientific-name match from Xeno-canto with commercial-safe Creative Commons license.,16
875,American Robin,Turdus migratorius,Thrushes (Turdidae),yes,strict_safe_ab,xeno-canto,americas,XC954703,https://xeno-canto.org/954703,https://xeno-canto.org/954703/download,CC0-1.0,https://creativecommons.org/publicdomain/zero/1.0/,A,Anonymous,song,yes,yes,no,no,high,Exact scientific-name match from Xeno-canto with commercial-safe Creative Commons license.,21
603,American Three-toed Woodpecker,Picoides dorsalis,Woodpeckers and Allies (Picidae),yes,strict_safe_ab,xeno-canto,americas,XC613386,https://xeno-canto.org/613386,https://xeno-canto.org/613386/download,CC BY-SA 4.0,https://creativecommons.org/licenses/by-sa/4.0/,A,Doug Hynes,call,yes,yes,yes,no,high,Exact scientific-name match from Xeno-canto with commercial-safe Creative Commons license.,2
1021,American Tree Sparrow,Spizelloides arborea,Towhees and Sparrows (Passerellidae),yes,strict_safe_ab,xeno-canto,americas,XC568655,https://xeno-canto.org/568655,https://xeno-canto.org/568655/download,CC BY-SA 4.0,https://creativecommons.org/licenses/by-sa/4.0/,A,Doug Hynes,song,yes,yes,yes,no,high,Exact scientific-name match from Xeno-canto with commercial-safe Creative Commons license.,10
498,American White Pelican,Pelecanus erythrorhynchos,Pelicans (Pelecanidae),yes,strict_safe_any_quality,xeno-canto,americas,XC175257,https://xeno-canto.org/175257,https://xeno-canto.org/175257/download,CC BY-SA 4.0,https://creativecommons.org/licenses/by-sa/4.0/,D,Jonathon Jongsma,"call, wing noise",yes,yes,yes,no,high,Exact scientific-name match from Xeno-canto with commercial-safe Creative Commons license.,2
33,American Wigeon,Mareca americana,"Ducks, Geese, and Swans (Anatidae)",yes,candidate_safe_research_grade,iNaturalist,research-grade exact taxon sound,iNat observation 303558208 / sound 1592334,https://www.inaturalist.org/observations/303558208,https://static.inaturalist.org/sounds/1592334.wav?1754258656,CC-BY,https://creativecommons.org/licenses/by/4.0/,research-grade,"(c) Liam Steele, some rights reserved (CC BY)",bird sound,yes,yes,no,yes,candidate,License-safe iNaturalist research-grade observation with exact taxon match; listen before shipping.,8
283,American Woodcock,Scolopax minor,"Sandpipers, Phalaropes, and Allies (Scolopacidae)",yes,strict_safe_ab,xeno-canto,americas,XC544586,https://xeno-canto.org/544586,https://xeno-canto.org/544586/download,CC BY-SA 4.0,https://creativecommons.org/licenses/by-sa/4.0/,A,Justin Watts,"call, song",yes,yes,yes,no,high,Exact scientific-name match from Xeno-canto with commercial-safe Creative Commons license.,11
166,Amethyst-throated Mountain-gem,Lampornis amethystinus,Hummingbirds (Trochilidae),no,missing,,,,,,,,,,,,,,,,,0
325,Ancient Murrelet,Synthliboramphus antiquus,"Auks, Murres, and Puffins (Alcidae)",no,missing,,,,,,,,,,,,,,,,,0
486,Anhinga,Anhinga anhinga,Darters (Anhingidae),yes,strict_safe_public_domain,National Park Service,official public-domain page,,https://www.nps.gov/subjects/sound/gallery.htm,,Public domain / NPS credit requested,https://www.nps.gov/subjects/sound/gallery.htm,official,National Park Service,bird sound,yes,yes,no,no,high,Official NPS public-domain sound listing; exact/common-name normalized match.,1
957,Anianiau,Magumma parva,Fringilline and Cardueline Finches and Allies (Fringillidae),yes,candidate_safe_research_grade,iNaturalist,research-grade exact taxon sound,iNat observation 358831166 / sound 1930176,https://www.inaturalist.org/observations/358831166,https://static.inaturalist.org/sounds/1930176.mp3?1778045619,CC-BY,https://creativecommons.org/licenses/by/4.0/,research-grade,"(c) Damien Wallace, some rights reserved (CC BY)",bird sound,yes,yes,no,yes,candidate,License-safe iNaturalist research-grade observation with exact taxon match; listen before shipping.,1
172,Anna's Hummingbird,Calypte anna,Hummingbirds (Trochilidae),yes,strict_safe_ab,xeno-canto,americas,XC157666,https://xeno-canto.org/157666,https://xeno-canto.org/157666/download,CC BY-SA 3.0,https://creativecommons.org/licenses/by-sa/3.0/,A,Bushman,song,yes,yes,yes,no,high,Exact scientific-name match from Xeno-canto with commercial-safe Creative Commons license.,6
144,Antillean Nighthawk,Chordeiles gundlachii,Goatsuckers (Caprimulgidae),yes,candidate_safe_research_grade,iNaturalist,research-grade exact taxon sound,iNat observation 279598018 / sound 1449516,https://www.inaturalist.org/observations/279598018,https://static.inaturalist.org/sounds/1449516.m4a?1746752711,CC0,https://creativecommons.org/publicdomain/zero/1.0/,research-grade,no rights reserved,bird sound,yes,yes,no,yes,candidate,License-safe iNaturalist research-grade observation with exact taxon match; listen before shipping.,3
161,Antillean Palm Swift (Palm-Swift),Tachornis phoenicobia,Swifts (Apodidae),no,missing,,,,,,,,,,,,,,,,,0
942,Apapane,Himatione sanguinea,Fringilline and Cardueline Finches and Allies (Fringillidae),yes,candidate_safe_research_grade,iNaturalist,research-grade exact taxon sound,iNat observation 358832287 / sound 1930187,https://www.inaturalist.org/observations/358832287,https://static.inaturalist.org/sounds/1930187.mp3?1778046069,CC-BY,https://creativecommons.org/licenses/by/4.0/,research-grade,"(c) Damien Wallace, some rights reserved (CC BY)",bird sound,yes,yes,no,yes,candidate,License-safe iNaturalist research-grade observation with exact taxon match; listen before shipping.,27
625,Aplomado Falcon,Falco femoralis,Caracaras and Falcons (Falconidae),yes,candidate_safe_research_grade,iNaturalist,research-grade exact taxon sound,iNat observation 97289398 / sound 313257,https://www.inaturalist.org/observations/97289398,https://static.inaturalist.org/sounds/313257.mp3?1633471266,CC-BY,https://creativecommons.org/licenses/by/4.0/,research-grade,"(c) Pedro Henrique Maloso Ramos, some rights reserved (CC BY)",bird sound,yes,yes,no,yes,candidate,License-safe iNaturalist research-grade observation with exact taxon match; listen before shipping.,1
400,Arctic Loon,Gavia arctica,Loons (Gaviidae),yes,strict_safe_any_quality,xeno-canto,global,XC803905,https://xeno-canto.org/803905,https://xeno-canto.org/803905/download,CC0-1.0,https://creativecommons.org/publicdomain/zero/1.0/,C,Grégoire Chauvot,song,yes,yes,no,no,high,Exact scientific-name match from Xeno-canto with commercial-safe Creative Commons license.,1
355,Arctic Tern,Sterna paradisaea,"Gulls, Terns, and Skimmers (Laridae)",yes,strict_safe_ab,xeno-canto,americas,XC564600,https://xeno-canto.org/564600,https://xeno-canto.org/564600/download,CC BY-SA 4.0,https://creativecommons.org/licenses/by-sa/4.0/,A,Doug Hynes,"alarm call, call, flight call",yes,yes,yes,no,high,Exact scientific-name match from Xeno-canto with commercial-safe Creative Commons license.,2
789,Arctic Warbler,Phylloscopus borealis,Leaf Warblers (Phylloscopidae),yes,candidate_safe_research_grade,iNaturalist,research-grade exact taxon sound,iNat observation 318018660 / sound 1654705,https://www.inaturalist.org/observations/318018660,https://static.inaturalist.org/sounds/1654705.wav?1759337048,CC-BY,https://creativecommons.org/licenses/by/4.0/,research-grade,"(c) Sam Hambly, some rights reserved (CC BY)",bird sound,yes,yes,no,yes,candidate,License-safe iNaturalist research-grade observation with exact taxon match; listen before shipping.,18
612,Arizona Woodpecker,Dryobates arizonae,Woodpeckers and Allies (Picidae),no,missing,,,,,,,,,,,,,,,,,0
653,Ash-throated Flycatcher,Myiarchus cinerascens,Tyrant Flycatchers (Tyrannidae),yes,strict_safe_ab,xeno-canto,americas,XC964190,https://xeno-canto.org/964190,https://xeno-canto.org/964190/download,CC BY-SA 4.0,https://creativecommons.org/licenses/by-sa/4.0/,A,steve,call,yes,yes,yes,no,high,Exact scientific-name match from Xeno-canto with commercial-safe Creative Commons license.,2
425,Ashy Storm-Petrel,Hydrobates homochroa,Northern Storm-Petrels (Hydrobatidae),no,missing,,,,,,,,,,,,,,,,,0
880,Asian Brown Flycatcher,Muscicapa dauurica,Old World Flycatchers (Muscicapidae),no,missing,,,,,,,,,,,,,,,,,0
969,Asian Rosy-Finch,Leucosticte arctoa,Fringilline and Cardueline Finches and Allies (Fringillidae),no,missing,,,,,,,,,,,,,,,,,0
332,Atlantic Puffin,Fratercula arctica,"Auks, Murres, and Puffins (Alcidae)",yes,strict_safe_any_quality,xeno-canto,americas,XC821150,https://xeno-canto.org/821150,https://xeno-canto.org/821150/download,CC0-1.0,https://creativecommons.org/publicdomain/zero/1.0/,C,Killian Sullivan,,yes,yes,no,no,high,Exact scientific-name match from Xeno-canto with commercial-safe Creative Commons license.,1
404,Atlantic Yellow-nosed (Yellow-nosed) Albatross,Thalassarche chlororhynchos,Albatrosses (Diomedeidae),no,missing,,,,,,,,,,,,,,,,,0
1062,Audubon's Oriole,Icterus graduacauda,Blackbirds (Icteridae),yes,strict_safe_ab,xeno-canto,americas,XC406544,https://xeno-canto.org/406544,https://xeno-canto.org/406544/download,CC BY-SA 4.0,https://creativecommons.org/licenses/by-sa/4.0/,A,Leonardo Guzman Hernandez,call,yes,yes,yes,no,high,Exact scientific-name match from Xeno-canto with commercial-safe Creative Commons license.,1
878,Aztec Thrush,Ridgwayia pinicola,Thrushes (Turdidae),no,missing,,,,,,,,,,,,,,,,,0
1007,Bachman's Sparrow,Peucaea aestivalis,Towhees and Sparrows (Passerellidae),yes,strict_safe_ab,xeno-canto,americas,XC1087240,https://xeno-canto.org/1087240,https://xeno-canto.org/1087240/download,CC BY-SA 4.0,https://creativecommons.org/licenses/by-sa/4.0/,A,steve,song,yes,yes,yes,no,high,Exact scientific-name match from Xeno-canto with commercial-safe Creative Commons license.,6
1081,"Bachman's Warbler (extinct, 1937)",Vermivora bachmanii,Wood-Warblers (Parulidae),no,missing,,,,,,,,,,,,,,,,,0
840,Bahama Mockingbird,Mimus gundlachii,Mockingbirds and Thrashers (Mimidae),yes,candidate_safe_research_grade,iNaturalist,research-grade exact taxon sound,iNat observation 108311952 / sound 368642,https://www.inaturalist.org/observations/108311952,https://static.inaturalist.org/sounds/368642.wav?1646933209,CC0,https://creativecommons.org/publicdomain/zero/1.0/,research-grade,no rights reserved,bird sound,yes,yes,no,yes,candidate,License-safe iNaturalist research-grade observation with exact taxon match; listen before shipping.,2
767,Bahama Swallow,Tachycineta cyaneoviridis,Swallows (Hirundinidae),no,missing,,,,,,,,,,,,,,,,,0
171,Bahama Woodstar,Nesophlox evelynae,Hummingbirds (Trochilidae),no,missing,,,,,,,,,,,,,,,,,0
25,Baikal Teal,Sibirionetta formosa,"Ducks, Geese, and Swans (Anatidae)",no,missing,,,,,,,,,,,,,,,,,0
271,Baird's Sandpiper,Calidris bairdii,"Sandpipers, Phalaropes, and Allies (Scolopacidae)",yes,strict_safe_ab,xeno-canto,americas,XC613406,https://xeno-canto.org/613406,https://xeno-canto.org/613406/download,CC BY-SA 4.0,https://creativecommons.org/licenses/by-sa/4.0/,A,Doug Hynes,call,yes,yes,yes,no,high,Exact scientific-name match from Xeno-canto with commercial-safe Creative Commons license.,1
1035,Baird's Sparrow,Centronyx bairdii,Towhees and Sparrows (Passerellidae),yes,strict_safe_ab,xeno-canto,americas,XC451070,https://xeno-canto.org/451070,https://xeno-canto.org/451070/download,CC BY-SA 4.0,https://creativecommons.org/licenses/by-sa/4.0/,A,Justin Watts,song,yes,yes,yes,no,high,Exact scientific-name match from Xeno-canto with commercial-safe Creative Commons license.,3
540,Bald Eagle,Haliaeetus leucocephalus,"Hawks, Kites, Eagles, and Allies (Accipitridae)",yes,strict_safe_ab,xeno-canto,americas,XC1007532,https://xeno-canto.org/1007532,https://xeno-canto.org/1007532/download,CC BY-SA 4.0,https://creativecommons.org/licenses/by-sa/4.0/,B,Doug Hynes,call,yes,yes,yes,no,high,Exact scientific-name match from Xeno-canto with commercial-safe Creative Commons license.,2
1063,Baltimore Oriole,Icterus galbula,Blackbirds (Icteridae),yes,strict_safe_ab,xeno-canto,americas,XC178046,https://xeno-canto.org/178046,https://xeno-canto.org/178046/download,CC BY-SA 4.0,https://creativecommons.org/licenses/by-sa/4.0/,A,Jonathon Jongsma,song,yes,yes,yes,no,high,Exact scientific-name match from Xeno-canto with commercial-safe Creative Commons license.,5
1158,Bananaquit,Coereba flaveola,Tanagers and Allies (Thraupidae),yes,strict_safe_ab,xeno-canto,americas,XC1028063,https://xeno-canto.org/1028063,https://xeno-canto.org/1028063/download,CC0-1.0,https://creativecommons.org/publicdomain/zero/1.0/,A,Gean Carlo Valdés,song,yes,yes,no,no,high,Exact scientific-name match from Xeno-canto with commercial-safe Creative Commons license.,44
426,Band-rumped Storm-Petrel,Hydrobates castro,Northern Storm-Petrels (Hydrobatidae),no,missing,,,,,,,,,,,,,,,,,0
121,Band-tailed Pigeon,Patagioenas fasciata,Pigeons and Doves (Columbidae),yes,candidate_safe_research_grade,iNaturalist,research-grade exact taxon sound,iNat observation 286549951 / sound 1503019,https://www.inaturalist.org/observations/286549951,https://static.inaturalist.org/sounds/1503019.wav?1748962565,CC-BY,https://creativecommons.org/licenses/by/4.0/,research-grade,"(c) Michael Thaibinh, some rights reserved (CC BY)",bird sound,yes,yes,no,yes,candidate,License-safe iNaturalist research-grade observation with exact taxon match; listen before shipping.,16
765,Bank Swallow,Riparia riparia,Swallows (Hirundinidae),yes,strict_safe_ab,xeno-canto,americas,XC934153,https://xeno-canto.org/934153,https://xeno-canto.org/934153/download,CC BY-SA 4.0,https://creativecommons.org/licenses/by-sa/4.0/,B,Doug Hynes,"call, song",yes,yes,yes,no,high,Exact scientific-name match from Xeno-canto with commercial-safe Creative Commons license.,2
249,Bar-tailed Godwit,Limosa lapponica,"Sandpipers, Phalaropes, and Allies (Scolopacidae)",yes,strict_safe_ab,xeno-canto,global,XC730620,https://xeno-canto.org/730620,https://xeno-canto.org/730620/download,CC0-1.0,https://creativecommons.org/publicdomain/zero/1.0/,B,Sonothèque ADVL,flight call,yes,yes,no,no,high,Exact scientific-name match from Xeno-canto with commercial-safe Creative Commons license.,2
500,Bare-throated Tiger-Heron,Tigrisoma mexicanum,"Bitterns, Herons, and Allies (Ardeidae)",yes,candidate_safe_research_grade,iNaturalist,research-grade exact taxon sound,iNat observation 54120521 / sound 123985,https://www.inaturalist.org/observations/54120521,https://static.inaturalist.org/sounds/123985.wav?1595557218,CC-BY,https://creativecommons.org/licenses/by/4.0/,research-grade,"(c) Hersson Ramírez, some rights reserved (CC BY)",bird sound,yes,yes,no,yes,candidate,License-safe iNaturalist research-grade observation with exact taxon match; listen before shipping.,1
777,Barn Swallow,Hirundo rustica,Swallows (Hirundinidae),yes,strict_safe_ab,xeno-canto,americas,XC254488,https://xeno-canto.org/254488,https://xeno-canto.org/254488/download,CC BY-SA 4.0,https://creativecommons.org/licenses/by-sa/4.0/,A,Jonathon Jongsma,"call, song",yes,yes,yes,no,high,Exact scientific-name match from Xeno-canto with commercial-safe Creative Commons license.,4
13,Barnacle Goose,Branta leucopsis,"Ducks, Geese, and Swans (Anatidae)",yes,strict_safe_ab,xeno-canto,global,XC902154,https://xeno-canto.org/902154,https://xeno-canto.org/902154/download,CC BY-SA 4.0,https://creativecommons.org/licenses/by-sa/4.0/,A,Jochem verweij,"flight call, Wingbeats",yes,yes,yes,no,high,Exact scientific-name match from Xeno-canto with commercial-safe Creative Commons license.,7
473,Barolo Shearwater,Puffinus baroli,Shearwaters and Petrels (Procellariidae),yes,candidate_safe_research_grade,iNaturalist,research-grade exact taxon sound,iNat observation 108288949 / sound 368396,https://www.inaturalist.org/observations/108288949,https://static.inaturalist.org/sounds/368396.mp3?1646896074,CC-BY,https://creativecommons.org/licenses/by/4.0/,research-grade,"(c) Christoph Moning, some rights reserved (CC BY)",bird sound,yes,yes,no,yes,candidate,License-safe iNaturalist research-grade observation with exact taxon match; listen before shipping.,6
576,Barred Owl,Strix varia,Typical Owls (Strigidae),yes,strict_safe_ab,xeno-canto,americas,XC715195,https://xeno-canto.org/715195,https://xeno-canto.org/715195/download,CC BY-SA 4.0,https://creativecommons.org/licenses/by-sa/4.0/,A,Doug Hynes,song,yes,yes,yes,no,high,Exact scientific-name match from Xeno-canto with commercial-safe Creative Commons license.,9
65,Barrow's Goldeneye,Bucephala islandica,"Ducks, Geese, and Swans (Anatidae)",yes,strict_safe_commons_exact,Wikimedia Commons,exact scientific-name audio search,146706273,https://commons.wikimedia.org/wiki/File:De-Spatelente.ogg,https://upload.wikimedia.org/wikipedia/commons/f/fc/De-Spatelente.ogg?utm_source=commons.wikimedia.org&utm_campaign=imageinfo&utm_content=original,CC BY-SA 4.0,https://creativecommons.org/licenses/by-sa/4.0,metadata exact,Jeuwre,bird sound,yes,yes,yes,no,medium-high,Commons audio result with exact scientific-name match and commercial-safe license metadata.,1
626,Bat Falcon,Falco rufigularis,Caracaras and Falcons (Falconidae),yes,candidate_safe_research_grade,iNaturalist,research-grade exact taxon sound,iNat observation 149973373 / sound 606341,https://www.inaturalist.org/observations/149973373,https://static.inaturalist.org/sounds/606341.wav?1677673423,CC0,https://creativecommons.org/publicdomain/zero/1.0/,research-grade,no rights reserved,bird sound,yes,yes,no,yes,candidate,License-safe iNaturalist research-grade observation with exact taxon match; listen before shipping.,2
1108,Bay-breasted Warbler,Setophaga castanea,Wood-Warblers (Parulidae),yes,strict_safe_ab,xeno-canto,americas,XC1103938,https://xeno-canto.org/1103938,https://xeno-canto.org/1103938/download,CC BY-SA 4.0,https://creativecommons.org/licenses/by-sa/4.0/,B,Doug Hynes,"call, song",yes,yes,yes,no,high,Exact scientific-name match from Xeno-canto with commercial-safe Creative Commons license.,1
376,Belcher's Gull,Larus belcheri,"Gulls, Terns, and Skimmers (Laridae)",no,missing,,,,,,,,,,,,,,,,,0
1028,Bell's Sparrow,Artemisiospiza belli,Towhees and Sparrows (Passerellidae),yes,candidate_safe_research_grade,iNaturalist,research-grade exact taxon sound,iNat observation 70710362 / sound 169605,https://www.inaturalist.org/observations/70710362,https://static.inaturalist.org/sounds/169605.wav?1615084749,CC0,https://creativecommons.org/publicdomain/zero/1.0/,research-grade,no rights reserved,bird sound,yes,yes,no,yes,candidate,License-safe iNaturalist research-grade observation with exact taxon match; listen before shipping.,2
699,Bell's Vireo,Vireo bellii,Vireos (Vireonidae),yes,strict_safe_ab,xeno-canto,americas,XC102965,https://xeno-canto.org/102965,https://xeno-canto.org/102965/download,CC BY-SA 3.0,https://creativecommons.org/licenses/by-sa/3.0/,A,Jonathon Jongsma,song,yes,yes,yes,no,high,Exact scientific-name match from Xeno-canto with commercial-safe Creative Commons license.,4
589,Belted Kingfisher,Megaceryle alcyon,Kingfishers (Alcedinidae),yes,strict_safe_ab,xeno-canto,americas,XC132873,https://xeno-canto.org/132873,https://xeno-canto.org/132873/download,CC BY-SA 3.0,https://creativecommons.org/licenses/by-sa/3.0/,A,Jonathon Jongsma,call,yes,yes,yes,no,high,Exact scientific-name match from Xeno-canto with commercial-safe Creative Commons license.,5
835,Bendire's Thrasher,Toxostoma bendirei,Mockingbirds and Thrashers (Mimidae),yes,strict_safe_any_quality,xeno-canto,americas,XC741564,https://xeno-canto.org/741564,https://xeno-canto.org/741564/download,CC0-1.0,https://creativecommons.org/publicdomain/zero/1.0/,C,Chrissy Kondrat,call,yes,yes,no,no,high,Exact scientific-name match from Xeno-canto with commercial-safe Creative Commons license.,1
440,Bermuda Petrel,Pterodroma cahow,Shearwaters and Petrels (Procellariidae),no,missing,,,,,,,,,,,,,,,,,0
183,Berylline Hummingbird,Saucerottia beryllina,Hummingbirds (Trochilidae),no,missing,,,,,,,,,,,,,,,,,0
823,Bewick's Wren,Thryomanes bewickii,Wrens (Troglodytidae),yes,strict_safe_ab,xeno-canto,americas,XC109668,https://xeno-canto.org/109668,https://xeno-canto.org/109668/download,CC BY-SA 3.0,https://creativecommons.org/licenses/by-sa/3.0/,A,Jonathon Jongsma,song,yes,yes,yes,no,high,Exact scientific-name match from Xeno-canto with commercial-safe Creative Commons license.,7
860,Bicknell's Thrush,Catharus bicknelli,Thrushes (Turdidae),yes,strict_safe_ab,xeno-canto,americas,XC928182,https://xeno-canto.org/928182,https://xeno-canto.org/928182/download,CC BY-SA 4.0,https://creativecommons.org/licenses/by-sa/4.0/,A,Doug Hynes,"call, song",yes,yes,yes,no,high,Exact scientific-name match from Xeno-canto with commercial-safe Creative Commons license.,4
807,Bishop's Oo,Moho bishopi,Hawaiian Mohos (Mohoidae),no,missing,,,,,,,,,,,,,,,,,0
97,Black Francolin,Francolinus francolinus,"Partridges, Grouse, Turkeys, and Old World Quail (Phasianidae)",yes,strict_safe_commons_exact,Wikimedia Commons,exact scientific-name audio search,60989120,https://commons.wikimedia.org/wiki/File:De-Halsbandfrankolin.ogg,https://upload.wikimedia.org/wikipedia/commons/e/e6/De-Halsbandfrankolin.ogg?utm_source=commons.wikimedia.org&utm_campaign=imageinfo&utm_content=original,CC BY-SA 4.0,https://creativecommons.org/licenses/by-sa/4.0,metadata exact,Jeuwre,bird sound,yes,yes,yes,no,medium-high,Commons audio result with exact scientific-name match and commercial-safe license metadata.,2
317,Black Guillemot,Cepphus grylle,"Auks, Murres, and Puffins (Alcidae)",yes,strict_safe_ab,xeno-canto,americas,XC994003,https://xeno-canto.org/994003,https://xeno-canto.org/994003/download,CC BY-SA 4.0,https://creativecommons.org/licenses/by-sa/4.0/,B,Doug Hynes,"call, song",yes,yes,yes,no,high,Exact scientific-name match from Xeno-canto with commercial-safe Creative Commons license.,1
539,Black Kite,Milvus migrans,"Hawks, Kites, Eagles, and Allies (Accipitridae)",yes,strict_safe_ab,xeno-canto,global,XC881012,https://xeno-canto.org/881012,https://xeno-canto.org/881012/download,CC BY-SA 4.0,https://creativecommons.org/licenses/by-sa/4.0/,A,Jairam Vijayan,song,yes,yes,yes,no,high,Exact scientific-name match from Xeno-canto with commercial-safe Creative Commons license.,7
945,Black Mamo,Drepanis funerea,Fringilline and Cardueline Finches and Allies (Fringillidae),no,missing,,,,,,,,,,,,,,,,,0
336,Black Noddy,Anous minutus,"Gulls, Terns, and Skimmers (Laridae)",no,missing,,,,,,,,,,,,,,,,,0
218,Black Oystercatcher,Haematopus bachmani,Oystercatchers (Haematopodidae),yes,candidate_safe_research_grade,iNaturalist,research-grade exact taxon sound,iNat observation 290751907 / sound 1530593,https://www.inaturalist.org/observations/290751907,https://static.inaturalist.org/sounds/1530593.wav?1750276495,CC-BY,https://creativecommons.org/licenses/by/4.0/,research-grade,"(c) Seb H, some rights reserved (CC BY)",bird sound,yes,yes,no,yes,candidate,License-safe iNaturalist research-grade observation with exact taxon match; listen before shipping.,14
691,Black Phoebe,Sayornis nigricans,Tyrant Flycatchers (Tyrannidae),yes,strict_safe_ab,xeno-canto,americas,XC109602,https://xeno-canto.org/109602,https://xeno-canto.org/109602/download,CC BY-SA 3.0,https://creativecommons.org/licenses/by-sa/3.0/,B,Jonathon Jongsma,song,yes,yes,yes,no,high,Exact scientific-name match from Xeno-canto with commercial-safe Creative Commons license.,3
209,Black Rail,Laterallus jamaicensis,"Rails, Gallinules, and Coots (Rallidae)",yes,candidate_safe_research_grade,iNaturalist,research-grade exact taxon sound,iNat observation 304542684 / sound 1596663,https://www.inaturalist.org/observations/304542684,https://static.inaturalist.org/sounds/1596663.mp3?1754593523,CC-BY,https://creativecommons.org/licenses/by/4.0/,research-grade,"(c) Ryan F. Mandelbaum, some rights reserved (CC BY)",bird sound,yes,yes,no,yes,candidate,License-safe iNaturalist research-grade observation with exact taxon match; listen before shipping.,16
971,Black Rosy-Finch,Leucosticte atrata,Fringilline and Cardueline Finches and Allies (Fringillidae),no,missing,,,,,,,,,,,,,,,,,0
61,Black Scoter,Melanitta americana,"Ducks, Geese, and Swans (Anatidae)",yes,candidate_safe_research_grade,iNaturalist,research-grade exact taxon sound,iNat observation 42530320 / sound 71542,https://www.inaturalist.org/observations/42530320,https://static.inaturalist.org/sounds/71542.wav?1587256944,CC-BY,https://creativecommons.org/licenses/by/4.0/,research-grade,"(c) Guy Babineau, some rights reserved (CC BY)",bird sound,yes,yes,no,yes,candidate,License-safe iNaturalist research-grade observation with exact taxon match; listen before shipping.,1
361,Black Skimmer,Rynchops niger,"Gulls, Terns, and Skimmers (Laridae)",yes,candidate_safe_research_grade,iNaturalist,research-grade exact taxon sound,iNat observation 337853365 / sound 1761649,https://www.inaturalist.org/observations/337853365,https://static.inaturalist.org/sounds/1761649.wav?1770582867,CC0,https://creativecommons.org/publicdomain/zero/1.0/,research-grade,no rights reserved,bird sound,yes,yes,no,yes,candidate,License-safe iNaturalist research-grade observation with exact taxon match; listen before shipping.,6
428,Black Storm-Petrel,Hydrobates melania,Northern Storm-Petrels (Hydrobatidae),no,missing,,,,,,,,,,,,,,,,,0
152,Black Swift,Cypseloides niger,Swifts (Apodidae),no,missing,,,,,,,,,,,,,,,,,0
350,Black Tern,Chlidonias niger,"Gulls, Terns, and Skimmers (Laridae)",yes,strict_safe_ab,xeno-canto,americas,XC428430,https://xeno-canto.org/428430,https://xeno-canto.org/428430/download,CC BY-SA 4.0,https://creativecommons.org/licenses/by-sa/4.0/,A,Jonathon Jongsma,call,yes,yes,yes,no,high,Exact scientific-name match from Xeno-canto with commercial-safe Creative Commons license.,5
254,Black Turnstone,Arenaria melanocephala,"Sandpipers, Phalaropes, and Allies (Scolopacidae)",no,missing,,,,,,,,,,,,,,,,,0
522,Black Vulture,Coragyps atratus,New World Vultures (Cathartidae),yes,strict_safe_commons_exact,Wikimedia Commons,exact scientific-name audio search,6218740,https://commons.wikimedia.org/wiki/File:American_Black_Vulture.ogg,https://upload.wikimedia.org/wikipedia/commons/7/7c/American_Black_Vulture.ogg?utm_source=commons.wikimedia.org&utm_campaign=imageinfo&utm_content=original,CC BY-SA 3.0,http://creativecommons.org/licenses/by-sa/3.0/,metadata exact,"Speaker: PopularOutcast

Authors of the article",bird sound,yes,yes,yes,no,medium-high,Commons audio result with exact scientific-name match and commercial-safe license metadata.,1
1084,Black-and-white Warbler,Mniotilta varia,Wood-Warblers (Parulidae),yes,strict_safe_ab,xeno-canto,americas,XC613378,https://xeno-canto.org/613378,https://xeno-canto.org/613378/download,CC BY-SA 4.0,https://creativecommons.org/licenses/by-sa/4.0/,A,Doug Hynes,song,yes,yes,yes,no,high,Exact scientific-name match from Xeno-canto with commercial-safe Creative Commons license.,5
1064,Black-backed Oriole,Icterus abeillei,Blackbirds (Icteridae),yes,candidate_safe_research_grade,iNaturalist,research-grade exact taxon sound,iNat observation 286142169 / sound 1500054,https://www.inaturalist.org/observations/286142169,https://static.inaturalist.org/sounds/1500054.m4a?1748824522,CC-BY,https://creativecommons.org/licenses/by/4.0/,research-grade,"(c) José Belem Hernández Díaz, some rights reserved (CC BY)",bird sound,yes,yes,no,yes,candidate,License-safe iNaturalist research-grade observation with exact taxon match; listen before shipping.,1
604,Black-backed Woodpecker,Picoides arcticus,Woodpeckers and Allies (Picidae),yes,strict_safe_ab,xeno-canto,americas,XC461334,https://xeno-canto.org/461334,https://xeno-canto.org/461334/download,CC BY-SA 4.0,https://creativecommons.org/licenses/by-sa/4.0/,B,Justin Watts,call,yes,yes,yes,no,high,Exact scientific-name match from Xeno-canto with commercial-safe Creative Commons license.,1
219,Black-bellied Plover,Pluvialis squatarola,Lapwings and Plovers (Charadriidae),yes,strict_safe_ab,xeno-canto,americas,XC1033201,https://xeno-canto.org/1033201,https://xeno-canto.org/1033201/download,CC BY-SA 4.0,https://creativecommons.org/licenses/by-sa/4.0/,B,Doug Hynes,call,yes,yes,yes,no,high,Exact scientific-name match from Xeno-canto with commercial-safe Creative Commons license.,1
417,Black-bellied Storm-Petrel,Fregetta tropica,Southern Storm-Petrels (Oceanitidae),no,missing,,,,,,,,,,,,,,,,,0
1,Black-bellied Whistling-Duck,Dendrocygna autumnalis,"Ducks, Geese, and Swans (Anatidae)",yes,strict_safe_ab,xeno-canto,americas,XC1008043,https://xeno-canto.org/1008043,https://xeno-canto.org/1008043/download,CC BY 4.0,https://creativecommons.org/licenses/by/4.0/,A,Contina Lab at UTRGV Brownsville,nocturnal flight call,yes,yes,no,no,high,Exact scientific-name match from Xeno-canto with commercial-safe Creative Commons license.,3
141,Black-billed Cuckoo,Coccyzus erythropthalmus,"Cuckoos, Roadrunners, and Anis (Cuculidae)",yes,strict_safe_any_quality,xeno-canto,americas,XC819701,https://xeno-canto.org/819701,https://xeno-canto.org/819701/download,CC BY 4.0,https://creativecommons.org/licenses/by/4.0/,C,Jonathan Sowers,nocturnal flight call,yes,yes,no,no,high,Exact scientific-name match from Xeno-canto with commercial-safe Creative Commons license.,1
732,Black-billed Magpie,Pica hudsonia,Jays and Crows (Corvidae),yes,strict_safe_ab,xeno-canto,americas,XC254491,https://xeno-canto.org/254491,https://xeno-canto.org/254491/download,CC BY-SA 4.0,https://creativecommons.org/licenses/by-sa/4.0/,A,Jonathon Jongsma,call,yes,yes,yes,no,high,Exact scientific-name match from Xeno-canto with commercial-safe Creative Commons license.,2
408,Black-browed Albatross,Thalassarche melanophris,Albatrosses (Diomedeidae),yes,strict_safe_ab,xeno-canto,global,XC864006,https://xeno-canto.org/864006,https://xeno-canto.org/864006/download,CC0-1.0,https://creativecommons.org/publicdomain/zero/1.0/,A,Kevin Guille,"call, song",yes,yes,no,no,high,Exact scientific-name match from Xeno-canto with commercial-safe Creative Commons license.,2
743,Black-capped Chickadee,Poecile atricapillus,Chickadees and Titmice (Paridae),yes,strict_safe_ab,xeno-canto,americas,XC935615,https://xeno-canto.org/935615,https://xeno-canto.org/935615/download,CC BY-SA 4.0,https://creativecommons.org/licenses/by-sa/4.0/,A,Doug Hynes,"call, song",yes,yes,yes,no,high,Exact scientific-name match from Xeno-canto with commercial-safe Creative Commons license.,10
818,Black-capped Gnatcatcher,Polioptila nigriceps,Gnatcatchers and Gnatwrens (Polioptilidae),yes,candidate_safe_research_grade,iNaturalist,research-grade exact taxon sound,iNat observation 193317194 / sound 857948,https://www.inaturalist.org/observations/193317194,https://static.inaturalist.org/sounds/857948.mp3?1702127037,CC0,https://creativecommons.org/publicdomain/zero/1.0/,research-grade,no rights reserved,bird sound,yes,yes,no,yes,candidate,License-safe iNaturalist research-grade observation with exact taxon match; listen before shipping.,4
441,Black-capped Petrel,Pterodroma hasitata,Shearwaters and Petrels (Procellariidae),no,missing,,,,,,,,,,,,,,,,,0
695,Black-capped Vireo,Vireo atricapilla,Vireos (Vireonidae),yes,candidate_safe_research_grade,iNaturalist,research-grade exact taxon sound,iNat observation 347347152 / sound 1840503,https://www.inaturalist.org/observations/347347152,https://static.inaturalist.org/sounds/1840503.wav?1775333628,CC-BY,https://creativecommons.org/licenses/by/4.0/,research-grade,"(c) Clifton Ladd, C.W.B., some rights reserved (CC BY)",bird sound,yes,yes,no,yes,candidate,License-safe iNaturalist research-grade observation with exact taxon match; listen before shipping.,35
170,Black-chinned Hummingbird,Archilochus alexandri,Hummingbirds (Trochilidae),yes,strict_safe_commons_exact,Wikimedia Commons,exact scientific-name audio search,22679319,https://commons.wikimedia.org/wiki/File:Archilochus_alexandri_(Black-chinned_hummingbird)_vocalizations_-_pone.0027052.s003.oga,https://upload.wikimedia.org/wikipedia/commons/9/9a/Archilochus_alexandri_%28Black-chinned_hummingbird%29_vocalizations_-_pone.0027052.s003.oga?utm_source=commons.wikimedia.org&utm_campaign=imageinfo&utm_content=original,CC BY 2.5,https://creativecommons.org/licenses/by/2.5,metadata exact,"Francis C, Ortega C, Cruz A",bird sound,yes,yes,no,no,medium-high,Commons audio result with exact scientific-name match and commercial-safe license metadata.,1
1016,Black-chinned Sparrow,Spizella atrogularis,Towhees and Sparrows (Passerellidae),yes,strict_safe_ab,xeno-canto,americas,XC705801,https://xeno-canto.org/705801,https://xeno-canto.org/705801/download,CC BY-SA 4.0,https://creativecommons.org/licenses/by-sa/4.0/,A,Diana Doyle,song,yes,yes,yes,no,high,Exact scientific-name match from Xeno-canto with commercial-safe Creative Commons license.,2
753,Black-crested Titmouse,Baeolophus atricristatus,Chickadees and Titmice (Paridae),yes,strict_safe_commons_exact,Wikimedia Commons,exact scientific-name audio search,113998141,https://commons.wikimedia.org/wiki/File:LL-Q150_(fra)-Totodu74-Baeolophus_atricristatus.wav,https://upload.wikimedia.org/wikipedia/commons/4/45/LL-Q150_%28fra%29-Totodu74-Baeolophus_atricristatus.wav?utm_source=commons.wikimedia.org&utm_campaign=imageinfo&utm_content=original,CC BY-SA 4.0,https://creativecommons.org/licenses/by-sa/4.0,metadata exact,"Speaker: Totodu74
Recorder: Totodu74",bird sound,yes,yes,yes,no,medium-high,Commons audio result with exact scientific-name match and commercial-safe license metadata.,1
511,Black-crowned Night Heron,Nycticorax nycticorax,"Bitterns, Herons, and Allies (Ardeidae)",yes,strict_safe_ab,xeno-canto,global,XC1036537,https://xeno-canto.org/1036537,https://xeno-canto.org/1036537/download,CC0-1.0,https://creativecommons.org/publicdomain/zero/1.0/,A,Philippe_Grange,nocturnal flight call,yes,yes,no,no,high,Exact scientific-name match from Xeno-canto with commercial-safe Creative Commons license.,37
1160,Black-faced Grassquit,Melanospiza bicolor,Tanagers and Allies (Thraupidae),yes,strict_safe_ab,xeno-canto,americas,XC748000,https://xeno-canto.org/748000,https://xeno-canto.org/748000/download,CC0-1.0,https://creativecommons.org/publicdomain/zero/1.0/,B,Rosa Elena Albornoz,dawn song,yes,yes,no,no,high,Exact scientific-name match from Xeno-canto with commercial-safe Creative Commons license.,1
412,Black-footed Albatross,Phoebastria nigripes,Albatrosses (Diomedeidae),yes,candidate_safe_research_grade,iNaturalist,research-grade exact taxon sound,iNat observation 262593831 / sound 1312490,https://www.inaturalist.org/observations/262593831,https://static.inaturalist.org/sounds/1312490.mp3?1740166528,CC-BY,https://creativecommons.org/licenses/by/4.0/,research-grade,"(c) Damien Wallace, some rights reserved (CC BY)",bird sound,yes,yes,no,yes,candidate,License-safe iNaturalist research-grade observation with exact taxon match; listen before shipping.,1
1144,Black-headed Grosbeak,Pheucticus melanocephalus,"Cardinals, Piranga Tanagers and Allies (Cardinalidae)",yes,strict_safe_ab,xeno-canto,americas,XC544394,https://xeno-canto.org/544394,https://xeno-canto.org/544394/download,CC BY-SA 4.0,https://creativecommons.org/licenses/by-sa/4.0/,A,Peter Wilton,"call, song",yes,yes,yes,no,high,Exact scientific-name match from Xeno-canto with commercial-safe Creative Commons license.,4
369,Black-headed Gull,Chroicocephalus ridibundus,"Gulls, Terns, and Skimmers (Laridae)",yes,strict_safe_ab,xeno-canto,global,XC516972,https://xeno-canto.org/516972,https://xeno-canto.org/516972/download,CC BY-SA 4.0,https://creativecommons.org/licenses/by-sa/4.0/,A,Marie-Lan Taÿ Pamart,begging call,yes,yes,yes,no,high,Exact scientific-name match from Xeno-canto with commercial-safe Creative Commons license.,22
857,Black-headed Nightingale-Thrush,Catharus mexicanus,Thrushes (Turdidae),yes,strict_safe_commons_exact,Wikimedia Commons,exact scientific-name audio search,89596085,https://commons.wikimedia.org/wiki/File:Mystery_mystery_-_Identity_unknown_XC544040.mp3,https://upload.wikimedia.org/wikipedia/commons/2/2a/Mystery_mystery_-_Identity_unknown_XC544040.mp3?utm_source=commons.wikimedia.org&utm_campaign=imageinfo&utm_content=original,CC BY-SA 4.0,https://creativecommons.org/licenses/by-sa/4.0,metadata exact,Oliver Komar,bird sound,yes,yes,yes,no,medium-high,Commons audio result with exact scientific-name match and commercial-safe license metadata.,1
363,Black-legged Kittiwake,Rissa tridactyla,"Gulls, Terns, and Skimmers (Laridae)",yes,strict_safe_ab,xeno-canto,global,XC916045,https://xeno-canto.org/916045,https://xeno-canto.org/916045/download,CC BY-SA 4.0,https://creativecommons.org/licenses/by-sa/4.0/,B,steve,call,yes,yes,yes,no,high,Exact scientific-name match from Xeno-canto with commercial-safe Creative Commons license.,1
214,Black-necked Stilt,Himantopus mexicanus,Stilts and Avocets (Recurvirostridae),yes,strict_safe_ab,xeno-canto,americas,XC99570,https://xeno-canto.org/99570,https://xeno-canto.org/99570/download,CC BY-SA 3.0,https://creativecommons.org/licenses/by-sa/3.0/,A,Jonathon Jongsma,alarm call,yes,yes,yes,no,high,Exact scientific-name match from Xeno-canto with commercial-safe Creative Commons license.,2
816,Black-tailed Gnatcatcher,Polioptila melanura,Gnatcatchers and Gnatwrens (Polioptilidae),yes,candidate_safe_research_grade,iNaturalist,research-grade exact taxon sound,iNat observation 197942716 / sound 886559,https://www.inaturalist.org/observations/197942716,https://static.inaturalist.org/sounds/886559.wav?1706583519,CC0,https://creativecommons.org/publicdomain/zero/1.0/,research-grade,no rights reserved,bird sound,yes,yes,no,yes,candidate,License-safe iNaturalist research-grade observation with exact taxon match; listen before shipping.,5
250,Black-tailed Godwit,Limosa limosa,"Sandpipers, Phalaropes, and Allies (Scolopacidae)",yes,strict_safe_ab,xeno-canto,global,XC707060,https://xeno-canto.org/707060,https://xeno-canto.org/707060/download,CC0-1.0,https://creativecommons.org/publicdomain/zero/1.0/,A,Sonothèque ADVL,call,yes,yes,no,no,high,Exact scientific-name match from Xeno-canto with commercial-safe Creative Commons license.,6
377,Black-tailed Gull,Larus crassirostris,"Gulls, Terns, and Skimmers (Laridae)",yes,candidate_safe_research_grade,iNaturalist,research-grade exact taxon sound,iNat observation 307839762 / sound 1610639,https://www.inaturalist.org/observations/307839762,https://static.inaturalist.org/sounds/1610639.wav?1755727775,CC-BY,https://creativecommons.org/licenses/by/4.0/,research-grade,"(c) Jono, some rights reserved (CC BY)",bird sound,yes,yes,no,yes,candidate,License-safe iNaturalist research-grade observation with exact taxon match; listen before shipping.,1
1114,Black-throated Blue Warbler,Setophaga caerulescens,Wood-Warblers (Parulidae),yes,strict_safe_ab,xeno-canto,americas,XC933480,https://xeno-canto.org/933480,https://xeno-canto.org/933480/download,CC BY-SA 4.0,https://creativecommons.org/licenses/by-sa/4.0/,A,Doug Hynes,song,yes,yes,yes,no,high,Exact scientific-name match from Xeno-canto with commercial-safe Creative Commons license.,2
1121,Black-throated Gray Warbler,Setophaga nigrescens,Wood-Warblers (Parulidae),yes,candidate_safe_research_grade,iNaturalist,research-grade exact taxon sound,iNat observation 354734099 / sound 1898428,https://www.inaturalist.org/observations/354734099,https://static.inaturalist.org/sounds/1898428.mp3?1777236665,CC-BY,https://creativecommons.org/licenses/by/4.0/,research-grade,"(c) Don Boucher, some rights reserved (CC BY)",bird sound,yes,yes,no,yes,candidate,License-safe iNaturalist research-grade observation with exact taxon match; listen before shipping.,32
1125,Black-throated Green Warbler,Setophaga virens,Wood-Warblers (Parulidae),yes,strict_safe_ab,xeno-canto,americas,XC101293,https://xeno-canto.org/101293,https://xeno-canto.org/101293/download,CC BY-SA 3.0,https://creativecommons.org/licenses/by-sa/3.0/,B,Jonathon Jongsma,song,yes,yes,yes,no,high,Exact scientific-name match from Xeno-canto with commercial-safe Creative Commons license.,4
1011,Black-throated Sparrow,Amphispiza bilineata,Towhees and Sparrows (Passerellidae),yes,candidate_safe_research_grade,iNaturalist,research-grade exact taxon sound,iNat observation 352938542 / sound 1882583,https://www.inaturalist.org/observations/352938542,https://static.inaturalist.org/sounds/1882583.m4a?1777055046,CC-BY,https://creativecommons.org/licenses/by/4.0/,research-grade,"(c) Rachel Allingham, some rights reserved (CC BY)",bird sound,yes,yes,no,yes,candidate,License-safe iNaturalist research-grade observation with exact taxon match; listen before shipping.,49
1055,Black-vented Oriole,Icterus wagleri,Blackbirds (Icteridae),yes,candidate_safe_research_grade,iNaturalist,research-grade exact taxon sound,iNat observation 323120127 / sound 1678006,https://www.inaturalist.org/observations/323120127,https://static.inaturalist.org/sounds/1678006.m4a?1761449317,CC-BY,https://creativecommons.org/licenses/by/4.0/,research-grade,"(c) Yuridia Selene Posadas, some rights reserved (CC BY)",bird sound,yes,yes,no,yes,candidate,License-safe iNaturalist research-grade observation with exact taxon match; listen before shipping.,3
471,Black-vented Shearwater,Puffinus opisthomelas,Shearwaters and Petrels (Procellariidae),no,missing,,,,,,,,,,,,,,,,,0
711,Black-whiskered Vireo,Vireo altiloquus,Vireos (Vireonidae),yes,strict_safe_ab,xeno-canto,americas,XC903271,https://xeno-canto.org/903271,https://xeno-canto.org/903271/download,CC BY-SA 4.0,https://creativecommons.org/licenses/by-sa/4.0/,B,steve,song,yes,yes,yes,no,high,Exact scientific-name match from Xeno-canto with commercial-safe Creative Commons license.,2
446,Black-winged Petrel,Pterodroma nigripennis,Shearwaters and Petrels (Procellariidae),no,missing,,,,,,,,,,,,,,,,,0
213,Black-winged Stilt,Himantopus himantopus,Stilts and Avocets (Recurvirostridae),yes,strict_safe_ab,xeno-canto,global,XC1041151,https://xeno-canto.org/1041151,https://xeno-canto.org/1041151/download,CC0-1.0,https://creativecommons.org/publicdomain/zero/1.0/,A,Sonothèque ADVL,alarm call,yes,yes,no,no,high,Exact scientific-name match from Xeno-canto with commercial-safe Creative Commons license.,17
1109,Blackburnian Warbler,Setophaga fusca,Wood-Warblers (Parulidae),yes,strict_safe_ab,xeno-canto,americas,XC1070418,https://xeno-canto.org/1070418,https://xeno-canto.org/1070418/download,CC0-1.0,https://creativecommons.org/publicdomain/zero/1.0/,A,Rosa Elena Albornoz @rosaelena_naturaleza,song,yes,yes,no,no,high,Exact scientific-name match from Xeno-canto with commercial-safe Creative Commons license.,7
1113,Blackpoll Warbler,Setophaga striata,Wood-Warblers (Parulidae),yes,strict_safe_ab,xeno-canto,americas,XC1047424,https://xeno-canto.org/1047424,https://xeno-canto.org/1047424/download,CC0-1.0,https://creativecommons.org/publicdomain/zero/1.0/,B,Rosa Elena Albornoz @rosaelena_naturaleza,call,yes,yes,no,no,high,Exact scientific-name match from Xeno-canto with commercial-safe Creative Commons license.,5
1145,Blue Bunting,Cyanocompsa parellina,"Cardinals, Piranga Tanagers and Allies (Cardinalidae)",no,missing,,,,,,,,,,,,,,,,,0
1146,Blue Grosbeak,Passerina caerulea,"Cardinals, Piranga Tanagers and Allies (Cardinalidae)",yes,strict_safe_ab,xeno-canto,americas,XC586018,https://xeno-canto.org/586018,https://xeno-canto.org/586018/download,CC0-1.0,https://creativecommons.org/publicdomain/zero/1.0/,A,Friends of the Pawnee National Grassland,call,yes,yes,no,no,high,Exact scientific-name match from Xeno-canto with commercial-safe Creative Commons license.,1
725,Blue Jay,Cyanocitta cristata,Jays and Crows (Corvidae),yes,strict_safe_ab,xeno-canto,americas,XC924514,https://xeno-canto.org/924514,https://xeno-canto.org/924514/download,CC0-1.0,https://creativecommons.org/publicdomain/zero/1.0/,A,Anonymous,call,yes,yes,no,no,high,Exact scientific-name match from Xeno-canto with commercial-safe Creative Commons license.,11
830,Blue Mockingbird,Melanotis caerulescens,Mockingbirds and Thrashers (Mimidae),yes,candidate_safe_research_grade,iNaturalist,research-grade exact taxon sound,iNat observation 352186510 / sound 1876382,https://www.inaturalist.org/observations/352186510,https://static.inaturalist.org/sounds/1876382.wav?1776924005,CC-BY,https://creativecommons.org/licenses/by/4.0/,research-grade,"(c) Clifton Ladd, C.W.B., some rights reserved (CC BY)",bird sound,yes,yes,no,yes,candidate,License-safe iNaturalist research-grade observation with exact taxon match; listen before shipping.,8
895,Blue Rock-Thrush (Rock-thrush),Monticola solitarius,Old World Flycatchers (Muscicapidae),yes,strict_safe_ab,xeno-canto,global,XC913473,https://xeno-canto.org/913473,https://xeno-canto.org/913473/download,CC BY-SA 4.0,https://creativecommons.org/licenses/by-sa/4.0/,B,Tanguy Loïs,song,yes,yes,yes,no,high,Exact scientific-name match from Xeno-canto with commercial-safe Creative Commons license.,2
770,Blue-and-white Swallow,Pygochelidon cyanoleuca,Swallows (Hirundinidae),yes,strict_safe_ab,xeno-canto,americas,XC242901,https://xeno-canto.org/242901,https://xeno-canto.org/242901/download,CC BY-SA 4.0,https://creativecommons.org/licenses/by-sa/4.0/,A,Niels Krabbe,flight call,yes,yes,yes,no,high,Exact scientific-name match from Xeno-canto with commercial-safe Creative Commons license.,3
338,Blue-billed White-Tern,Gygis candida,"Gulls, Terns, and Skimmers (Laridae)",yes,candidate_safe_research_grade,iNaturalist,research-grade exact taxon sound,iNat observation 315974227 / sound 1645498,https://www.inaturalist.org/observations/315974227,https://static.inaturalist.org/sounds/1645498.mp3?1758600410,CC-BY,https://creativecommons.org/licenses/by/4.0/,research-grade,"(c) Damien Wallace, some rights reserved (CC BY)",bird sound,yes,yes,no,yes,candidate,License-safe iNaturalist research-grade observation with exact taxon match; listen before shipping.,3
1156,Blue-black Grassquit,Volatinia jacarina,Tanagers and Allies (Thraupidae),yes,strict_safe_ab,xeno-canto,americas,XC737282,https://xeno-canto.org/737282,https://xeno-canto.org/737282/download,CC BY-SA 4.0,https://creativecommons.org/licenses/by-sa/4.0/,A,Justin Watts,song,yes,yes,yes,no,high,Exact scientific-name match from Xeno-canto with commercial-safe Creative Commons license.,12
481,Blue-footed Booby,Sula nebouxii,Boobies and Gannets (Sulidae),yes,strict_safe_commons_exact,Wikimedia Commons,exact scientific-name audio search,187125230,https://commons.wikimedia.org/wiki/File:De-Blaufu%C3%9Ft%C3%B6lpel.ogg,https://upload.wikimedia.org/wikipedia/commons/9/9b/De-Blaufu%C3%9Ft%C3%B6lpel.ogg?utm_source=commons.wikimedia.org&utm_campaign=imageinfo&utm_content=original,CC BY-SA 4.0,https://creativecommons.org/licenses/by-sa/4.0,metadata exact,Jeuwre,bird sound,yes,yes,yes,no,medium-high,Commons audio result with exact scientific-name match and commercial-safe license metadata.,1
815,Blue-gray Gnatcatcher,Polioptila caerulea,Gnatcatchers and Gnatwrens (Polioptilidae),yes,strict_safe_ab,xeno-canto,americas,XC137714,https://xeno-canto.org/137714,https://xeno-canto.org/137714/download,CC BY-SA 3.0,https://creativecommons.org/licenses/by-sa/3.0/,A,Jonathon Jongsma,call,yes,yes,yes,no,high,Exact scientific-name match from Xeno-canto with commercial-safe Creative Commons license.,8
337,Blue-gray Noddy,Anous ceruleus,"Gulls, Terns, and Skimmers (Laridae)",no,missing,,,,,,,,,,,,,,,,,0
1154,Blue-gray Tanager (1969-1982),Thraupis episcopus,Tanagers and Allies (Thraupidae),yes,strict_safe_ab,xeno-canto,americas,XC1028377,https://xeno-canto.org/1028377,https://xeno-canto.org/1028377/download,CC0-1.0,https://creativecommons.org/publicdomain/zero/1.0/,A,Gean Carlo Valdés,"call, song",yes,yes,no,no,high,Exact scientific-name match from Xeno-canto with commercial-safe Creative Commons license.,18
704,Blue-headed Vireo,Vireo solitarius,Vireos (Vireonidae),yes,strict_safe_ab,xeno-canto,americas,XC1089336,https://xeno-canto.org/1089336,https://xeno-canto.org/1089336/download,CC BY-SA 4.0,https://creativecommons.org/licenses/by-sa/4.0/,A,steve,song,yes,yes,yes,no,high,Exact scientific-name match from Xeno-canto with commercial-safe Creative Commons license.,3
167,Blue-throated Mountain-gem,Lampornis clemenciae,Hummingbirds (Trochilidae),no,missing,,,,,,,,,,,,,,,,,0
27,Blue-winged Teal,Spatula discors,"Ducks, Geese, and Swans (Anatidae)",yes,strict_safe_ab,xeno-canto,americas,XC179673,https://xeno-canto.org/179673,https://xeno-canto.org/179673/download,CC BY-SA 4.0,https://creativecommons.org/licenses/by-sa/4.0/,B,Jonathon Jongsma,call,yes,yes,yes,no,high,Exact scientific-name match from Xeno-canto with commercial-safe Creative Commons license.,2
1083,Blue-winged Warbler,Vermivora cyanoptera,Wood-Warblers (Parulidae),yes,strict_safe_ab,xeno-canto,americas,XC320488,https://xeno-canto.org/320488,https://xeno-canto.org/320488/download,CC BY-SA 4.0,https://creativecommons.org/licenses/by-sa/4.0/,A,Jonathon Jongsma,song,yes,yes,yes,no,high,Exact scientific-name match from Xeno-canto with commercial-safe Creative Commons license.,9
887,Bluethroat,Luscinia svecica,Old World Flycatchers (Muscicapidae),yes,strict_safe_ab,xeno-canto,global,XC707297,https://xeno-canto.org/707297,https://xeno-canto.org/707297/download,CC0-1.0,https://creativecommons.org/publicdomain/zero/1.0/,B,Sonothèque ADVL,song,yes,yes,no,no,high,Exact scientific-name match from Xeno-canto with commercial-safe Creative Commons license.,8
760,Blyth's Reed Warbler,Acrocephalus dumetorum,Reed Warblers (Acrocephalidae),yes,strict_safe_ab,xeno-canto,global,XC1007570,https://xeno-canto.org/1007570,https://xeno-canto.org/1007570/download,CC BY-SA 4.0,https://creativecommons.org/licenses/by-sa/4.0/,B,Pascal Christe,song,yes,yes,yes,no,high,Exact scientific-name match from Xeno-canto with commercial-safe Creative Commons license.,20
1075,Boat-tailed Grackle,Quiscalus major,Blackbirds (Icteridae),yes,candidate_safe_research_grade,iNaturalist,research-grade exact taxon sound,iNat observation 346484998 / sound 1833151,https://www.inaturalist.org/observations/346484998,https://static.inaturalist.org/sounds/1833151.m4a?1775002571,CC0,https://creativecommons.org/publicdomain/zero/1.0/,research-grade,no rights reserved,bird sound,yes,yes,no,yes,candidate,License-safe iNaturalist research-grade observation with exact taxon match; listen before shipping.,102
1051,Bobolink,Dolichonyx oryzivorus,Blackbirds (Icteridae),yes,strict_safe_ab,xeno-canto,americas,XC1001762,https://xeno-canto.org/1001762,https://xeno-canto.org/1001762/download,CC BY-SA 4.0,https://creativecommons.org/licenses/by-sa/4.0/,A,Jonathon Jongsma,song,yes,yes,yes,no,high,Exact scientific-name match from Xeno-canto with commercial-safe Creative Commons license.,9
801,Bohemian Waxwing,Bombycilla garrulus,Waxwings (Bombycillidae),yes,strict_safe_ab,xeno-canto,americas,XC935618,https://xeno-canto.org/935618,https://xeno-canto.org/935618/download,CC BY-SA 4.0,https://creativecommons.org/licenses/by-sa/4.0/,B,Doug Hynes,song,yes,yes,yes,no,high,Exact scientific-name match from Xeno-canto with commercial-safe Creative Commons license.,2
367,Bonaparte's Gull,Chroicocephalus philadelphia,"Gulls, Terns, and Skimmers (Laridae)",yes,strict_safe_ab,xeno-canto,americas,XC926085,https://xeno-canto.org/926085,https://xeno-canto.org/926085/download,CC BY-SA 4.0,https://creativecommons.org/licenses/by-sa/4.0/,B,steve,call,yes,yes,yes,no,high,Exact scientific-name match from Xeno-canto with commercial-safe Creative Commons license.,1
445,Bonin Petrel,Pterodroma hypoleuca,Shearwaters and Petrels (Procellariidae),no,missing,,,,,,,,,,,,,,,,,0
747,Boreal Chickadee,Poecile hudsonicus,Chickadees and Titmice (Paridae),yes,strict_safe_ab,xeno-canto,americas,XC1103706,https://xeno-canto.org/1103706,https://xeno-canto.org/1103706/download,CC BY-SA 4.0,https://creativecommons.org/licenses/by-sa/4.0/,B,Doug Hynes,"call, song",yes,yes,yes,no,high,Exact scientific-name match from Xeno-canto with commercial-safe Creative Commons license.,2
582,Boreal Owl,Aegolius funereus,Typical Owls (Strigidae),yes,strict_safe_ab,xeno-canto,global,XC979415,https://xeno-canto.org/979415,https://xeno-canto.org/979415/download,CC BY 4.0,https://creativecommons.org/licenses/by/4.0/,B,Lubomir Wójcicki,"call, song",yes,yes,no,no,high,Exact scientific-name match from Xeno-canto with commercial-safe Creative Commons license.,11
1005,Botteri's Sparrow,Peucaea botterii,Towhees and Sparrows (Passerellidae),yes,strict_safe_ab,xeno-canto,americas,XC742593,https://xeno-canto.org/742593,https://xeno-canto.org/742593/download,CC BY-SA 4.0,https://creativecommons.org/licenses/by-sa/4.0/,A,Diana Doyle,"song, abbreviated song",yes,yes,yes,no,high,Exact scientific-name match from Xeno-canto with commercial-safe Creative Commons license.,2
923,Brambling,Fringilla montifringilla,Fringilline and Cardueline Finches and Allies (Fringillidae),yes,strict_safe_ab,xeno-canto,global,XC707500,https://xeno-canto.org/707500,https://xeno-canto.org/707500/download,CC0-1.0,https://creativecommons.org/publicdomain/zero/1.0/,B,Sonothèque ADVL,flight call,yes,yes,no,no,high,Exact scientific-name match from Xeno-canto with commercial-safe Creative Commons license.,9
487,Brandt's Cormorant,Urile penicillatus,Cormorants (Phalacrocoracidae),yes,candidate_safe_research_grade,iNaturalist,research-grade exact taxon sound,iNat observation 86736014 / sound 273432,https://www.inaturalist.org/observations/86736014,https://static.inaturalist.org/sounds/273432.m4a?1626108732,CC-BY,https://creativecommons.org/licenses/by/4.0/,research-grade,"(c) Cricket Raspet, some rights reserved (CC BY)",bird sound,yes,yes,no,yes,candidate,License-safe iNaturalist research-grade observation with exact taxon match; listen before shipping.,1
12,Brant,Branta bernicla,"Ducks, Geese, and Swans (Anatidae)",yes,strict_safe_ab,xeno-canto,global,XC815463,https://xeno-canto.org/815463,https://xeno-canto.org/815463/download,CC0-1.0,https://creativecommons.org/publicdomain/zero/1.0/,A,Sonothèque ADVL,call,yes,yes,no,no,high,Exact scientific-name match from Xeno-canto with commercial-safe Creative Commons license.,11
1073,Brewer's Blackbird,Euphagus cyanocephalus,Blackbirds (Icteridae),yes,strict_safe_ab,xeno-canto,americas,XC104521,https://xeno-canto.org/104521,https://xeno-canto.org/104521/download,CC BY-SA 3.0,https://creativecommons.org/licenses/by-sa/3.0/,A,Jonathon Jongsma,call,yes,yes,yes,no,high,Exact scientific-name match from Xeno-canto with commercial-safe Creative Commons license.,2
1018,Brewer's Sparrow,Spizella breweri,Towhees and Sparrows (Passerellidae),yes,candidate_safe_research_grade,iNaturalist,research-grade exact taxon sound,iNat observation 345838210 / sound 1828121,https://www.inaturalist.org/observations/345838210,https://static.inaturalist.org/sounds/1828121.m4a?1774759214,CC-BY,https://creativecommons.org/licenses/by/4.0/,research-grade,"(c) harrier, some rights reserved (CC BY)",bird sound,yes,yes,no,yes,candidate,License-safe iNaturalist research-grade observation with exact taxon match; listen before shipping.,21
342,Bridled Tern,Onychoprion anaethetus,"Gulls, Terns, and Skimmers (Laridae)",yes,candidate_safe_research_grade,iNaturalist,research-grade exact taxon sound,iNat observation 258650998 / sound 1286746,https://www.inaturalist.org/observations/258650998,https://static.inaturalist.org/sounds/1286746.wav?1737035620,CC-BY,https://creativecommons.org/licenses/by/4.0/,research-grade,"(c) Sam Hambly, some rights reserved (CC BY)",bird sound,yes,yes,no,yes,candidate,License-safe iNaturalist research-grade observation with exact taxon match; listen before shipping.,1
749,Bridled Titmouse,Baeolophus wollweberi,Chickadees and Titmice (Paridae),yes,candidate_safe_research_grade,iNaturalist,research-grade exact taxon sound,iNat observation 301634885 / sound 1584129,https://www.inaturalist.org/observations/301634885,https://static.inaturalist.org/sounds/1584129.mp3?1753647939,CC0,https://creativecommons.org/publicdomain/zero/1.0/,research-grade,no rights reserved,bird sound,yes,yes,no,yes,candidate,License-safe iNaturalist research-grade observation with exact taxon match; listen before shipping.,10
240,Bristle-thighed Curlew,Numenius tahitiensis,"Sandpipers, Phalaropes, and Allies (Scolopacidae)",yes,candidate_safe_research_grade,iNaturalist,research-grade exact taxon sound,iNat observation 250666105 / sound 1248825,https://www.inaturalist.org/observations/250666105,https://static.inaturalist.org/sounds/1248825.wav?1731299958,CC0,https://creativecommons.org/publicdomain/zero/1.0/,research-grade,no rights reserved,bird sound,yes,yes,no,yes,candidate,License-safe iNaturalist research-grade observation with exact taxon match; listen before shipping.,4
179,Broad-billed Hummingbird,Cynanthus latirostris,Hummingbirds (Trochilidae),yes,candidate_safe_research_grade,iNaturalist,research-grade exact taxon sound,iNat observation 315055303 / sound 1641732,https://www.inaturalist.org/observations/315055303,https://static.inaturalist.org/sounds/1641732.wav?1758303728,CC-BY,https://creativecommons.org/licenses/by/4.0/,research-grade,"(c) nebrooks, some rights reserved (CC BY)",bird sound,yes,yes,no,yes,candidate,License-safe iNaturalist research-grade observation with exact taxon match; listen before shipping.,6
259,Broad-billed Sandpiper,Calidris falcinellus,"Sandpipers, Phalaropes, and Allies (Scolopacidae)",yes,strict_safe_ab,xeno-canto,global,XC671794,https://xeno-canto.org/671794,https://xeno-canto.org/671794/download,CC0-1.0,https://creativecommons.org/publicdomain/zero/1.0/,B,Alfonso Maffezzoli,flight call,yes,yes,no,no,high,Exact scientific-name match from Xeno-canto with commercial-safe Creative Commons license.,1
177,Broad-tailed Hummingbird,Selasphorus platycercus,Hummingbirds (Trochilidae),yes,candidate_safe_research_grade,iNaturalist,research-grade exact taxon sound,iNat observation 355751405 / sound 1900955,https://www.inaturalist.org/observations/355751405,https://static.inaturalist.org/sounds/1900955.m4a?1777271799,CC-BY,https://creativecommons.org/licenses/by/4.0/,research-grade,"(c) Jared Shorma, some rights reserved (CC BY)",bird sound,yes,yes,no,yes,candidate,License-safe iNaturalist research-grade observation with exact taxon match; listen before shipping.,15
553,Broad-winged Hawk,Buteo platypterus,"Hawks, Kites, Eagles, and Allies (Accipitridae)",yes,strict_safe_ab,xeno-canto,americas,XC241108,https://xeno-canto.org/241108,https://xeno-canto.org/241108/download,CC BY-SA 4.0,https://creativecommons.org/licenses/by-sa/4.0/,A,Jonathon Jongsma,call,yes,yes,yes,no,high,Exact scientific-name match from Xeno-canto with commercial-safe Creative Commons license.,6
1070,Bronzed Cowbird,Molothrus aeneus,Blackbirds (Icteridae),yes,candidate_safe_research_grade,iNaturalist,research-grade exact taxon sound,iNat observation 348582107 / sound 1849529,https://www.inaturalist.org/observations/348582107,https://static.inaturalist.org/sounds/1849529.wav?1775772297,CC-BY,https://creativecommons.org/licenses/by/4.0/,research-grade,"(c) Rodolfo Salinas Villarreal, some rights reserved (CC BY)",bird sound,yes,yes,no,yes,candidate,License-safe iNaturalist research-grade observation with exact taxon match; listen before shipping.,3
482,Brown Booby,Sula leucogaster,Boobies and Gannets (Sulidae),no,missing,,,,,,,,,,,,,,,,,0
814,Brown Creeper,Certhia americana,Creepers (Certhiidae),yes,strict_safe_ab,xeno-canto,americas,XC121046,https://xeno-canto.org/121046,https://xeno-canto.org/121046/download,CC BY-SA 3.0,https://creativecommons.org/licenses/by-sa/3.0/,A,Jonathon Jongsma,"call, flight call",yes,yes,yes,no,high,Exact scientific-name match from Xeno-canto with commercial-safe Creative Commons license.,9
721,Brown Jay,Cyanocorax morio,Jays and Crows (Corvidae),yes,strict_safe_commons_exact,Wikimedia Commons,exact scientific-name audio search,119831975,"https://commons.wikimedia.org/wiki/File:Brown_Jay_calls,_Pichucalco,_Chiapas,_Mexico.mp3",https://upload.wikimedia.org/wikipedia/commons/0/03/Brown_Jay_calls%2C_Pichucalco%2C_Chiapas%2C_Mexico.mp3?utm_source=commons.wikimedia.org&utm_campaign=imageinfo&utm_content=original,CC BY 4.0,https://creativecommons.org/licenses/by/4.0,metadata exact,skjoldalsted,bird sound,yes,yes,no,no,medium-high,Commons audio result with exact scientific-name match and commercial-safe license metadata.,1
335,Brown Noddy,Anous stolidus,"Gulls, Terns, and Skimmers (Laridae)",yes,candidate_safe_research_grade,iNaturalist,research-grade exact taxon sound,iNat observation 213657462 / sound 1019082,https://www.inaturalist.org/observations/213657462,https://static.inaturalist.org/sounds/1019082.wav?1714905717,CC-BY,https://creativecommons.org/licenses/by/4.0/,research-grade,"(c) er-birds, some rights reserved (CC BY)",bird sound,yes,yes,no,yes,candidate,License-safe iNaturalist research-grade observation with exact taxon match; listen before shipping.,2
499,Brown Pelican,Pelecanus occidentalis,Pelicans (Pelecanidae),no,missing,,,,,,,,,,,,,,,,,0
716,Brown Shrike,Lanius cristatus,Shrikes (Laniidae),yes,strict_safe_ab,xeno-canto,global,XC1043058,https://xeno-canto.org/1043058,https://xeno-canto.org/1043058/download,CC BY-SA 4.0,https://creativecommons.org/licenses/by-sa/4.0/,A,Ujjal Kishor De,call,yes,yes,yes,no,high,Exact scientific-name match from Xeno-canto with commercial-safe Creative Commons license.,3
833,Brown Thrasher,Toxostoma rufum,Mockingbirds and Thrashers (Mimidae),yes,strict_safe_ab,xeno-canto,americas,XC320485,https://xeno-canto.org/320485,https://xeno-canto.org/320485/download,CC BY-SA 4.0,https://creativecommons.org/licenses/by-sa/4.0/,A,Jonathon Jongsma,song,yes,yes,yes,no,high,Exact scientific-name match from Xeno-canto with commercial-safe Creative Commons license.,9
850,Brown-backed Solitaire,Myadestes occidentalis,Thrushes (Turdidae),yes,candidate_safe_research_grade,iNaturalist,research-grade exact taxon sound,iNat observation 344247560 / sound 1816601,https://www.inaturalist.org/observations/344247560,https://static.inaturalist.org/sounds/1816601.m4a?1774121294,CC-BY,https://creativecommons.org/licenses/by/4.0/,research-grade,"(c) Juan Cruzado Cortés, some rights reserved (CC BY)",bird sound,yes,yes,no,yes,candidate,License-safe iNaturalist research-grade observation with exact taxon match; listen before shipping.,21
972,Brown-capped Rosy-Finch,Leucosticte australis,Fringilline and Cardueline Finches and Allies (Fringillidae),yes,candidate_safe_research_grade,iNaturalist,research-grade exact taxon sound,iNat observation 203368576 / sound 936453,https://www.inaturalist.org/observations/203368576,https://static.inaturalist.org/sounds/936453.wav?1711039880,CC-BY,https://creativecommons.org/licenses/by/4.0/,research-grade,"(c) John Powers, some rights reserved (CC BY)",bird sound,yes,yes,no,yes,candidate,License-safe iNaturalist research-grade observation with exact taxon match; listen before shipping.,2
772,Brown-chested Martin,Progne tapera,Swallows (Hirundinidae),yes,candidate_safe_research_grade,iNaturalist,research-grade exact taxon sound,iNat observation 336971050 / sound 1755598,https://www.inaturalist.org/observations/336971050,https://static.inaturalist.org/sounds/1755598.wav?1769964017,CC-BY,https://creativecommons.org/licenses/by/4.0/,research-grade,"(c) Henrry, some rights reserved (CC BY)",bird sound,yes,yes,no,yes,candidate,License-safe iNaturalist research-grade observation with exact taxon match; listen before shipping.,6
656,Brown-crested Flycatcher,Myiarchus tyrannulus,Tyrant Flycatchers (Tyrannidae),yes,strict_safe_ab,xeno-canto,americas,XC754165,https://xeno-canto.org/754165,https://xeno-canto.org/754165/download,CC0-1.0,https://creativecommons.org/publicdomain/zero/1.0/,B,Rosa Elena Albornoz,uncertain,yes,yes,no,no,high,Exact scientific-name match from Xeno-canto with commercial-safe Creative Commons license.,1
1071,Brown-headed Cowbird,Molothrus ater,Blackbirds (Icteridae),yes,strict_safe_ab,xeno-canto,americas,XC178138,https://xeno-canto.org/178138,https://xeno-canto.org/178138/download,CC BY-SA 4.0,https://creativecommons.org/licenses/by-sa/4.0/,A,Jonathon Jongsma,"call, song",yes,yes,yes,no,high,Exact scientific-name match from Xeno-canto with commercial-safe Creative Commons license.,7
813,Brown-headed Nuthatch,Sitta pusilla,Nuthatches (Sittidae),yes,strict_safe_commons_exact,Wikimedia Commons,exact scientific-name audio search,112698086,https://commons.wikimedia.org/wiki/File:LL-Q150_(fra)-Totodu74-Sitta_pusilla.wav,https://upload.wikimedia.org/wikipedia/commons/a/a1/LL-Q150_%28fra%29-Totodu74-Sitta_pusilla.wav?utm_source=commons.wikimedia.org&utm_campaign=imageinfo&utm_content=original,CC BY-SA 4.0,https://creativecommons.org/licenses/by-sa/4.0,metadata exact,"Speaker: Totodu74
Recorder: Totodu74",bird sound,yes,yes,yes,no,medium-high,Commons audio result with exact scientific-name match and commercial-safe license metadata.,1
470,Bryan's Shearwater,Puffinus bryani,Shearwaters and Petrels (Procellariidae),no,missing,,,,,,,,,,,,,,,,,0
630,Budgerigar (1975-2015),Melopsittacus undulatus,"Parakeets, Macaws, Amazons, and Parrots (Psittacidae)",yes,strict_safe_ab,xeno-canto,global,XC707108,https://xeno-canto.org/707108,https://xeno-canto.org/707108/download,CC0-1.0,https://creativecommons.org/publicdomain/zero/1.0/,A,Sonothèque ADVL,call,yes,yes,no,no,high,Exact scientific-name match from Xeno-canto with commercial-safe Creative Commons license.,1
185,Buff-bellied Hummingbird,Amazilia yucatanensis,Hummingbirds (Trochilidae),yes,candidate_safe_research_grade,iNaturalist,research-grade exact taxon sound,iNat observation 191267707 / sound 846745,https://www.inaturalist.org/observations/191267707,https://static.inaturalist.org/sounds/846745.m4a?1700229125,CC0,https://creativecommons.org/publicdomain/zero/1.0/,research-grade,no rights reserved,bird sound,yes,yes,no,yes,candidate,License-safe iNaturalist research-grade observation with exact taxon match; listen before shipping.,2
690,Buff-breasted Flycatcher,Empidonax fulvifrons,Tyrant Flycatchers (Tyrannidae),yes,candidate_safe_research_grade,iNaturalist,research-grade exact taxon sound,iNat observation 162726801 / sound 707040,https://www.inaturalist.org/observations/162726801,https://static.inaturalist.org/sounds/707040.wav?1684694962,CC-BY,https://creativecommons.org/licenses/by/4.0/,research-grade,"(c) Tristan A. McKnight, some rights reserved (CC BY)",bird sound,yes,yes,no,yes,candidate,License-safe iNaturalist research-grade observation with exact taxon match; listen before shipping.,1
275,Buff-breasted Sandpiper,Calidris subruficollis,"Sandpipers, Phalaropes, and Allies (Scolopacidae)",no,missing,,,,,,,,,,,,,,,,,0
148,Buff-collared Nightjar,Antrostomus ridgwayi,Goatsuckers (Caprimulgidae),yes,strict_safe_ab,xeno-canto,americas,XC148850,https://xeno-canto.org/148850,https://xeno-canto.org/148850/download,CC BY-SA 3.0,https://creativecommons.org/licenses/by-sa/3.0/,A,Peter Wilton,song,yes,yes,yes,no,high,Exact scientific-name match from Xeno-canto with commercial-safe Creative Commons license.,1
63,Bufflehead,Bucephala albeola,"Ducks, Geese, and Swans (Anatidae)",yes,candidate_safe_research_grade,iNaturalist,research-grade exact taxon sound,iNat observation 117290874 / sound 440639,https://www.inaturalist.org/observations/117290874,https://static.inaturalist.org/sounds/440639.wav?1652698633,CC-BY,https://creativecommons.org/licenses/by/4.0/,research-grade,"(c) Dan MacNeal, some rights reserved (CC BY)",bird sound,yes,yes,no,yes,candidate,License-safe iNaturalist research-grade observation with exact taxon match; listen before shipping.,1
461,Buller's Shearwater,Ardenna bulleri,Shearwaters and Petrels (Procellariidae),yes,candidate_safe_research_grade,iNaturalist,research-grade exact taxon sound,iNat observation 56562835 / sound 130301,https://www.inaturalist.org/observations/56562835,https://static.inaturalist.org/sounds/130301.mp3?1597526114,CC-BY,https://creativecommons.org/licenses/by/4.0/,research-grade,"(c) Spencer McIntyre, some rights reserved (CC BY)",bird sound,yes,yes,no,yes,candidate,License-safe iNaturalist research-grade observation with exact taxon match; listen before shipping.,1
1059,Bullock's Oriole,Icterus bullockii,Blackbirds (Icteridae),yes,strict_safe_ab,xeno-canto,americas,XC99574,https://xeno-canto.org/99574,https://xeno-canto.org/99574/download,CC BY-SA 3.0,https://creativecommons.org/licenses/by-sa/3.0/,B,Jonathon Jongsma,call,yes,yes,yes,no,high,Exact scientific-name match from Xeno-canto with commercial-safe Creative Commons license.,1
452,Bulwer's Petrel,Bulweria bulwerii,Shearwaters and Petrels (Procellariidae),no,missing,,,,,,,,,,,,,,,,,0
178,Bumblebee Hummingbird,Selasphorus heloisa,Hummingbirds (Trochilidae),no,missing,,,,,,,,,,,,,,,,,0
574,Burrowing Owl,Athene cunicularia,Typical Owls (Strigidae),yes,strict_safe_ab,xeno-canto,americas,XC909267,https://xeno-canto.org/909267,https://xeno-canto.org/909267/download,CC BY-SA 4.0,https://creativecommons.org/licenses/by-sa/4.0/,A,Pichard Olivier,call,yes,yes,yes,no,high,Exact scientific-name match from Xeno-canto with commercial-safe Creative Commons license.,1
781,Bushtit,Psaltriparus minimus,Bushtits (Aegithalidae),yes,strict_safe_ab,xeno-canto,americas,XC109666,https://xeno-canto.org/109666,https://xeno-canto.org/109666/download,CC BY-SA 3.0,https://creativecommons.org/licenses/by-sa/3.0/,B,Jonathon Jongsma,call,yes,yes,yes,no,high,Exact scientific-name match from Xeno-canto with commercial-safe Creative Commons license.,1
14,Cackling Goose,Branta hutchinsii,"Ducks, Geese, and Swans (Anatidae)",yes,strict_safe_commons_exact,Wikimedia Commons,exact scientific-name audio search,85250898,https://commons.wikimedia.org/wiki/File:De-Zwergkanadagans.ogg,https://upload.wikimedia.org/wikipedia/commons/0/0b/De-Zwergkanadagans.ogg?utm_source=commons.wikimedia.org&utm_campaign=imageinfo&utm_content=original,CC BY-SA 4.0,https://creativecommons.org/licenses/by-sa/4.0,metadata exact,Jeuwre,bird sound,yes,yes,yes,no,medium-high,Commons audio result with exact scientific-name match and commercial-safe license metadata.,1
822,Cactus Wren,Campylorhynchus brunneicapillus,Wrens (Troglodytidae),yes,candidate_safe_research_grade,iNaturalist,research-grade exact taxon sound,iNat observation 346624125 / sound 1835061,https://www.inaturalist.org/observations/346624125,https://static.inaturalist.org/sounds/1835061.m4a?1775066261,CC-BY,https://creativecommons.org/licenses/by/4.0/,research-grade,"(c) Mark Valen, some rights reserved (CC BY)",bird sound,yes,yes,no,yes,candidate,License-safe iNaturalist research-grade observation with exact taxon match; listen before shipping.,46
521,California Condor,Gymnogyps californianus,New World Vultures (Cathartidae),no,missing,,,,,,,,,,,,,,,,,0
817,California Gnatcatcher,Polioptila californica,Gnatcatchers and Gnatwrens (Polioptilidae),yes,candidate_safe_research_grade,iNaturalist,research-grade exact taxon sound,iNat observation 242788154 / sound 1205671,https://www.inaturalist.org/observations/242788154,https://static.inaturalist.org/sounds/1205671.m4a?1726797124,CC0,https://creativecommons.org/publicdomain/zero/1.0/,research-grade,no rights reserved,bird sound,yes,yes,no,yes,candidate,License-safe iNaturalist research-grade observation with exact taxon match; listen before shipping.,22
384,California Gull,Larus californicus,"Gulls, Terns, and Skimmers (Laridae)",yes,strict_safe_any_quality,xeno-canto,americas,XC757638,https://xeno-canto.org/757638,https://xeno-canto.org/757638/download,CC0-1.0,https://creativecommons.org/publicdomain/zero/1.0/,C,Quinn Desilets,call,yes,yes,no,no,high,Exact scientific-name match from Xeno-canto with commercial-safe Creative Commons license.,1
76,California Quail,Callipepla californica,New World Quail (Odontophoridae),yes,strict_safe_ab,xeno-canto,americas,XC109825,https://xeno-canto.org/109825,https://xeno-canto.org/109825/download,CC BY-SA 3.0,https://creativecommons.org/licenses/by-sa/3.0/,B,Jonathon Jongsma,call,yes,yes,yes,no,high,Exact scientific-name match from Xeno-canto with commercial-safe Creative Commons license.,2
728,California Scrub-Jay,Aphelocoma californica,Jays and Crows (Corvidae),yes,strict_safe_ab,xeno-canto,americas,XC110976,https://xeno-canto.org/110976,https://xeno-canto.org/110976/download,CC BY-SA 3.0,https://creativecommons.org/licenses/by-sa/3.0/,B,Jonathon Jongsma,call,yes,yes,yes,no,high,Exact scientific-name match from Xeno-canto with commercial-safe Creative Commons license.,1
836,California Thrasher,Toxostoma redivivum,Mockingbirds and Thrashers (Mimidae),yes,strict_safe_ab,xeno-canto,americas,XC625528,https://xeno-canto.org/625528,https://xeno-canto.org/625528/download,CC BY-SA 4.0,https://creativecommons.org/licenses/by-sa/4.0/,A,Jonas Katona,song,yes,yes,yes,no,high,Exact scientific-name match from Xeno-canto with commercial-safe Creative Commons license.,9
1043,California Towhee,Melozone crissalis,Towhees and Sparrows (Passerellidae),yes,strict_safe_ab,xeno-canto,americas,XC109663,https://xeno-canto.org/109663,https://xeno-canto.org/109663/download,CC BY-SA 3.0,https://creativecommons.org/licenses/by-sa/3.0/,A,Jonathon Jongsma,call,yes,yes,yes,no,high,Exact scientific-name match from Xeno-canto with commercial-safe Creative Commons license.,2
174,Calliope Hummingbird,Selasphorus calliope,Hummingbirds (Trochilidae),yes,strict_safe_commons_exact,Wikimedia Commons,exact scientific-name audio search,105308086,https://commons.wikimedia.org/wiki/File:Calliope_hum(a)oga.ogg,https://upload.wikimedia.org/wikipedia/commons/f/fd/Calliope_hum%28a%29oga.ogg?utm_source=commons.wikimedia.org&utm_campaign=imageinfo&utm_content=original,CC BY-SA 4.0,https://creativecommons.org/licenses/by-sa/4.0,metadata exact,Zefr,bird sound,yes,yes,yes,no,medium-high,Commons audio result with exact scientific-name match and commercial-safe license metadata.,3
15,Canada Goose,Branta canadensis,"Ducks, Geese, and Swans (Anatidae)",yes,strict_safe_ab,xeno-canto,americas,XC934272,https://xeno-canto.org/934272,https://xeno-canto.org/934272/download,CC BY-SA 4.0,https://creativecommons.org/licenses/by-sa/4.0/,A,Doug Hynes,call,yes,yes,yes,no,high,Exact scientific-name match from Xeno-canto with commercial-safe Creative Commons license.,7
720,Canada Jay,Perisoreus canadensis,Jays and Crows (Corvidae),yes,strict_safe_ab,xeno-canto,americas,XC254432,https://xeno-canto.org/254432,https://xeno-canto.org/254432/download,CC BY-SA 4.0,https://creativecommons.org/licenses/by-sa/4.0/,B,Jonathon Jongsma,"call, song",yes,yes,yes,no,high,Exact scientific-name match from Xeno-canto with commercial-safe Creative Commons license.,7
1129,Canada Warbler,Cardellina canadensis,Wood-Warblers (Parulidae),yes,strict_safe_ab,xeno-canto,americas,XC250586,https://xeno-canto.org/250586,https://xeno-canto.org/250586/download,CC BY-SA 4.0,https://creativecommons.org/licenses/by-sa/4.0/,A,Niels Krabbe,"call, song",yes,yes,yes,no,high,Exact scientific-name match from Xeno-canto with commercial-safe Creative Commons license.,13
44,Canvasback,Aythya valisineria,"Ducks, Geese, and Swans (Anatidae)",no,missing,,,,,,,,,,,,,,,,,0
1041,Canyon Towhee,Melozone fusca,Towhees and Sparrows (Passerellidae),yes,candidate_safe_research_grade,iNaturalist,research-grade exact taxon sound,iNat observation 343670544 / sound 1811902,https://www.inaturalist.org/observations/343670544,https://static.inaturalist.org/sounds/1811902.wav?1773857831,CC-BY,https://creativecommons.org/licenses/by/4.0/,research-grade,"(c) Cecil Smith, some rights reserved (CC BY)",bird sound,yes,yes,no,yes,candidate,License-safe iNaturalist research-grade observation with exact taxon match; listen before shipping.,20
820,Canyon Wren,Catherpes mexicanus,Wrens (Troglodytidae),yes,strict_safe_ab,xeno-canto,americas,XC799010,https://xeno-canto.org/799010,https://xeno-canto.org/799010/download,CC0-1.0,https://creativecommons.org/publicdomain/zero/1.0/,B,Ana Rebeca Martinez Martinez,song,yes,yes,no,no,high,Exact scientific-name match from Xeno-canto with commercial-safe Creative Commons license.,2
1103,Cape May Warbler,Setophaga tigrina,Wood-Warblers (Parulidae),yes,strict_safe_ab,xeno-canto,americas,XC77880,https://xeno-canto.org/77880,https://xeno-canto.org/77880/download,CC BY-SA 3.0,https://creativecommons.org/licenses/by-sa/3.0/,B,Jonathon Jongsma,song,yes,yes,yes,no,high,Exact scientific-name match from Xeno-canto with commercial-safe Creative Commons license.,1
459,Cape Verde Shearwater,Calonectris edwardsii,Shearwaters and Petrels (Procellariidae),no,missing,,,,,,,,,,,,,,,,,0
742,Carolina Chickadee,Poecile carolinensis,Chickadees and Titmice (Paridae),yes,strict_safe_ab,xeno-canto,americas,XC870687,https://xeno-canto.org/870687,https://xeno-canto.org/870687/download,CC BY-SA 4.0,https://creativecommons.org/licenses/by-sa/4.0/,A,steve,"call, song",yes,yes,yes,no,high,Exact scientific-name match from Xeno-canto with commercial-safe Creative Commons license.,3
632,"Carolina Parakeet (extinct, 1939)",Conuropsis carolinensis,"Parakeets, Macaws, Amazons, and Parrots (Psittacidae)",yes,strict_safe_commons_exact,Wikimedia Commons,exact scientific-name audio search,142666294,https://commons.wikimedia.org/wiki/File:De-Karolinasittich.ogg,https://upload.wikimedia.org/wikipedia/commons/1/16/De-Karolinasittich.ogg?utm_source=commons.wikimedia.org&utm_campaign=imageinfo&utm_content=original,CC BY-SA 4.0,https://creativecommons.org/licenses/by-sa/4.0,metadata exact,Jeuwre,bird sound,yes,yes,yes,no,medium-high,Commons audio result with exact scientific-name match and commercial-safe license metadata.,1
824,Carolina Wren,Thryothorus ludovicianus,Wrens (Troglodytidae),yes,strict_safe_ab,xeno-canto,americas,XC384609,https://xeno-canto.org/384609,https://xeno-canto.org/384609/download,CC BY-SA 4.0,https://creativecommons.org/licenses/by-sa/4.0/,A,Matthias Sirch,song,yes,yes,yes,no,high,Exact scientific-name match from Xeno-canto with commercial-safe Creative Commons license.,5
348,Caspian Tern,Hydroprogne caspia,"Gulls, Terns, and Skimmers (Laridae)",yes,strict_safe_ab,xeno-canto,global,XC432679,https://xeno-canto.org/432679,https://xeno-canto.org/432679/download,CC BY-SA 4.0,https://creativecommons.org/licenses/by-sa/4.0/,B,Joost van Bruggen,flight call,yes,yes,yes,no,high,Exact scientific-name match from Xeno-canto with commercial-safe Creative Commons license.,4
980,Cassia Crossbill,Loxia sinesciuris,Fringilline and Cardueline Finches and Allies (Fringillidae),yes,candidate_safe_research_grade,iNaturalist,research-grade exact taxon sound,iNat observation 339838869 / sound 1775675,https://www.inaturalist.org/observations/339838869,https://static.inaturalist.org/sounds/1775675.m4a?1771818636,CC-BY,https://creativecommons.org/licenses/by/4.0/,research-grade,"(c) Jared Shorma, some rights reserved (CC BY)",bird sound,yes,yes,no,yes,candidate,License-safe iNaturalist research-grade observation with exact taxon match; listen before shipping.,6
326,Cassin's Auklet,Ptychoramphus aleuticus,"Auks, Murres, and Puffins (Alcidae)",no,missing,,,,,,,,,,,,,,,,,0
975,Cassin's Finch,Haemorhous cassinii,Fringilline and Cardueline Finches and Allies (Fringillidae),yes,candidate_safe_research_grade,iNaturalist,research-grade exact taxon sound,iNat observation 346013777 / sound 1829314,https://www.inaturalist.org/observations/346013777,https://static.inaturalist.org/sounds/1829314.wav?1774818432,CC0,https://creativecommons.org/publicdomain/zero/1.0/,research-grade,no rights reserved,bird sound,yes,yes,no,yes,candidate,License-safe iNaturalist research-grade observation with exact taxon match; listen before shipping.,12
666,Cassin's Kingbird,Tyrannus vociferans,Tyrant Flycatchers (Tyrannidae),yes,candidate_safe_research_grade,iNaturalist,research-grade exact taxon sound,iNat observation 337009106 / sound 1755907,https://www.inaturalist.org/observations/337009106,https://static.inaturalist.org/sounds/1755907.m4a?1769983316,CC-BY,https://creativecommons.org/licenses/by/4.0/,research-grade,"(c) Roberto Daniel Avila, some rights reserved (CC BY)",bird sound,yes,yes,no,yes,candidate,License-safe iNaturalist research-grade observation with exact taxon match; listen before shipping.,37
1006,Cassin's Sparrow,Peucaea cassinii,Towhees and Sparrows (Passerellidae),yes,strict_safe_any_quality,xeno-canto,americas,XC495220,https://xeno-canto.org/495220,https://xeno-canto.org/495220/download,CC BY-SA 4.0,https://creativecommons.org/licenses/by-sa/4.0/,C,Diana Doyle,song,yes,yes,yes,no,high,Exact scientific-name match from Xeno-canto with commercial-safe Creative Commons license.,1
703,Cassin's Vireo,Vireo cassinii,Vireos (Vireonidae),yes,strict_safe_ab,xeno-canto,americas,XC269951,https://xeno-canto.org/269951,https://xeno-canto.org/269951/download,CC BY-SA 4.0,https://creativecommons.org/licenses/by-sa/4.0/,B,Christopher Eliot,song,yes,yes,yes,no,high,Exact scientific-name match from Xeno-canto with commercial-safe Creative Commons license.,2
780,Cave Swallow,Petrochelidon fulva,Swallows (Hirundinidae),yes,candidate_safe_research_grade,iNaturalist,research-grade exact taxon sound,iNat observation 262639965 / sound 1312615,https://www.inaturalist.org/observations/262639965,https://static.inaturalist.org/sounds/1312615.wav?1740185685,CC-BY,https://creativecommons.org/licenses/by/4.0/,research-grade,"(c) Rajan Rao, some rights reserved (CC BY)",bird sound,yes,yes,no,yes,candidate,License-safe iNaturalist research-grade observation with exact taxon match; listen before shipping.,4
802,Cedar Waxwing,Bombycilla cedrorum,Waxwings (Bombycillidae),yes,strict_safe_ab,xeno-canto,americas,XC142622,https://xeno-canto.org/142622,https://xeno-canto.org/142622/download,CC BY-SA 3.0,https://creativecommons.org/licenses/by-sa/3.0/,A,Jonathon Jongsma,call,yes,yes,yes,no,high,Exact scientific-name match from Xeno-canto with commercial-safe Creative Commons license.,4
1104,Cerulean Warbler,Setophaga cerulea,Wood-Warblers (Parulidae),yes,strict_safe_ab,xeno-canto,americas,XC976263,https://xeno-canto.org/976263,https://xeno-canto.org/976263/download,CC BY-SA 4.0,https://creativecommons.org/licenses/by-sa/4.0/,A,Manuel cabrera,song,yes,yes,yes,no,high,Exact scientific-name match from Xeno-canto with commercial-safe Creative Commons license.,1
406,Chatham Albatross,Thalassarche eremita,Albatrosses (Diomedeidae),no,missing,,,,,,,,,,,,,,,,,0
904,Chestnut Munia,Lonchura atricapilla,Waxbills (Estrildidae),yes,candidate_safe_research_grade,iNaturalist,research-grade exact taxon sound,iNat observation 333104243 / sound 1730292,https://www.inaturalist.org/observations/333104243,https://static.inaturalist.org/sounds/1730292.mp3?1767326978,CC-BY,https://creativecommons.org/licenses/by/4.0/,research-grade,"(c) Damien Wallace, some rights reserved (CC BY)",bird sound,yes,yes,no,yes,candidate,License-safe iNaturalist research-grade observation with exact taxon match; listen before shipping.,3
746,Chestnut-backed Chickadee,Poecile rufescens,Chickadees and Titmice (Paridae),yes,strict_safe_ab,xeno-canto,americas,XC109655,https://xeno-canto.org/109655,https://xeno-canto.org/109655/download,CC BY-SA 3.0,https://creativecommons.org/licenses/by-sa/3.0/,B,Jonathon Jongsma,call,yes,yes,yes,no,high,Exact scientific-name match from Xeno-canto with commercial-safe Creative Commons license.,2
110,Chestnut-bellied Sandgrouse,Pterocles exustus,Sandgrouses (Pteroclidae),no,missing,,,,,,,,,,,,,,,,,0
990,Chestnut-collared Longspur,Calcarius ornatus,Longspurs and Snow Buntings (Calcariidae),yes,candidate_safe_research_grade,iNaturalist,research-grade exact taxon sound,iNat observation 171116569 / sound 759918,https://www.inaturalist.org/observations/171116569,https://static.inaturalist.org/sounds/759918.wav?1688512747,CC-BY,https://creativecommons.org/licenses/by/4.0/,research-grade,"(c) Caleb Catto, some rights reserved (CC BY)",bird sound,yes,yes,no,yes,candidate,License-safe iNaturalist research-grade observation with exact taxon match; listen before shipping.,1
1112,Chestnut-sided Warbler,Setophaga pensylvanica,Wood-Warblers (Parulidae),yes,strict_safe_ab,xeno-canto,americas,XC101584,https://xeno-canto.org/101584,https://xeno-canto.org/101584/download,CC BY-SA 3.0,https://creativecommons.org/licenses/by-sa/3.0/,A,Jonathon Jongsma,song,yes,yes,yes,no,high,Exact scientific-name match from Xeno-canto with commercial-safe Creative Commons license.,6
1052,Chihuahuan Meadowlark,Sturnella lilianae,Blackbirds (Icteridae),no,missing,,,,,,,,,,,,,,,,,0
739,Chihuahuan Raven,Corvus cryptoleucus,Jays and Crows (Corvidae),yes,strict_safe_commons_exact,Wikimedia Commons,exact scientific-name audio search,181490381,https://commons.wikimedia.org/wiki/File:Corvus_imparatus_601525.oga,https://upload.wikimedia.org/wikipedia/commons/f/f0/Corvus_imparatus_601525.oga?utm_source=commons.wikimedia.org&utm_campaign=imageinfo&utm_content=original,CC BY 4.0,https://creativecommons.org/licenses/by/4.0,metadata exact,Tereso Hernández Morales,bird sound,yes,yes,no,no,medium-high,Commons audio result with exact scientific-name match and commercial-safe license metadata.,1
154,Chimney Swift,Chaetura pelagica,Swifts (Apodidae),yes,strict_safe_ab,xeno-canto,americas,XC796220,https://xeno-canto.org/796220,https://xeno-canto.org/796220/download,CC BY-SA 4.0,https://creativecommons.org/licenses/by-sa/4.0/,B,steve,"call, song",yes,yes,yes,no,high,Exact scientific-name match from Xeno-canto with commercial-safe Creative Commons license.,4
507,Chinese Egret,Egretta eulophotes,"Bitterns, Herons, and Allies (Ardeidae)",no,missing,,,,,,,,,,,,,,,,,0
797,Chinese Hwamei (Hwamei),Garrulax canorus,Laughingthrushes (Leiothrichidae),no,missing,,,,,,,,,,,,,,,,,0
514,Chinese Pond-Heron,Ardeola bacchus,"Bitterns, Herons, and Allies (Ardeidae)",no,missing,,,,,,,,,,,,,,,,,0
531,Chinese Sparrowhawk,Tachyspiza soloensis,"Hawks, Kites, Eagles, and Allies (Accipitridae)",no,missing,,,,,,,,,,,,,,,,,0
1014,Chipping Sparrow,Spizella passerina,Towhees and Sparrows (Passerellidae),yes,strict_safe_ab,xeno-canto,americas,XC320440,https://xeno-canto.org/320440,https://xeno-canto.org/320440/download,CC BY-SA 4.0,https://creativecommons.org/licenses/by-sa/4.0/,A,Jonathon Jongsma,song,yes,yes,yes,no,high,Exact scientific-name match from Xeno-canto with commercial-safe Creative Commons license.,14
467,Christmas Shearwater,Puffinus nativitatis,Shearwaters and Petrels (Procellariidae),no,missing,,,,,,,,,,,,,,,,,0
147,Chuck-will's-widow,Antrostomus carolinensis,Goatsuckers (Caprimulgidae),yes,strict_safe_ab,xeno-canto,americas,XC1000236,https://xeno-canto.org/1000236,https://xeno-canto.org/1000236/download,CC BY-SA 4.0,https://creativecommons.org/licenses/by-sa/4.0/,A,steve,song,yes,yes,yes,no,high,Exact scientific-name match from Xeno-canto with commercial-safe Creative Commons license.,1
100,Chukar,Alectoris chukar,"Partridges, Grouse, Turkeys, and Old World Quail (Phasianidae)",no,missing,,,,,,,,,,,,,,,,,0
184,Cinnamon Hummingbird,Amazilia rutila,Hummingbirds (Trochilidae),yes,candidate_safe_research_grade,iNaturalist,research-grade exact taxon sound,iNat observation 191108567 / sound 846098,https://www.inaturalist.org/observations/191108567,https://static.inaturalist.org/sounds/846098.wav?1700073497,CC-BY,https://creativecommons.org/licenses/by/4.0/,research-grade,"(c) Grete Pasch, some rights reserved (CC BY)",bird sound,yes,yes,no,yes,candidate,License-safe iNaturalist research-grade observation with exact taxon match; listen before shipping.,3
28,Cinnamon Teal,Spatula cyanoptera,"Ducks, Geese, and Swans (Anatidae)",no,missing,,,,,,,,,,,,,,,,,0
912,Citrine Wagtail,Motacilla citreola,Wagtails and Pipits (Motacillidae),yes,strict_safe_ab,xeno-canto,global,XC1105569,https://xeno-canto.org/1105569,https://xeno-canto.org/1105569/download,CC0-1.0,https://creativecommons.org/publicdomain/zero/1.0/,A,Kevin Guille,"alarm call, call",yes,yes,no,no,high,Exact scientific-name match from Xeno-canto with commercial-safe Creative Commons license.,11
197,Clapper Rail,Rallus crepitans,"Rails, Gallinules, and Coots (Rallidae)",yes,candidate_safe_research_grade,iNaturalist,research-grade exact taxon sound,iNat observation 339494520 / sound 1773410,https://www.inaturalist.org/observations/339494520,https://static.inaturalist.org/sounds/1773410.wav?1771631628,CC-BY,https://creativecommons.org/licenses/by/4.0/,research-grade,"(c) Brandon Johnson, some rights reserved (CC BY)",bird sound,yes,yes,no,yes,candidate,License-safe iNaturalist research-grade observation with exact taxon match; listen before shipping.,39
109,Clark's Grebe,Aechmophorus clarkii,Grebes (Podicipedidae),no,missing,,,,,,,,,,,,,,,,,0
731,Clark's Nutcracker,Nucifraga columbiana,Jays and Crows (Corvidae),yes,strict_safe_ab,xeno-canto,americas,XC704701,https://xeno-canto.org/704701,https://xeno-canto.org/704701/download,CC BY-SA 4.0,https://creativecommons.org/licenses/by-sa/4.0/,A,Diana Doyle,call,yes,yes,yes,no,high,Exact scientific-name match from Xeno-canto with commercial-safe Creative Commons license.,1
1015,Clay-colored Sparrow,Spizella pallida,Towhees and Sparrows (Passerellidae),yes,strict_safe_ab,xeno-canto,americas,XC320481,https://xeno-canto.org/320481,https://xeno-canto.org/320481/download,CC BY-SA 4.0,https://creativecommons.org/licenses/by-sa/4.0/,A,Jonathon Jongsma,song,yes,yes,yes,no,high,Exact scientific-name match from Xeno-canto with commercial-safe Creative Commons license.,9
872,Clay-colored Thrush,Turdus grayi,Thrushes (Turdidae),yes,strict_safe_ab,xeno-canto,americas,XC994278,https://xeno-canto.org/994278,https://xeno-canto.org/994278/download,CC0-1.0,https://creativecommons.org/publicdomain/zero/1.0/,A,Alfonso Auerbach,song,yes,yes,no,no,high,Exact scientific-name match from Xeno-canto with commercial-safe Creative Commons license.,1
779,Cliff Swallow,Petrochelidon pyrrhonota,Swallows (Hirundinidae),yes,strict_safe_ab,xeno-canto,americas,XC254494,https://xeno-canto.org/254494,https://xeno-canto.org/254494/download,CC BY-SA 4.0,https://creativecommons.org/licenses/by-sa/4.0/,A,Jonathon Jongsma,song,yes,yes,yes,no,high,Exact scientific-name match from Xeno-canto with commercial-safe Creative Commons license.,2
483,Cocos Booby,Sula brewsteri,Boobies and Gannets (Sulidae),no,missing,,,,,,,,,,,,,,,,,0
1090,Colima Warbler,Leiothlypis crissalis,Wood-Warblers (Parulidae),yes,strict_safe_ab,xeno-canto,americas,XC994568,https://xeno-canto.org/994568,https://xeno-canto.org/994568/download,CC BY-SA 4.0,https://creativecommons.org/licenses/by-sa/4.0/,A,Diana Doyle,call,yes,yes,yes,no,high,Exact scientific-name match from Xeno-canto with commercial-safe Creative Commons license.,2
617,Collared Forest-Falcon,Micrastur semitorquatus,Caracaras and Falcons (Falconidae),yes,strict_safe_any_quality,xeno-canto,americas,XC463744,https://xeno-canto.org/463744,https://xeno-canto.org/463744/download,CC BY-SA 4.0,https://creativecommons.org/licenses/by-sa/4.0/,D,Oliver Komar,call,yes,yes,yes,no,high,Exact scientific-name match from Xeno-canto with commercial-safe Creative Commons license.,1
234,Collared Plover,Anarhynchus collaris,Lapwings and Plovers (Charadriidae),no,missing,,,,,,,,,,,,,,,,,0
546,Common Black Hawk,Buteogallus anthracinus,"Hawks, Kites, Eagles, and Allies (Accipitridae)",yes,strict_safe_ab,xeno-canto,americas,XC1028526,https://xeno-canto.org/1028526,https://xeno-canto.org/1028526/download,CC0-1.0,https://creativecommons.org/publicdomain/zero/1.0/,A,Gean Carlo Valdés,call,yes,yes,no,no,high,Exact scientific-name match from Xeno-canto with commercial-safe Creative Commons license.,17
922,Common Chaffinch,Fringilla coelebs,Fringilline and Cardueline Finches and Allies (Fringillidae),yes,strict_safe_ab,xeno-canto,global,XC1088506,https://xeno-canto.org/1088506,https://xeno-canto.org/1088506/download,CC0-1.0,https://creativecommons.org/publicdomain/zero/1.0/,A,Sonothèque ADVL,song,yes,yes,no,no,high,Exact scientific-name match from Xeno-canto with commercial-safe Creative Commons license.,57
784,Common Chiffchaff,Phylloscopus collybita,Leaf Warblers (Phylloscopidae),yes,strict_safe_ab,xeno-canto,global,XC1105598,https://xeno-canto.org/1105598,https://xeno-canto.org/1105598/download,CC0-1.0,https://creativecommons.org/publicdomain/zero/1.0/,A,Kevin Guille,song,yes,yes,no,no,high,Exact scientific-name match from Xeno-canto with commercial-safe Creative Commons license.,61
189,Common Crane,Grus grus,Cranes (Gruidae),yes,strict_safe_ab,xeno-canto,global,XC803895,https://xeno-canto.org/803895,https://xeno-canto.org/803895/download,CC0-1.0,https://creativecommons.org/publicdomain/zero/1.0/,A,Grégoire Chauvot,call,yes,yes,no,no,high,Exact scientific-name match from Xeno-canto with commercial-safe Creative Commons license.,17
136,Common Cuckoo,Cuculus canorus,"Cuckoos, Roadrunners, and Anis (Cuculidae)",yes,strict_safe_ab,xeno-canto,global,XC546155,https://xeno-canto.org/546155,https://xeno-canto.org/546155/download,CC BY-SA 4.0,https://creativecommons.org/licenses/by-sa/4.0/,A,Benoît Van Hecke,song,yes,yes,yes,no,high,Exact scientific-name match from Xeno-canto with commercial-safe Creative Commons license.,30
55,Common Eider,Somateria mollissima,"Ducks, Geese, and Swans (Anatidae)",yes,strict_safe_ab,xeno-canto,americas,XC1033167,https://xeno-canto.org/1033167,https://xeno-canto.org/1033167/download,CC BY-SA 4.0,https://creativecommons.org/licenses/by-sa/4.0/,B,Doug Hynes,call,yes,yes,yes,no,high,Exact scientific-name match from Xeno-canto with commercial-safe Creative Commons license.,1
201,Common Gallinule,Gallinula galeata,"Rails, Gallinules, and Coots (Rallidae)",yes,strict_safe_ab,xeno-canto,americas,XC1039897,https://xeno-canto.org/1039897,https://xeno-canto.org/1039897/download,CC0-1.0,https://creativecommons.org/publicdomain/zero/1.0/,A,Emily Ritter,"call, song",yes,yes,no,no,high,Exact scientific-name match from Xeno-canto with commercial-safe Creative Commons license.,1
64,Common Goldeneye,Bucephala clangula,"Ducks, Geese, and Swans (Anatidae)",yes,strict_safe_any_quality,xeno-canto,global,XC518957,https://xeno-canto.org/518957,https://xeno-canto.org/518957/download,CC BY-SA 4.0,https://creativecommons.org/licenses/by-sa/4.0/,D,Pascal Christe,song,yes,yes,yes,no,high,Exact scientific-name match from Xeno-canto with commercial-safe Creative Commons license.,1
1074,Common Grackle,Quiscalus quiscula,Blackbirds (Icteridae),yes,strict_safe_ab,xeno-canto,americas,XC131089,https://xeno-canto.org/131089,https://xeno-canto.org/131089/download,CC BY-SA 3.0,https://creativecommons.org/licenses/by-sa/3.0/,A,Jonathon Jongsma,"call, song",yes,yes,yes,no,high,Exact scientific-name match from Xeno-canto with commercial-safe Creative Commons license.,14
298,Common Greenshank,Tringa nebularia,"Sandpipers, Phalaropes, and Allies (Scolopacidae)",yes,strict_safe_ab,xeno-canto,global,XC776700,https://xeno-canto.org/776700,https://xeno-canto.org/776700/download,CC0-1.0,https://creativecommons.org/publicdomain/zero/1.0/,B,Sonothèque ADVL,begging call,yes,yes,no,no,high,Exact scientific-name match from Xeno-canto with commercial-safe Creative Commons license.,11
112,Common Ground Dove,Columbina passerina,Pigeons and Doves (Columbidae),yes,candidate_safe_research_grade,iNaturalist,research-grade exact taxon sound,iNat observation 328526816 / sound 1704014,https://www.inaturalist.org/observations/328526816,https://static.inaturalist.org/sounds/1704014.wav?1764274114,CC-BY,https://creativecommons.org/licenses/by/4.0/,research-grade,"(c) Steve Collins, some rights reserved (CC BY)",bird sound,yes,yes,no,yes,candidate,License-safe iNaturalist research-grade observation with exact taxon match; listen before shipping.,21
379,Common Gull,Larus canus,"Gulls, Terns, and Skimmers (Laridae)",yes,strict_safe_ab,xeno-canto,global,XC898207,https://xeno-canto.org/898207,https://xeno-canto.org/898207/download,CC BY-SA 4.0,https://creativecommons.org/licenses/by-sa/4.0/,A,Jochem verweij,"call, flight call",yes,yes,yes,no,high,Exact scientific-name match from Xeno-canto with commercial-safe Creative Commons license.,8
402,Common Loon,Gavia immer,Loons (Gaviidae),yes,strict_safe_ab,xeno-canto,americas,XC139387,https://xeno-canto.org/139387,https://xeno-canto.org/139387/download,CC BY-SA 3.0,https://creativecommons.org/licenses/by-sa/3.0/,B,Jonathon Jongsma,song,yes,yes,yes,no,high,Exact scientific-name match from Xeno-canto with commercial-safe Creative Commons license.,3
68,Common Merganser,Mergus merganser,"Ducks, Geese, and Swans (Anatidae)",yes,strict_safe_ab,xeno-canto,global,XC513502,https://xeno-canto.org/513502,https://xeno-canto.org/513502/download,CC BY-SA 4.0,https://creativecommons.org/licenses/by-sa/4.0/,B,Pascal Christe,song,yes,yes,yes,no,high,Exact scientific-name match from Xeno-canto with commercial-safe Creative Commons license.,1
313,Common Murre,Uria aalge,"Auks, Murres, and Puffins (Alcidae)",yes,strict_safe_ab,xeno-canto,global,XC1041354,https://xeno-canto.org/1041354,https://xeno-canto.org/1041354/download,CC0-1.0,https://creativecommons.org/publicdomain/zero/1.0/,A,Sonothèque ADVL,call,yes,yes,no,no,high,Exact scientific-name match from Xeno-canto with commercial-safe Creative Commons license.,1
843,Common Myna,Acridotheres tristis,Starlings (Sturnidae),yes,strict_safe_ab,xeno-canto,global,XC1003188,https://xeno-canto.org/1003188,https://xeno-canto.org/1003188/download,CC BY-SA 4.0,https://creativecommons.org/licenses/by-sa/4.0/,A,Ujjal Kishor De,"call, song",yes,yes,yes,no,high,Exact scientific-name match from Xeno-canto with commercial-safe Creative Commons license.,27
143,Common Nighthawk,Chordeiles minor,Goatsuckers (Caprimulgidae),yes,strict_safe_any_quality,xeno-canto,americas,XC484751,https://xeno-canto.org/484751,https://xeno-canto.org/484751/download,CC BY-SA 4.0,https://creativecommons.org/licenses/by-sa/4.0/,D,Oliver Komar,flight call,yes,yes,yes,no,high,Exact scientific-name match from Xeno-canto with commercial-safe Creative Commons license.,1
145,Common Pauraque,Nyctidromus albicollis,Goatsuckers (Caprimulgidae),yes,strict_safe_ab,xeno-canto,americas,XC996858,https://xeno-canto.org/996858,https://xeno-canto.org/996858/download,CC0-1.0,https://creativecommons.org/publicdomain/zero/1.0/,A,Rosa Elena Albornoz @rosaelena_naturaleza,song,yes,yes,no,no,high,Exact scientific-name match from Xeno-canto with commercial-safe Creative Commons license.,11
46,Common Pochard,Aythya ferina,"Ducks, Geese, and Swans (Anatidae)",yes,strict_safe_ab,xeno-canto,global,XC918474,https://xeno-canto.org/918474,https://xeno-canto.org/918474/download,CC0-1.0,https://creativecommons.org/publicdomain/zero/1.0/,A,Sonothèque ADVL,"call, whistle",yes,yes,no,no,high,Exact scientific-name match from Xeno-canto with commercial-safe Creative Commons license.,5
146,Common Poorwill,Phalaenoptilus nuttallii,Goatsuckers (Caprimulgidae),yes,strict_safe_public_domain,National Park Service,official public-domain page,,https://www.nps.gov/subjects/sound/gallery.htm,,Public domain / NPS credit requested,https://www.nps.gov/subjects/sound/gallery.htm,official,National Park Service,bird sound,yes,yes,no,no,high,Official NPS public-domain sound listing; exact/common-name normalized match.,1
740,Common Raven,Corvus corax,Jays and Crows (Corvidae),yes,strict_safe_ab,xeno-canto,americas,XC922424,https://xeno-canto.org/922424,https://xeno-canto.org/922424/download,CC BY-SA 4.0,https://creativecommons.org/licenses/by-sa/4.0/,A,Doug Hynes,call,yes,yes,yes,no,high,Exact scientific-name match from Xeno-canto with commercial-safe Creative Commons license.,7
300,Common Redshank,Tringa totanus,"Sandpipers, Phalaropes, and Allies (Scolopacidae)",yes,strict_safe_ab,xeno-canto,global,XC803766,https://xeno-canto.org/803766,https://xeno-canto.org/803766/download,CC0-1.0,https://creativecommons.org/publicdomain/zero/1.0/,A,Grégoire Chauvot,,yes,yes,no,no,high,Exact scientific-name match from Xeno-canto with commercial-safe Creative Commons license.,16
893,Common Redstart,Phoenicurus phoenicurus,Old World Flycatchers (Muscicapidae),yes,strict_safe_ab,xeno-canto,global,XC990650,https://xeno-canto.org/990650,https://xeno-canto.org/990650/download,CC0-1.0,https://creativecommons.org/publicdomain/zero/1.0/,B,Philippe_Grange,song,yes,yes,no,no,high,Exact scientific-name match from Xeno-canto with commercial-safe Creative Commons license.,11
225,Common Ringed Plover,Charadrius hiaticula,Lapwings and Plovers (Charadriidae),yes,strict_safe_ab,xeno-canto,global,XC897533,https://xeno-canto.org/897533,https://xeno-canto.org/897533/download,CC BY-SA 4.0,https://creativecommons.org/licenses/by-sa/4.0/,B,Jochem verweij,"call, song",yes,yes,yes,no,high,Exact scientific-name match from Xeno-canto with commercial-safe Creative Commons license.,18
926,Common Rosefinch,Carpodacus erythrinus,Fringilline and Cardueline Finches and Allies (Fringillidae),yes,strict_safe_ab,xeno-canto,global,XC1105586,https://xeno-canto.org/1105586,https://xeno-canto.org/1105586/download,CC0-1.0,https://creativecommons.org/publicdomain/zero/1.0/,A,Kevin Guille,song,yes,yes,no,no,high,Exact scientific-name match from Xeno-canto with commercial-safe Creative Commons license.,6
289,Common Sandpiper,Actitis hypoleucos,"Sandpipers, Phalaropes, and Allies (Scolopacidae)",yes,strict_safe_ab,xeno-canto,global,XC901773,https://xeno-canto.org/901773,https://xeno-canto.org/901773/download,CC BY-SA 4.0,https://creativecommons.org/licenses/by-sa/4.0/,A,Jochem verweij,song,yes,yes,yes,no,high,Exact scientific-name match from Xeno-canto with commercial-safe Creative Commons license.,36
60,Common Scoter,Melanitta nigra,"Ducks, Geese, and Swans (Anatidae)",yes,strict_safe_any_quality,xeno-canto,global,XC776731,https://xeno-canto.org/776731,https://xeno-canto.org/776731/download,CC0-1.0,https://creativecommons.org/publicdomain/zero/1.0/,C,Sonothèque ADVL,call,yes,yes,no,no,high,Exact scientific-name match from Xeno-canto with commercial-safe Creative Commons license.,10
22,Common Shelduck,Tadorna tadorna,"Ducks, Geese, and Swans (Anatidae)",yes,strict_safe_ab,xeno-canto,global,XC466466,https://xeno-canto.org/466466,https://xeno-canto.org/466466/download,CC BY-SA 4.0,https://creativecommons.org/licenses/by-sa/4.0/,B,Pascal Christe,song,yes,yes,yes,no,high,Exact scientific-name match from Xeno-canto with commercial-safe Creative Commons license.,9
286,Common Snipe,Gallinago gallinago,"Sandpipers, Phalaropes, and Allies (Scolopacidae)",yes,strict_safe_ab,xeno-canto,global,XC1105609,https://xeno-canto.org/1105609,https://xeno-canto.org/1105609/download,CC0-1.0,https://creativecommons.org/publicdomain/zero/1.0/,A,Kevin Guille,song,yes,yes,no,no,high,Exact scientific-name match from Xeno-canto with commercial-safe Creative Commons license.,19
158,Common Swift,Apus apus,Swifts (Apodidae),yes,strict_safe_ab,xeno-canto,global,XC816518,https://xeno-canto.org/816518,https://xeno-canto.org/816518/download,CC BY-SA 4.0,https://creativecommons.org/licenses/by-sa/4.0/,B,Pascal Christe,song,yes,yes,yes,no,high,Exact scientific-name match from Xeno-canto with commercial-safe Creative Commons license.,8
354,Common Tern,Sterna hirundo,"Gulls, Terns, and Skimmers (Laridae)",yes,strict_safe_ab,xeno-canto,americas,XC1031782,https://xeno-canto.org/1031782,https://xeno-canto.org/1031782/download,CC BY-SA 4.0,https://creativecommons.org/licenses/by-sa/4.0/,B,Doug Hynes,call,yes,yes,yes,no,high,Exact scientific-name match from Xeno-canto with commercial-safe Creative Commons license.,1
907,Common Waxbill,Estrilda astrild,Waxbills (Estrildidae),yes,strict_safe_ab,xeno-canto,global,XC431984,https://xeno-canto.org/431984,https://xeno-canto.org/431984/download,CC BY-SA 4.0,https://creativecommons.org/licenses/by-sa/4.0/,B,Joost van Bruggen,song,yes,yes,yes,no,high,Exact scientific-name match from Xeno-canto with commercial-safe Creative Commons license.,2
130,Common Wood-Pigeon (Wood Pigeon),Columba palumbus,Pigeons and Doves (Columbidae),yes,strict_safe_ab,xeno-canto,global,XC561877,https://xeno-canto.org/561877,https://xeno-canto.org/561877/download,CC BY-SA 4.0,https://creativecommons.org/licenses/by-sa/4.0/,A,Benoît Van Hecke,song,yes,yes,yes,no,high,Exact scientific-name match from Xeno-canto with commercial-safe Creative Commons license.,9
1099,Common Yellowthroat,Geothlypis trichas,Wood-Warblers (Parulidae),yes,strict_safe_ab,xeno-canto,americas,XC137738,https://xeno-canto.org/137738,https://xeno-canto.org/137738/download,CC BY-SA 3.0,https://creativecommons.org/licenses/by-sa/3.0/,A,Jonathon Jongsma,song,yes,yes,yes,no,high,Exact scientific-name match from Xeno-canto with commercial-safe Creative Commons license.,12
1094,Connecticut Warbler,Oporornis agilis,Wood-Warblers (Parulidae),yes,strict_safe_ab,xeno-canto,americas,XC147721,https://xeno-canto.org/147721,https://xeno-canto.org/147721/download,CC BY-SA 3.0,https://creativecommons.org/licenses/by-sa/3.0/,B,Peter Wilton,call,yes,yes,yes,no,high,Exact scientific-name match from Xeno-canto with commercial-safe Creative Commons license.,1
449,Cook's Petrel,Pterodroma cookii,Shearwaters and Petrels (Procellariidae),no,missing,,,,,,,,,,,,,,,,,0
534,Cooper's Hawk,Astur cooperii,"Hawks, Kites, Eagles, and Allies (Accipitridae)",yes,strict_safe_commons_exact,Wikimedia Commons,exact scientific-name audio search,23927955,https://commons.wikimedia.org/wiki/File:Accipiter_cooperii_-_Cooper%27s_Hawk_-_XC83153.ogg,https://upload.wikimedia.org/wikipedia/commons/2/22/Accipiter_cooperii_-_Cooper%27s_Hawk_-_XC83153.ogg?utm_source=commons.wikimedia.org&utm_campaign=imageinfo&utm_content=original,CC BY-SA 3.0,https://creativecommons.org/licenses/by-sa/3.0,metadata exact,Jonathon Jongsma,bird sound,yes,yes,yes,no,medium-high,Commons audio result with exact scientific-name match and commercial-safe license metadata.,8
199,Corn Crake,Crex crex,"Rails, Gallinules, and Coots (Rallidae)",yes,strict_safe_ab,xeno-canto,global,XC1083485,https://xeno-canto.org/1083485,https://xeno-canto.org/1083485/download,CC BY-SA 4.0,https://creativecommons.org/licenses/by-sa/4.0/,A,Robert Petersen,song,yes,yes,yes,no,high,Exact scientific-name match from Xeno-canto with commercial-safe Creative Commons license.,12
458,Cory's Shearwater,Calonectris borealis,Shearwaters and Petrels (Procellariidae),yes,strict_safe_ab,xeno-canto,global,XC1007990,https://xeno-canto.org/1007990,https://xeno-canto.org/1007990/download,CC0-1.0,https://creativecommons.org/publicdomain/zero/1.0/,A,Lionel TRIBOULIN,alarm call,yes,yes,no,no,high,Exact scientific-name match from Xeno-canto with commercial-safe Creative Commons license.,5
173,Costa's Hummingbird,Calypte costae,Hummingbirds (Trochilidae),yes,candidate_safe_research_grade,iNaturalist,research-grade exact taxon sound,iNat observation 324986570 / sound 1686670,https://www.inaturalist.org/observations/324986570,https://static.inaturalist.org/sounds/1686670.wav?1762321797,CC-BY,https://creativecommons.org/licenses/by/4.0/,research-grade,"(c) Russell Parsons, some rights reserved (CC BY)",bird sound,yes,yes,no,yes,candidate,License-safe iNaturalist research-grade observation with exact taxon match; listen before shipping.,10
665,Couch's Kingbird,Tyrannus couchii,Tyrant Flycatchers (Tyrannidae),yes,candidate_safe_research_grade,iNaturalist,research-grade exact taxon sound,iNat observation 343986099 / sound 1814324,https://www.inaturalist.org/observations/343986099,https://static.inaturalist.org/sounds/1814324.wav?1774017315,CC-BY,https://creativecommons.org/licenses/by/4.0/,research-grade,"(c) Rodolfo Salinas Villarreal, some rights reserved (CC BY)",bird sound,yes,yes,no,yes,candidate,License-safe iNaturalist research-grade observation with exact taxon match; listen before shipping.,38
544,Crane Hawk,Geranospiza caerulescens,"Hawks, Kites, Eagles, and Allies (Accipitridae)",yes,candidate_safe_research_grade,iNaturalist,research-grade exact taxon sound,iNat observation 127860240 / sound 507257,https://www.inaturalist.org/observations/127860240,https://static.inaturalist.org/sounds/507257.wav?1658780258,CC-BY,https://creativecommons.org/licenses/by/4.0/,research-grade,"(c) Jennifer Rycenga, some rights reserved (CC BY)",bird sound,yes,yes,no,yes,candidate,License-safe iNaturalist research-grade observation with exact taxon match; listen before shipping.,2
324,Craveri's Murrelet,Synthliboramphus craveri,"Auks, Murres, and Puffins (Alcidae)",no,missing,,,,,,,,,,,,,,,,,0
1087,Crescent-chested Warbler,Oreothlypis superciliosa,Wood-Warblers (Parulidae),yes,candidate_safe_research_grade,iNaturalist,research-grade exact taxon sound,iNat observation 159201043 / sound 677424,https://www.inaturalist.org/observations/159201043,https://static.inaturalist.org/sounds/677424.wav?1683045061,CC-BY,https://creativecommons.org/licenses/by/4.0/,research-grade,"(c) Grete Pasch, some rights reserved (CC BY)",bird sound,yes,yes,no,yes,candidate,License-safe iNaturalist research-grade observation with exact taxon match; listen before shipping.,2
330,Crested Auklet,Aethia cristatella,"Auks, Murres, and Puffins (Alcidae)",no,missing,,,,,,,,,,,,,,,,,0
618,Crested Caracara,Caracara plancus,Caracaras and Falcons (Falconidae),yes,strict_safe_any_quality,xeno-canto,americas,XC497349,https://xeno-canto.org/497349,https://xeno-canto.org/497349/download,CC BY-SA 4.0,https://creativecommons.org/licenses/by-sa/4.0/,D,Oliver Komar,call,yes,yes,yes,no,high,Exact scientific-name match from Xeno-canto with commercial-safe Creative Commons license.,1
844,Crested Myna (1969-2003),Acridotheres cristatellus,Starlings (Sturnidae),no,missing,,,,,,,,,,,,,,,,,0
1139,Crimson-collared Grosbeak,Periporphyrus celaeno,"Cardinals, Piranga Tanagers and Allies (Cardinalidae)",yes,candidate_safe_research_grade,iNaturalist,research-grade exact taxon sound,iNat observation 204637674 / sound 946377,https://www.inaturalist.org/observations/204637674,https://static.inaturalist.org/sounds/946377.wav?1711837438,CC0,https://creativecommons.org/publicdomain/zero/1.0/,research-grade,no rights reserved,bird sound,yes,yes,no,yes,candidate,License-safe iNaturalist research-grade observation with exact taxon match; listen before shipping.,4
838,Crissal Thrasher,Toxostoma crissale,Mockingbirds and Thrashers (Mimidae),yes,candidate_safe_research_grade,iNaturalist,research-grade exact taxon sound,iNat observation 272131547 / sound 1388085,https://www.inaturalist.org/observations/272131547,https://static.inaturalist.org/sounds/1388085.m4a?1745296362,CC0,https://creativecommons.org/publicdomain/zero/1.0/,research-grade,no rights reserved,bird sound,yes,yes,no,yes,candidate,License-safe iNaturalist research-grade observation with exact taxon match; listen before shipping.,10
663,Crowned Slaty Flycatcher,Empidonomus aurantioatrocristatus,Tyrant Flycatchers (Tyrannidae),no,missing,,,,,,,,,,,,,,,,,0
776,Cuban Martin,Progne cryptoleuca,Swallows (Hirundinidae),no,missing,,,,,,,,,,,,,,,,,0
679,Cuban Pewee,Contopus caribaeus,Tyrant Flycatchers (Tyrannidae),no,missing,,,,,,,,,,,,,,,,,0
698,Cuban Vireo,Vireo gundlachii,Vireos (Vireonidae),no,missing,,,,,,,,,,,,,,,,,0
262,Curlew Sandpiper,Calidris ferruginea,"Sandpipers, Phalaropes, and Allies (Scolopacidae)",yes,strict_safe_ab,xeno-canto,global,XC1041162,https://xeno-canto.org/1041162,https://xeno-canto.org/1041162/download,CC0-1.0,https://creativecommons.org/publicdomain/zero/1.0/,B,Sonothèque ADVL,nocturnal flight call,yes,yes,no,no,high,Exact scientific-name match from Xeno-canto with commercial-safe Creative Commons license.,1
832,Curve-billed Thrasher,Toxostoma curvirostre,Mockingbirds and Thrashers (Mimidae),yes,candidate_safe_research_grade,iNaturalist,research-grade exact taxon sound,iNat observation 335219061 / sound 1744494,https://www.inaturalist.org/observations/335219061,https://static.inaturalist.org/sounds/1744494.mp3?1768748360,CC-BY,https://creativecommons.org/licenses/by/4.0/,research-grade,"(c) Guy Babineau, some rights reserved (CC BY)",bird sound,yes,yes,no,yes,candidate,License-safe iNaturalist research-grade observation with exact taxon match; listen before shipping.,30
138,Dark-billed Cuckoo,Coccyzus melacoryphus,"Cuckoos, Roadrunners, and Anis (Cuculidae)",no,missing,,,,,,,,,,,,,,,,,0
1022,Dark-eyed Junco,Junco hyemalis,Towhees and Sparrows (Passerellidae),yes,strict_safe_ab,xeno-canto,americas,XC797245,https://xeno-canto.org/797245,https://xeno-canto.org/797245/download,CC BY-SA 4.0,https://creativecommons.org/licenses/by-sa/4.0/,A,steve,song,yes,yes,yes,no,high,Exact scientific-name match from Xeno-canto with commercial-safe Creative Commons license.,18
882,Dark-sided Flycatcher,Muscicapa sibirica,Old World Flycatchers (Muscicapidae),no,missing,,,,,,,,,,,,,,,,,0
447,Desertas (Feaâs) Petrel,Pterodroma deserta (feae),Shearwaters and Petrels (Procellariidae),no,missing,,,,,,,,,,,,,,,,,0
1151,Dickcissel,Spiza americana,"Cardinals, Piranga Tanagers and Allies (Cardinalidae)",yes,strict_safe_ab,xeno-canto,americas,XC903275,https://xeno-canto.org/903275,https://xeno-canto.org/903275/download,CC BY-SA 4.0,https://creativecommons.org/licenses/by-sa/4.0/,A,steve,song,yes,yes,yes,no,high,Exact scientific-name match from Xeno-canto with commercial-safe Creative Commons license.,13
491,Double-crested Cormorant,Nannopterum auritum,Cormorants (Phalacrocoracidae),yes,strict_safe_ab,xeno-canto,americas,XC177731,https://xeno-canto.org/177731,https://xeno-canto.org/177731/download,CC BY-SA 4.0,https://creativecommons.org/licenses/by-sa/4.0/,B,Jonathon Jongsma,call,yes,yes,yes,no,high,Exact scientific-name match from Xeno-canto with commercial-safe Creative Commons license.,3
212,Double-striped Thick-knee,Hesperoburhinus bistriatus,Thick-knees (Burhinidae),no,missing,,,,,,,,,,,,,,,,,0
530,Double-toothed Kite,Harpagus bidentatus,"Hawks, Kites, Eagles, and Allies (Accipitridae)",no,missing,,,,,,,,,,,,,,,,,0
312,Dovekie,Alle alle,"Auks, Murres, and Puffins (Alcidae)",yes,strict_safe_any_quality,xeno-canto,global,XC916046,https://xeno-canto.org/916046,https://xeno-canto.org/916046/download,CC BY-SA 4.0,https://creativecommons.org/licenses/by-sa/4.0/,C,steve,call,yes,yes,yes,no,high,Exact scientific-name match from Xeno-canto with commercial-safe Creative Commons license.,1
606,Downy Woodpecker,Dryobates pubescens,Woodpeckers and Allies (Picidae),yes,strict_safe_ab,xeno-canto,americas,XC320358,https://xeno-canto.org/320358,https://xeno-canto.org/320358/download,CC BY-SA 4.0,https://creativecommons.org/licenses/by-sa/4.0/,A,Jonathon Jongsma,call,yes,yes,yes,no,high,Exact scientific-name match from Xeno-canto with commercial-safe Creative Commons license.,7
268,Dunlin,Calidris alpina,"Sandpipers, Phalaropes, and Allies (Scolopacidae)",yes,strict_safe_ab,xeno-canto,americas,XC566009,https://xeno-canto.org/566009,https://xeno-canto.org/566009/download,CC BY-SA 4.0,https://creativecommons.org/licenses/by-sa/4.0/,A,Doug Hynes,"call, song",yes,yes,yes,no,high,Exact scientific-name match from Xeno-canto with commercial-safe Creative Commons license.,2
687,Dusky Flycatcher,Empidonax oberholseri,Tyrant Flycatchers (Tyrannidae),yes,strict_safe_ab,xeno-canto,americas,XC104535,https://xeno-canto.org/104535,https://xeno-canto.org/104535/download,CC BY-SA 3.0,https://creativecommons.org/licenses/by-sa/3.0/,B,Jonathon Jongsma,song,yes,yes,yes,no,high,Exact scientific-name match from Xeno-canto with commercial-safe Creative Commons license.,1
87,Dusky Grouse,Dendragapus obscurus,"Partridges, Grouse, Turkeys, and Old World Quail (Phasianidae)",no,missing,,,,,,,,,,,,,,,,,0
867,Dusky Thrush,Turdus eunomus,Thrushes (Turdidae),no,missing,,,,,,,,,,,,,,,,,0
786,Dusky Warbler,Phylloscopus fuscatus,Leaf Warblers (Phylloscopidae),yes,strict_safe_ab,xeno-canto,global,XC1056544,https://xeno-canto.org/1056544,https://xeno-canto.org/1056544/download,CC0-1.0,https://creativecommons.org/publicdomain/zero/1.0/,A,Sonothèque ADVL,call,yes,yes,no,no,high,Exact scientific-name match from Xeno-canto with commercial-safe Creative Commons license.,4
652,Dusky-capped Flycatcher,Myiarchus tuberculifer,Tyrant Flycatchers (Tyrannidae),yes,strict_safe_ab,xeno-canto,americas,XC912388,https://xeno-canto.org/912388,https://xeno-canto.org/912388/download,CC BY 4.0,https://creativecommons.org/licenses/by/4.0/,A,JUAN ANTONIO ALONSO DE JUAN,song,yes,yes,no,no,high,Exact scientific-name match from Xeno-canto with commercial-safe Creative Commons license.,18
107,Eared Grebe,Podiceps nigricollis,Grebes (Podicipedidae),yes,strict_safe_commons_exact,Wikimedia Commons,exact scientific-name audio search,167891,https://commons.wikimedia.org/wiki/File:Nl-geoorde_fuut.ogg,https://upload.wikimedia.org/wikipedia/commons/d/d5/Nl-geoorde_fuut.ogg?utm_source=commons.wikimedia.org&utm_campaign=imageinfo&utm_content=original,CC BY-SA 3.0,http://creativecommons.org/licenses/by-sa/3.0/,metadata exact,GerardM,bird sound,yes,yes,yes,no,medium-high,Commons audio result with exact scientific-name match and commercial-safe license metadata.,1
586,Eared Quetzal,Euptilotis neoxenus,Trogons (Trogonidae),no,missing,,,,,,,,,,,,,,,,,0
846,Eastern Bluebird,Sialia sialis,Thrushes (Turdidae),yes,strict_safe_ab,xeno-canto,americas,XC179669,https://xeno-canto.org/179669,https://xeno-canto.org/179669/download,CC BY-SA 4.0,https://creativecommons.org/licenses/by-sa/4.0/,A,Jonathon Jongsma,"call, song",yes,yes,yes,no,high,Exact scientific-name match from Xeno-canto with commercial-safe Creative Commons license.,5
518,Eastern Cattle-Egret,Ardea coromanda,"Bitterns, Herons, and Allies (Ardeidae)",no,missing,,,,,,,,,,,,,,,,,0
669,Eastern Kingbird,Tyrannus tyrannus,Tyrant Flycatchers (Tyrannidae),yes,strict_safe_ab,xeno-canto,americas,XC134875,https://xeno-canto.org/134875,https://xeno-canto.org/134875/download,CC BY-SA 3.0,https://creativecommons.org/licenses/by-sa/3.0/,A,Jonathon Jongsma,"call, song",yes,yes,yes,no,high,Exact scientific-name match from Xeno-canto with commercial-safe Creative Commons license.,7
1053,Eastern Meadowlark,Sturnella magna,Blackbirds (Icteridae),yes,strict_safe_ab,xeno-canto,americas,XC320486,https://xeno-canto.org/320486,https://xeno-canto.org/320486/download,CC BY-SA 4.0,https://creativecommons.org/licenses/by-sa/4.0/,A,Jonathon Jongsma,song,yes,yes,yes,no,high,Exact scientific-name match from Xeno-canto with commercial-safe Creative Commons license.,7
692,Eastern Phoebe,Sayornis phoebe,Tyrant Flycatchers (Tyrannidae),yes,strict_safe_ab,xeno-canto,americas,XC178126,https://xeno-canto.org/178126,https://xeno-canto.org/178126/download,CC BY-SA 4.0,https://creativecommons.org/licenses/by-sa/4.0/,A,Jonathon Jongsma,song,yes,yes,yes,no,high,Exact scientific-name match from Xeno-canto with commercial-safe Creative Commons license.,5
567,Eastern Screech-Owl,Megascops asio,Typical Owls (Strigidae),yes,strict_safe_ab,xeno-canto,americas,XC1058584,https://xeno-canto.org/1058584,https://xeno-canto.org/1058584/download,CC0-1.0,https://creativecommons.org/publicdomain/zero/1.0/,B,nocoastkyle,subsong,yes,yes,no,no,high,Exact scientific-name match from Xeno-canto with commercial-safe Creative Commons license.,3
36,Eastern Spot-billed Duck,Anas zonorhyncha,"Ducks, Geese, and Swans (Anatidae)",no,missing,,,,,,,,,,,,,,,,,0
1047,Eastern Towhee,Pipilo erythrophthalmus,Towhees and Sparrows (Passerellidae),yes,strict_safe_ab,xeno-canto,americas,XC320489,https://xeno-canto.org/320489,https://xeno-canto.org/320489/download,CC BY-SA 4.0,https://creativecommons.org/licenses/by-sa/4.0/,A,Jonathon Jongsma,song,yes,yes,yes,no,high,Exact scientific-name match from Xeno-canto with commercial-safe Creative Commons license.,13
708,Eastern Warbling-Vireo,Vireo gilvus,Vireos (Vireonidae),yes,strict_safe_ab,xeno-canto,americas,XC102969,https://xeno-canto.org/102969,https://xeno-canto.org/102969/download,CC BY-SA 3.0,https://creativecommons.org/licenses/by-sa/3.0/,A,Jonathon Jongsma,song,yes,yes,yes,no,high,Exact scientific-name match from Xeno-canto with commercial-safe Creative Commons license.,7
149,Eastern Whip-poor-will,Antrostomus vociferus,Goatsuckers (Caprimulgidae),yes,strict_safe_ab,xeno-canto,americas,XC905500,https://xeno-canto.org/905500,https://xeno-canto.org/905500/download,CC BY-SA 4.0,https://creativecommons.org/licenses/by-sa/4.0/,A,steve,song,yes,yes,yes,no,high,Exact scientific-name match from Xeno-canto with commercial-safe Creative Commons license.,7
678,Eastern Wood-Pewee,Contopus virens,Tyrant Flycatchers (Tyrannidae),yes,strict_safe_ab,xeno-canto,americas,XC136047,https://xeno-canto.org/136047,https://xeno-canto.org/136047/download,CC BY-SA 3.0,https://creativecommons.org/licenses/by-sa/3.0/,A,Jonathon Jongsma,song,yes,yes,yes,no,high,Exact scientific-name match from Xeno-canto with commercial-safe Creative Commons license.,5
911,Eastern Yellow Wagtail,Motacilla tschutschensis,Wagtails and Pipits (Motacillidae),yes,strict_safe_ab,xeno-canto,global,XC930657,https://xeno-canto.org/930657,https://xeno-canto.org/930657/download,CC BY-SA 4.0,https://creativecommons.org/licenses/by-sa/4.0/,B,Jochem Verweij,flight call,yes,yes,yes,no,high,Exact scientific-name match from Xeno-canto with commercial-safe Creative Commons license.,2
21,Egyptian Goose,Alopochen aegyptiaca,"Ducks, Geese, and Swans (Anatidae)",yes,strict_safe_ab,xeno-canto,global,XC918822,https://xeno-canto.org/918822,https://xeno-canto.org/918822/download,CC0-1.0,https://creativecommons.org/publicdomain/zero/1.0/,A,Sonothèque ADVL,flight call,yes,yes,no,no,high,Exact scientific-name match from Xeno-canto with commercial-safe Creative Commons license.,3
360,Elegant Tern,Thalasseus elegans,"Gulls, Terns, and Skimmers (Laridae)",no,missing,,,,,,,,,,,,,,,,,0
585,Elegant Trogon,Trogon elegans,Trogons (Trogonidae),yes,strict_safe_ab,xeno-canto,americas,XC1005233,https://xeno-canto.org/1005233,https://xeno-canto.org/1005233/download,CC BY-SA 4.0,https://creativecommons.org/licenses/by-sa/4.0/,A,Ryan Douglas,,yes,yes,yes,no,high,Exact scientific-name match from Xeno-canto with commercial-safe Creative Commons license.,1
573,Elf Owl,Micrathene whitneyi,Typical Owls (Strigidae),yes,strict_safe_ab,xeno-canto,americas,XC1005246,https://xeno-canto.org/1005246,https://xeno-canto.org/1005246/download,CC BY-SA 4.0,https://creativecommons.org/licenses/by-sa/4.0/,A,Ryan Douglas,,yes,yes,yes,no,high,Exact scientific-name match from Xeno-canto with commercial-safe Creative Commons license.,5
3,Emperor Goose,Anser canagicus,"Ducks, Geese, and Swans (Anatidae)",yes,strict_safe_commons_exact,Wikimedia Commons,exact scientific-name audio search,61390670,https://commons.wikimedia.org/wiki/File:De-Kaisergans.ogg,https://upload.wikimedia.org/wikipedia/commons/2/22/De-Kaisergans.ogg?utm_source=commons.wikimedia.org&utm_campaign=imageinfo&utm_content=original,CC BY-SA 4.0,https://creativecommons.org/licenses/by-sa/4.0,metadata exact,Jeuwre,bird sound,yes,yes,yes,no,medium-high,Commons audio result with exact scientific-name match and commercial-safe license metadata.,1
101,Erckel's Spurfowl (Francolin),Pternistis erckelii,"Partridges, Grouse, Turkeys, and Old World Quail (Phasianidae)",yes,candidate_safe_research_grade,iNaturalist,research-grade exact taxon sound,iNat observation 341628961 / sound 1794342,https://www.inaturalist.org/observations/341628961,https://static.inaturalist.org/sounds/1794342.mp3?1772858533,CC-BY,https://creativecommons.org/licenses/by/4.0/,research-grade,"(c) Damien Wallace, some rights reserved (CC BY)",bird sound,yes,yes,no,yes,candidate,License-safe iNaturalist research-grade observation with exact taxon match; listen before shipping.,2
244,"Eskimo Curlew (extinct, 1962)",Numenius borealis,"Sandpipers, Phalaropes, and Allies (Scolopacidae)",no,missing,,,,,,,,,,,,,,,,,0
587,Eurasian (Common) Hoopoe,Upupa epops,Hoopoes (Upupidae),yes,strict_safe_ab,xeno-canto,global,XC881187,https://xeno-canto.org/881187,https://xeno-canto.org/881187/download,CC BY 4.0,https://creativecommons.org/licenses/by/4.0/,A,Latal,song,yes,yes,no,no,high,Exact scientific-name match from Xeno-canto with commercial-safe Creative Commons license.,7
202,Eurasian (Common) Moorhen,Gallinula chloropus,"Rails, Gallinules, and Coots (Rallidae)",yes,strict_safe_ab,xeno-canto,global,XC436938,https://xeno-canto.org/436938,https://xeno-canto.org/436938/download,CC BY-SA 4.0,https://creativecommons.org/licenses/by-sa/4.0/,A,Joost van Bruggen,flight call,yes,yes,yes,no,high,Exact scientific-name match from Xeno-canto with commercial-safe Creative Commons license.,43
865,Eurasian Blackbird,Turdus merula,Thrushes (Turdidae),yes,strict_safe_ab,xeno-canto,global,XC797485,https://xeno-canto.org/797485,https://xeno-canto.org/797485/download,CC0-1.0,https://creativecommons.org/publicdomain/zero/1.0/,A,Grégoire Chauvot,song,yes,yes,no,no,high,Exact scientific-name match from Xeno-canto with commercial-safe Creative Commons license.,119
968,Eurasian Bullfinch,Pyrrhula pyrrhula,Fringilline and Cardueline Finches and Allies (Fringillidae),yes,strict_safe_ab,xeno-canto,global,XC815172,https://xeno-canto.org/815172,https://xeno-canto.org/815172/download,CC0-1.0,https://creativecommons.org/publicdomain/zero/1.0/,B,Grégoire Chauvot,song,yes,yes,no,no,high,Exact scientific-name match from Xeno-canto with commercial-safe Creative Commons license.,17
128,Eurasian Collared-Dove,Streptopelia decaocto,Pigeons and Doves (Columbidae),yes,strict_safe_ab,xeno-canto,global,XC1062731,https://xeno-canto.org/1062731,https://xeno-canto.org/1062731/download,CC0-1.0,https://creativecommons.org/publicdomain/zero/1.0/,A,Lionel Triboulin,song,yes,yes,no,no,high,Exact scientific-name match from Xeno-canto with commercial-safe Creative Commons license.,17
203,Eurasian Coot,Fulica atra,"Rails, Gallinules, and Coots (Rallidae)",yes,strict_safe_ab,xeno-canto,global,XC834775,https://xeno-canto.org/834775,https://xeno-canto.org/834775/download,CC0-1.0,https://creativecommons.org/publicdomain/zero/1.0/,A,Grégoire Chauvot,,yes,yes,no,no,high,Exact scientific-name match from Xeno-canto with commercial-safe Creative Commons license.,26
248,Eurasian Curlew,Numenius arquata,"Sandpipers, Phalaropes, and Allies (Scolopacidae)",yes,strict_safe_ab,xeno-canto,global,XC987706,https://xeno-canto.org/987706,https://xeno-canto.org/987706/download,CC0-1.0,https://creativecommons.org/publicdomain/zero/1.0/,B,wilmet sebastien,song,yes,yes,no,no,high,Exact scientific-name match from Xeno-canto with commercial-safe Creative Commons license.,25
223,Eurasian Dotterel,Eudromias morinellus,Lapwings and Plovers (Charadriidae),no,missing,,,,,,,,,,,,,,,,,0
624,Eurasian Hobby,Falco subbuteo,Caracaras and Falcons (Falconidae),yes,strict_safe_ab,xeno-canto,global,XC918541,https://xeno-canto.org/918541,https://xeno-canto.org/918541/download,CC0-1.0,https://creativecommons.org/publicdomain/zero/1.0/,B,Sonothèque ADVL,flight call,yes,yes,no,no,high,Exact scientific-name match from Xeno-canto with commercial-safe Creative Commons license.,8
734,Eurasian Jackdaw,Coloeus monedula,Jays and Crows (Corvidae),yes,strict_safe_ab,xeno-canto,global,XC436939,https://xeno-canto.org/436939,https://xeno-canto.org/436939/download,CC BY-SA 4.0,https://creativecommons.org/licenses/by-sa/4.0/,A,Joost van Bruggen,call,yes,yes,yes,no,high,Exact scientific-name match from Xeno-canto with commercial-safe Creative Commons license.,10
620,Eurasian Kestrel,Falco tinnunculus,Caracaras and Falcons (Falconidae),yes,strict_safe_ab,xeno-canto,global,XC705934,https://xeno-canto.org/705934,https://xeno-canto.org/705934/download,CC0-1.0,https://creativecommons.org/publicdomain/zero/1.0/,A,Sonothèque ADVL,call,yes,yes,no,no,high,Exact scientific-name match from Xeno-canto with commercial-safe Creative Commons license.,12
216,Eurasian Oystercatcher,Haematopus ostralegus,Oystercatchers (Haematopodidae),yes,strict_safe_ab,xeno-canto,global,XC561038,https://xeno-canto.org/561038,https://xeno-canto.org/561038/download,CC BY-SA 4.0,https://creativecommons.org/licenses/by-sa/4.0/,A,Olivier Grimm,song,yes,yes,yes,no,high,Exact scientific-name match from Xeno-canto with commercial-safe Creative Commons license.,18
983,Eurasian Siskin,Spinus spinus,Fringilline and Cardueline Finches and Allies (Fringillidae),yes,strict_safe_ab,xeno-canto,global,XC539301,https://xeno-canto.org/539301,https://xeno-canto.org/539301/download,CC BY-SA 4.0,https://creativecommons.org/licenses/by-sa/4.0/,B,Benoît Van Hecke,call,yes,yes,yes,no,high,Exact scientific-name match from Xeno-canto with commercial-safe Creative Commons license.,8
754,Eurasian Skylark,Alauda arvensis,Larks (Alaudidae),yes,strict_safe_ab,xeno-canto,global,XC1091835,https://xeno-canto.org/1091835,https://xeno-canto.org/1091835/download,CC BY 4.0,https://creativecommons.org/licenses/by/4.0/,A,Noé Ferrari,"call, flight call",yes,yes,no,no,high,Exact scientific-name match from Xeno-canto with commercial-safe Creative Commons license.,20
533,Eurasian Sparrowhawk,Accipiter nisus,"Hawks, Kites, Eagles, and Allies (Accipitridae)",yes,strict_safe_ab,xeno-canto,global,XC1041153,https://xeno-canto.org/1041153,https://xeno-canto.org/1041153/download,CC0-1.0,https://creativecommons.org/publicdomain/zero/1.0/,A,Sonothèque ADVL,call,yes,yes,no,no,high,Exact scientific-name match from Xeno-canto with commercial-safe Creative Commons license.,8
910,Eurasian Tree Sparrow,Passer montanus,Old World Sparrows (Passeridae),yes,strict_safe_ab,xeno-canto,global,XC896245,https://xeno-canto.org/896245,https://xeno-canto.org/896245/download,CC BY 4.0,https://creativecommons.org/licenses/by/4.0/,A,Latal,call,yes,yes,no,no,high,Exact scientific-name match from Xeno-canto with commercial-safe Creative Commons license.,15
242,Eurasian Whimbrel (Whimbrel),Numenius phaeopus,"Sandpipers, Phalaropes, and Allies (Scolopacidae)",yes,strict_safe_ab,xeno-canto,global,XC991872,https://xeno-canto.org/991872,https://xeno-canto.org/991872/download,CC BY 4.0,https://creativecommons.org/licenses/by/4.0/,A,Noé Ferrari,flight call,yes,yes,no,no,high,Exact scientific-name match from Xeno-canto with commercial-safe Creative Commons license.,13
32,Eurasian Wigeon,Mareca penelope,"Ducks, Geese, and Swans (Anatidae)",yes,strict_safe_any_quality,xeno-canto,americas,XC507245,https://xeno-canto.org/507245,https://xeno-canto.org/507245/download,CC BY-SA 4.0,https://creativecommons.org/licenses/by-sa/4.0/,C,Bird Boy,song,yes,yes,yes,no,high,Exact scientific-name match from Xeno-canto with commercial-safe Creative Commons license.,1
282,Eurasian Woodcock,Scolopax rusticola,"Sandpipers, Phalaropes, and Allies (Scolopacidae)",yes,strict_safe_ab,xeno-canto,global,XC1105611,https://xeno-canto.org/1105611,https://xeno-canto.org/1105611/download,CC0-1.0,https://creativecommons.org/publicdomain/zero/1.0/,A,Kevin Guille,song,yes,yes,no,no,high,Exact scientific-name match from Xeno-canto with commercial-safe Creative Commons license.,12
592,Eurasian Wryneck,Jynx torquilla,Woodpeckers and Allies (Picidae),yes,strict_safe_ab,xeno-canto,global,XC1103098,https://xeno-canto.org/1103098,https://xeno-canto.org/1103098/download,CC BY-SA 4.0,https://creativecommons.org/licenses/by-sa/4.0/,B,Robert Petersen,song,yes,yes,yes,no,high,Exact scientific-name match from Xeno-canto with commercial-safe Creative Commons license.,5
220,European Golden-Plover,Pluvialis apricaria,Lapwings and Plovers (Charadriidae),yes,strict_safe_ab,xeno-canto,global,XC132878,https://xeno-canto.org/132878,https://xeno-canto.org/132878/download,CC BY-SA 3.0,https://creativecommons.org/licenses/by-sa/3.0/,A,Bushman,call,yes,yes,yes,no,high,Exact scientific-name match from Xeno-canto with commercial-safe Creative Commons license.,27
982,European Goldfinch,Carduelis carduelis,Fringilline and Cardueline Finches and Allies (Fringillidae),yes,strict_safe_ab,xeno-canto,global,XC797484,https://xeno-canto.org/797484,https://xeno-canto.org/797484/download,CC0-1.0,https://creativecommons.org/publicdomain/zero/1.0/,A,Grégoire Chauvot,song,yes,yes,no,no,high,Exact scientific-name match from Xeno-canto with commercial-safe Creative Commons license.,17
385,European Herring Gull,Larus argentatus,"Gulls, Terns, and Skimmers (Laridae)",yes,strict_safe_ab,xeno-canto,global,XC976583,https://xeno-canto.org/976583,https://xeno-canto.org/976583/download,CC BY-SA 4.0,https://creativecommons.org/licenses/by-sa/4.0/,A,Tanguy Loïs,"call, song",yes,yes,yes,no,high,Exact scientific-name match from Xeno-canto with commercial-safe Creative Commons license.,13
884,European Robin,Erithacus rubecula,Old World Flycatchers (Muscicapidae),yes,strict_safe_ab,xeno-canto,global,XC527484,https://xeno-canto.org/527484,https://xeno-canto.org/527484/download,CC BY-SA 4.0,https://creativecommons.org/licenses/by-sa/4.0/,A,Benoît Van Hecke,song,yes,yes,yes,no,high,Exact scientific-name match from Xeno-canto with commercial-safe Creative Commons license.,105
842,European Starling,Sturnus vulgaris,Starlings (Sturnidae),yes,strict_safe_ab,xeno-canto,global,XC934628,https://xeno-canto.org/934628,https://xeno-canto.org/934628/download,CC0-1.0,https://creativecommons.org/publicdomain/zero/1.0/,A,Sonothèque ADVL,call,yes,yes,no,no,high,Exact scientific-name match from Xeno-canto with commercial-safe Creative Commons license.,54
418,European Storm-Petrel,Hydrobates pelagicus,Northern Storm-Petrels (Hydrobatidae),yes,strict_safe_commons_exact,Wikimedia Commons,exact scientific-name audio search,44609694,https://commons.wikimedia.org/wiki/File:Storm_Petrel_(Hydrobates_pelagicus)_(W1CDR0001395_BD7).ogg,https://upload.wikimedia.org/wikipedia/commons/3/3c/Storm_Petrel_%28Hydrobates_pelagicus%29_%28W1CDR0001395_BD7%29.ogg?utm_source=commons.wikimedia.org&utm_campaign=imageinfo&utm_content=original,CC BY-SA 4.0,https://creativecommons.org/licenses/by-sa/4.0,metadata exact,,bird sound,yes,yes,yes,no,medium-high,Commons audio result with exact scientific-name match and commercial-safe license metadata.,3
127,European Turtle-Dove,Streptopelia turtur,Pigeons and Doves (Columbidae),yes,strict_safe_ab,xeno-canto,global,XC730616,https://xeno-canto.org/730616,https://xeno-canto.org/730616/download,CC0-1.0,https://creativecommons.org/publicdomain/zero/1.0/,A,Sonothèque ADVL,song,yes,yes,no,no,high,Exact scientific-name match from Xeno-canto with commercial-safe Creative Commons license.,8
924,Evening Grosbeak,Coccothraustes vespertinus,Fringilline and Cardueline Finches and Allies (Fringillidae),no,missing,,,,,,,,,,,,,,,,,0
866,Eyebrowed Thrush,Turdus obscurus,Thrushes (Turdidae),yes,strict_safe_ab,xeno-canto,global,XC932388,https://xeno-canto.org/932388,https://xeno-canto.org/932388/download,CC BY-SA 4.0,https://creativecommons.org/licenses/by-sa/4.0/,B,Jochem Verweij,nocturnal flight call,yes,yes,yes,no,high,Exact scientific-name match from Xeno-canto with commercial-safe Creative Commons license.,1
31,Falcated Duck,Mareca falcata,"Ducks, Geese, and Swans (Anatidae)",no,missing,,,,,,,,,,,,,,,,,0
1126,Fan-tailed Warbler,Basileuterus lachrymosus (Euthlypis lachrymosa),Wood-Warblers (Parulidae),no,missing,,,,,,,,,,,,,,,,,0
246,Far Eastern Curlew,Numenius madagascariensis,"Sandpipers, Phalaropes, and Allies (Scolopacidae)",no,missing,,,,,,,,,,,,,,,,,0
560,Ferruginous Hawk,Buteo regalis,"Hawks, Kites, Eagles, and Allies (Accipitridae)",no,missing,,,,,,,,,,,,,,,,,0
572,Ferruginous Pygmy-Owl,Glaucidium brasilianum,Typical Owls (Strigidae),yes,strict_safe_ab,xeno-canto,americas,XC893843,https://xeno-canto.org/893843,https://xeno-canto.org/893843/download,CC BY-SA 4.0,https://creativecommons.org/licenses/by-sa/4.0/,A,steve,"song, subsong",yes,yes,yes,no,high,Exact scientific-name match from Xeno-canto with commercial-safe Creative Commons license.,9
1017,Field Sparrow,Spizella pusilla,Towhees and Sparrows (Passerellidae),yes,strict_safe_ab,xeno-canto,americas,XC143627,https://xeno-canto.org/143627,https://xeno-canto.org/143627/download,CC BY-SA 3.0,https://creativecommons.org/licenses/by-sa/3.0/,A,Jonathon Jongsma,song,yes,yes,yes,no,high,Exact scientific-name match from Xeno-canto with commercial-safe Creative Commons license.,8
869,Fieldfare,Turdus pilaris,Thrushes (Turdidae),yes,strict_safe_ab,xeno-canto,global,XC834617,https://xeno-canto.org/834617,https://xeno-canto.org/834617/download,CC0-1.0,https://creativecommons.org/publicdomain/zero/1.0/,B,Grégoire Chauvot,song,yes,yes,no,no,high,Exact scientific-name match from Xeno-canto with commercial-safe Creative Commons license.,11
737,Fish Crow,Corvus ossifragus,Jays and Crows (Corvidae),yes,strict_safe_ab,xeno-canto,americas,XC884704,https://xeno-canto.org/884704,https://xeno-canto.org/884704/download,CC BY-SA 4.0,https://creativecommons.org/licenses/by-sa/4.0/,B,steve,"call, flight call",yes,yes,yes,no,high,Exact scientific-name match from Xeno-canto with commercial-safe Creative Commons license.,2
1010,Five-striped Sparrow,Amphispizopsis quinquestriata,Towhees and Sparrows (Passerellidae),yes,candidate_safe_research_grade,iNaturalist,research-grade exact taxon sound,iNat observation 335224017 / sound 1744627,https://www.inaturalist.org/observations/335224017,https://static.inaturalist.org/sounds/1744627.mp3?1768750382,CC-BY,https://creativecommons.org/licenses/by/4.0/,research-grade,"(c) Guy Babineau, some rights reserved (CC BY)",bird sound,yes,yes,no,yes,candidate,License-safe iNaturalist research-grade observation with exact taxon match; listen before shipping.,1
1138,Flame-colored Tanager,Piranga bidentata,"Cardinals, Piranga Tanagers and Allies (Cardinalidae)",no,missing,,,,,,,,,,,,,,,,,0
564,Flammulated Owl,Psiloscops flammeolus,Typical Owls (Strigidae),yes,strict_safe_any_quality,xeno-canto,americas,XC845251,https://xeno-canto.org/845251,https://xeno-canto.org/845251/download,CC BY-SA 4.0,https://creativecommons.org/licenses/by-sa/4.0/,D,David Vargas,song,yes,yes,yes,no,high,Exact scientific-name match from Xeno-canto with commercial-safe Creative Commons license.,1
466,Flesh-footed Shearwater,Ardenna carneipes,Shearwaters and Petrels (Procellariidae),yes,candidate_safe_research_grade,iNaturalist,research-grade exact taxon sound,iNat observation 40784586 / sound 64145,https://www.inaturalist.org/observations/40784586,https://static.inaturalist.org/sounds/64145.mp3?1585262784,CC-BY,https://creativecommons.org/licenses/by/4.0/,research-grade,"(c) Spencer McIntyre, some rights reserved (CC BY)",bird sound,yes,yes,no,yes,candidate,License-safe iNaturalist research-grade observation with exact taxon match; listen before shipping.,1
726,Florida Scrub-Jay,Aphelocoma coerulescens,Jays and Crows (Corvidae),yes,candidate_safe_research_grade,iNaturalist,research-grade exact taxon sound,iNat observation 335215175 / sound 1744397,https://www.inaturalist.org/observations/335215175,https://static.inaturalist.org/sounds/1744397.mp3?1768746544,CC-BY,https://creativecommons.org/licenses/by/4.0/,research-grade,"(c) Guy Babineau, some rights reserved (CC BY)",bird sound,yes,yes,no,yes,candidate,License-safe iNaturalist research-grade observation with exact taxon match; listen before shipping.,9
673,Fork-tailed Flycatcher,Tyrannus savana,Tyrant Flycatchers (Tyrannidae),yes,strict_safe_ab,xeno-canto,americas,XC112746,https://xeno-canto.org/112746,https://xeno-canto.org/112746/download,CC BY-SA 3.0,https://creativecommons.org/licenses/by-sa/3.0/,A,Niels Krabbe,dawn song,yes,yes,yes,no,high,Exact scientific-name match from Xeno-canto with commercial-safe Creative Commons license.,1
419,Fork-tailed Storm-Petrel,Hydrobates furcatus,Northern Storm-Petrels (Hydrobatidae),no,missing,,,,,,,,,,,,,,,,,0
356,Forster's Tern,Sterna forsteri,"Gulls, Terns, and Skimmers (Laridae)",yes,strict_safe_ab,xeno-canto,americas,XC135967,https://xeno-canto.org/135967,https://xeno-canto.org/135967/download,CC BY-SA 3.0,https://creativecommons.org/licenses/by-sa/3.0/,B,Jonathon Jongsma,call,yes,yes,yes,no,high,Exact scientific-name match from Xeno-canto with commercial-safe Creative Commons license.,1
1020,Fox Sparrow,Passerella iliaca,Towhees and Sparrows (Passerellidae),yes,strict_safe_ab,xeno-canto,americas,XC613533,https://xeno-canto.org/613533,https://xeno-canto.org/613533/download,CC BY-SA 4.0,https://creativecommons.org/licenses/by-sa/4.0/,A,Doug Hynes,song,yes,yes,yes,no,high,Exact scientific-name match from Xeno-canto with commercial-safe Creative Commons license.,7
374,Franklin's Gull,Leucophaeus pipixcan,"Gulls, Terns, and Skimmers (Laridae)",yes,candidate_safe_research_grade,iNaturalist,research-grade exact taxon sound,iNat observation 357264958 / sound 1918112,https://www.inaturalist.org/observations/357264958,https://static.inaturalist.org/sounds/1918112.m4a?1777661523,CC0,https://creativecommons.org/publicdomain/zero/1.0/,research-grade,no rights reserved,bird sound,yes,yes,no,yes,candidate,License-safe iNaturalist research-grade observation with exact taxon match; listen before shipping.,30
2,Fulvous Whistling-Duck,Dendrocygna bicolor,"Ducks, Geese, and Swans (Anatidae)",yes,candidate_safe_research_grade,iNaturalist,research-grade exact taxon sound,iNat observation 335093140 / sound 1743351,https://www.inaturalist.org/observations/335093140,https://static.inaturalist.org/sounds/1743351.mp3?1768672774,CC-BY,https://creativecommons.org/licenses/by/4.0/,research-grade,"(c) Guy Babineau, some rights reserved (CC BY)",bird sound,yes,yes,no,yes,candidate,License-safe iNaturalist research-grade observation with exact taxon match; listen before shipping.,12
30,Gadwall,Mareca strepera,"Ducks, Geese, and Swans (Anatidae)",yes,strict_safe_ab,xeno-canto,global,XC730776,https://xeno-canto.org/730776,https://xeno-canto.org/730776/download,CC0-1.0,https://creativecommons.org/publicdomain/zero/1.0/,B,Sonothèque ADVL,song,yes,yes,no,no,high,Exact scientific-name match from Xeno-canto with commercial-safe Creative Commons license.,4
77,Gambel's Quail,Callipepla gambelii,New World Quail (Odontophoridae),yes,candidate_safe_research_grade,iNaturalist,research-grade exact taxon sound,iNat observation 326764606 / sound 1695456,https://www.inaturalist.org/observations/326764606,https://static.inaturalist.org/sounds/1695456.m4a?1763288184,CC-BY,https://creativecommons.org/licenses/by/4.0/,research-grade,"(c) harrier, some rights reserved (CC BY)",bird sound,yes,yes,no,yes,candidate,License-safe iNaturalist research-grade observation with exact taxon match; listen before shipping.,22
26,Garganey,Spatula querquedula,"Ducks, Geese, and Swans (Anatidae)",yes,strict_safe_ab,xeno-canto,global,XC730604,https://xeno-canto.org/730604,https://xeno-canto.org/730604/download,CC0-1.0,https://creativecommons.org/publicdomain/zero/1.0/,B,Sonothèque ADVL,song,yes,yes,no,no,high,Exact scientific-name match from Xeno-canto with commercial-safe Creative Commons license.,4
596,Gila Woodpecker,Melanerpes uropygialis,Woodpeckers and Allies (Picidae),yes,candidate_safe_research_grade,iNaturalist,research-grade exact taxon sound,iNat observation 305832183 / sound 1602263,https://www.inaturalist.org/observations/305832183,https://static.inaturalist.org/sounds/1602263.wav?1755023298,CC-BY,https://creativecommons.org/licenses/by/4.0/,research-grade,"(c) nebrooks, some rights reserved (CC BY)",bird sound,yes,yes,no,yes,candidate,License-safe iNaturalist research-grade observation with exact taxon match; listen before shipping.,34
614,Gilded Flicker,Colaptes chrysoides,Woodpeckers and Allies (Picidae),yes,candidate_safe_research_grade,iNaturalist,research-grade exact taxon sound,iNat observation 166856762 / sound 734564,https://www.inaturalist.org/observations/166856762,https://static.inaturalist.org/sounds/734564.mp3?1686507506,CC-BY,https://creativecommons.org/licenses/by/4.0/,research-grade,"(c) Rajan Rao, some rights reserved (CC BY)",bird sound,yes,yes,no,yes,candidate,License-safe iNaturalist research-grade observation with exact taxon match; listen before shipping.,1
393,Glaucous Gull,Larus hyperboreus,"Gulls, Terns, and Skimmers (Laridae)",yes,strict_safe_commons_exact,Wikimedia Commons,exact scientific-name audio search,55918619,https://commons.wikimedia.org/wiki/File:De-Eism%C3%B6we.ogg,https://upload.wikimedia.org/wikipedia/commons/0/06/De-Eism%C3%B6we.ogg?utm_source=commons.wikimedia.org&utm_campaign=imageinfo&utm_content=original,CC BY-SA 4.0,https://creativecommons.org/licenses/by-sa/4.0,metadata exact,Jeuwre,bird sound,yes,yes,yes,no,medium-high,Commons audio result with exact scientific-name match and commercial-safe license metadata.,1
392,Glaucous-winged Gull,Larus glaucescens,"Gulls, Terns, and Skimmers (Laridae)",yes,candidate_safe_research_grade,iNaturalist,research-grade exact taxon sound,iNat observation 329641714 / sound 1709873,https://www.inaturalist.org/observations/329641714,https://static.inaturalist.org/sounds/1709873.wav?1764988095,CC-BY,https://creativecommons.org/licenses/by/4.0/,research-grade,"(c) Liam Steele, some rights reserved (CC BY)",bird sound,yes,yes,no,yes,candidate,License-safe iNaturalist research-grade observation with exact taxon match; listen before shipping.,5
495,Glossy Ibis,Plegadis falcinellus,Ibises and Spoonbills (Threskiornithidae),yes,strict_safe_ab,xeno-canto,global,XC1047907,https://xeno-canto.org/1047907,https://xeno-canto.org/1047907/download,CC0-1.0,https://creativecommons.org/publicdomain/zero/1.0/,A,Sonothèque ADVL,flight call,yes,yes,no,no,high,Exact scientific-name match from Xeno-canto with commercial-safe Creative Commons license.,3
529,Golden Eagle,Aquila chrysaetos,"Hawks, Kites, Eagles, and Allies (Accipitridae)",yes,strict_safe_commons_exact,Wikimedia Commons,exact scientific-name audio search,18003351,https://commons.wikimedia.org/wiki/File:Golden_eagle.ogg,https://upload.wikimedia.org/wikipedia/commons/4/46/Golden_eagle.ogg?utm_source=commons.wikimedia.org&utm_campaign=imageinfo&utm_content=original,CC BY 3.0,https://creativecommons.org/licenses/by/3.0,metadata exact,Bubulcus,bird sound,yes,yes,no,no,medium-high,Commons audio result with exact scientific-name match and commercial-safe license metadata.,3
1124,Golden-cheeked Warbler,Setophaga chrysoparia,Wood-Warblers (Parulidae),yes,strict_safe_ab,xeno-canto,americas,XC891201,https://xeno-canto.org/891201,https://xeno-canto.org/891201/download,CC BY-SA 4.0,https://creativecommons.org/licenses/by-sa/4.0/,A,steve,song,yes,yes,yes,no,high,Exact scientific-name match from Xeno-canto with commercial-safe Creative Commons license.,1
800,Golden-crowned Kinglet,Regulus satrapa,Kinglets (Regulidae),yes,strict_safe_ab,xeno-canto,americas,XC671806,https://xeno-canto.org/671806,https://xeno-canto.org/671806/download,CC BY-SA 4.0,https://creativecommons.org/licenses/by-sa/4.0/,A,Doug Hynes,song,yes,yes,yes,no,high,Exact scientific-name match from Xeno-canto with commercial-safe Creative Commons license.,5
1025,Golden-crowned Sparrow,Zonotrichia atricapilla,Towhees and Sparrows (Passerellidae),yes,candidate_safe_research_grade,iNaturalist,research-grade exact taxon sound,iNat observation 320062755 / sound 1663855,https://www.inaturalist.org/observations/320062755,https://static.inaturalist.org/sounds/1663855.m4a?1760141734,CC-BY,https://creativecommons.org/licenses/by/4.0/,research-grade,"(c) Emma, some rights reserved (CC BY)",bird sound,yes,yes,no,yes,candidate,License-safe iNaturalist research-grade observation with exact taxon match; listen before shipping.,32
1128,Golden-crowned Warbler,Basileuterus culicivorus,Wood-Warblers (Parulidae),yes,strict_safe_ab,xeno-canto,americas,XC801143,https://xeno-canto.org/801143,https://xeno-canto.org/801143/download,CC0-1.0,https://creativecommons.org/publicdomain/zero/1.0/,A,Rosa Elena Albornoz,song,yes,yes,no,no,high,Exact scientific-name match from Xeno-canto with commercial-safe Creative Commons license.,1
597,Golden-fronted Woodpecker,Melanerpes aurifrons,Woodpeckers and Allies (Picidae),yes,strict_safe_commons_exact,Wikimedia Commons,exact scientific-name audio search,189892644,https://commons.wikimedia.org/wiki/File:La_Pona_(20-04-2026)_-_aves_y_otros_sonidos.wav,https://upload.wikimedia.org/wikipedia/commons/4/43/La_Pona_%2820-04-2026%29_-_aves_y_otros_sonidos.wav?utm_source=commons.wikimedia.org&utm_campaign=imageinfo&utm_content=original,CC BY-SA 4.0,https://creativecommons.org/licenses/by-sa/4.0,metadata exact,Luisalvaz,bird sound,yes,yes,yes,no,medium-high,Commons audio result with exact scientific-name match and commercial-safe license metadata.,2
1082,Golden-winged Warbler,Vermivora chrysoptera,Wood-Warblers (Parulidae),yes,strict_safe_ab,xeno-canto,americas,XC803977,https://xeno-canto.org/803977,https://xeno-canto.org/803977/download,CC BY 4.0,https://creativecommons.org/licenses/by/4.0/,B,Dugan Maynard,song,yes,yes,no,no,high,Exact scientific-name match from Xeno-canto with commercial-safe Creative Commons license.,3
1120,Grace's Warbler,Setophaga graciae,Wood-Warblers (Parulidae),yes,strict_safe_ab,xeno-canto,americas,XC1005241,https://xeno-canto.org/1005241,https://xeno-canto.org/1005241/download,CC BY-SA 4.0,https://creativecommons.org/licenses/by-sa/4.0/,A,Ryan Douglas,song,yes,yes,yes,no,high,Exact scientific-name match from Xeno-canto with commercial-safe Creative Commons license.,2
1008,Grasshopper Sparrow,Ammodramus savannarum,Towhees and Sparrows (Passerellidae),yes,strict_safe_ab,xeno-canto,americas,XC550993,https://xeno-canto.org/550993,https://xeno-canto.org/550993/download,CC BY-SA 4.0,https://creativecommons.org/licenses/by-sa/4.0/,A,Peter Wilton,"call, song",yes,yes,yes,no,high,Exact scientific-name match from Xeno-canto with commercial-safe Creative Commons license.,10
1001,Gray Bunting,Emberiza variabilis,Emberizids (Emberizidae),no,missing,,,,,,,,,,,,,,,,,0
831,Gray Catbird,Dumetella carolinensis,Mockingbirds and Thrashers (Mimidae),yes,strict_safe_ab,xeno-canto,americas,XC1001763,https://xeno-canto.org/1001763,https://xeno-canto.org/1001763/download,CC BY-SA 4.0,https://creativecommons.org/licenses/by-sa/4.0/,A,Jonathon Jongsma,song,yes,yes,yes,no,high,Exact scientific-name match from Xeno-canto with commercial-safe Creative Commons license.,16
686,Gray Flycatcher,Empidonax wrightii,Tyrant Flycatchers (Tyrannidae),yes,candidate_safe_research_grade,iNaturalist,research-grade exact taxon sound,iNat observation 286844412 / sound 1505316,https://www.inaturalist.org/observations/286844412,https://static.inaturalist.org/sounds/1505316.m4a?1749058861,CC-BY,https://creativecommons.org/licenses/by/4.0/,research-grade,"(c) Sean Vanderluit, some rights reserved (CC BY)",bird sound,yes,yes,no,yes,candidate,License-safe iNaturalist research-grade observation with exact taxon match; listen before shipping.,5
96,Gray Francolin,Ortygornis pondicerianus,"Partridges, Grouse, Turkeys, and Old World Quail (Phasianidae)",yes,strict_safe_ab,xeno-canto,global,XC129278,https://xeno-canto.org/129278,https://xeno-canto.org/129278/download,CC BY-SA 3.0,https://creativecommons.org/licenses/by-sa/3.0/,B,Sudipto Roy,"call, song",yes,yes,yes,no,high,Exact scientific-name match from Xeno-canto with commercial-safe Creative Commons license.,1
372,Gray Gull,Leucophaeus modestus,"Gulls, Terns, and Skimmers (Laridae)",no,missing,,,,,,,,,,,,,,,,,0
551,Gray Hawk,Buteo plagiatus,"Hawks, Kites, Eagles, and Allies (Accipitridae)",no,missing,,,,,,,,,,,,,,,,,0
519,Gray Heron,Ardea cinerea,"Bitterns, Herons, and Allies (Ardeidae)",yes,strict_safe_ab,xeno-canto,global,XC610467,https://xeno-canto.org/610467,https://xeno-canto.org/610467/download,CC BY-SA 4.0,https://creativecommons.org/licenses/by-sa/4.0/,A,Jens Loose,nocturnal flight call,yes,yes,yes,no,high,Exact scientific-name match from Xeno-canto with commercial-safe Creative Commons license.,42
670,Gray Kingbird,Tyrannus dominicensis,Tyrant Flycatchers (Tyrannidae),yes,strict_safe_ab,xeno-canto,americas,XC1047425,https://xeno-canto.org/1047425,https://xeno-canto.org/1047425/download,CC0-1.0,https://creativecommons.org/publicdomain/zero/1.0/,A,Rosa Elena Albornoz @rosaelena_naturaleza,call,yes,yes,no,no,high,Exact scientific-name match from Xeno-canto with commercial-safe Creative Commons license.,1
151,Gray Nightjar,Caprimulgus jotaka,Goatsuckers (Caprimulgidae),no,missing,,,,,,,,,,,,,,,,,0
92,Gray Partridge,Perdix perdix,"Partridges, Grouse, Turkeys, and Old World Quail (Phasianidae)",yes,strict_safe_ab,xeno-canto,global,XC906048,https://xeno-canto.org/906048,https://xeno-canto.org/906048/download,CC BY-SA 4.0,https://creativecommons.org/licenses/by-sa/4.0/,A,Jochem Verweij,song,yes,yes,yes,no,high,Exact scientific-name match from Xeno-canto with commercial-safe Creative Commons license.,6
803,Gray Silky-flycatcher,Ptiliogonys cinereus,Silky-flycatchers (Ptiliogonatidae),yes,candidate_safe_research_grade,iNaturalist,research-grade exact taxon sound,iNat observation 348080100 / sound 1845902,https://www.inaturalist.org/observations/348080100,https://static.inaturalist.org/sounds/1845902.wav?1775576305,CC-BY,https://creativecommons.org/licenses/by/4.0/,research-grade,"(c) nebrooks, some rights reserved (CC BY)",bird sound,yes,yes,no,yes,candidate,License-safe iNaturalist research-grade observation with exact taxon match; listen before shipping.,2
700,Gray Vireo,Vireo vicinior,Vireos (Vireonidae),yes,strict_safe_ab,xeno-canto,americas,XC334409,https://xeno-canto.org/334409,https://xeno-canto.org/334409/download,CC BY-SA 4.0,https://creativecommons.org/licenses/by-sa/4.0/,A,Scott Gravette,song,yes,yes,yes,no,high,Exact scientific-name match from Xeno-canto with commercial-safe Creative Commons license.,2
913,Gray Wagtail,Motacilla cinerea,Wagtails and Pipits (Motacillidae),yes,strict_safe_ab,xeno-canto,global,XC707276,https://xeno-canto.org/707276,https://xeno-canto.org/707276/download,CC0-1.0,https://creativecommons.org/publicdomain/zero/1.0/,A,Sonothèque ADVL,flight call,yes,yes,no,no,high,Exact scientific-name match from Xeno-canto with commercial-safe Creative Commons license.,16
341,Gray-backed Tern,Onychoprion lunatus,"Gulls, Terns, and Skimmers (Laridae)",no,missing,,,,,,,,,,,,,,,,,0
775,Gray-breasted Martin,Progne chalybea,Swallows (Hirundinidae),yes,strict_safe_ab,xeno-canto,americas,XC243000,https://xeno-canto.org/243000,https://xeno-canto.org/243000/download,CC BY-SA 4.0,https://creativecommons.org/licenses/by-sa/4.0/,A,Niels Krabbe,"call, calls",yes,yes,yes,no,high,Exact scientific-name match from Xeno-canto with commercial-safe Creative Commons license.,4
859,Gray-cheeked Thrush,Catharus minimus,Thrushes (Turdidae),yes,candidate_safe_research_grade,iNaturalist,research-grade exact taxon sound,iNat observation 316935319 / sound 1649947,https://www.inaturalist.org/observations/316935319,https://static.inaturalist.org/sounds/1649947.wav?1758970184,CC-BY,https://creativecommons.org/licenses/by/4.0/,research-grade,"(c) Dan MacNeal, some rights reserved (CC BY)",bird sound,yes,yes,no,yes,candidate,License-safe iNaturalist research-grade observation with exact taxon match; listen before shipping.,15
646,Gray-collared Becard,Pachyramphus major,"Becards, Tityras, and Allies (Tityridae)",no,missing,,,,,,,,,,,,,,,,,0
970,Gray-crowned Rosy-Finch,Leucosticte tephrocotis,Fringilline and Cardueline Finches and Allies (Fringillidae),no,missing,,,,,,,,,,,,,,,,,0
1095,Gray-crowned Yellowthroat,Geothlypis poliocephala,Wood-Warblers (Parulidae),no,missing,,,,,,,,,,,,,,,,,0
433,Gray-faced Petrel,Pterodroma gouldi,Shearwaters and Petrels (Procellariidae),no,missing,,,,,,,,,,,,,,,,,0
207,Gray-headed (Purple) Swamphen,Porphyrio poliocephalus (porphyrio),"Rails, Gallinules, and Coots (Rallidae)",no,missing,,,,,,,,,,,,,,,,,0
748,Gray-headed Chickadee,Poecile cinctus,Chickadees and Titmice (Paridae),no,missing,,,,,,,,,,,,,,,,,0
368,Gray-hooded Gull,Chroicocephalus cirrocephalus,"Gulls, Terns, and Skimmers (Laridae)",yes,candidate_safe_research_grade,iNaturalist,research-grade exact taxon sound,iNat observation 316953044 / sound 1650049,https://www.inaturalist.org/observations/316953044,https://static.inaturalist.org/sounds/1650049.m4a?1758977406,CC-BY,https://creativecommons.org/licenses/by/4.0/,research-grade,"(c) Joaquín, some rights reserved (CC BY)",bird sound,yes,yes,no,yes,candidate,License-safe iNaturalist research-grade observation with exact taxon match; listen before shipping.,7
879,Gray-streaked Flycatcher,Muscicapa griseisticta,Old World Flycatchers (Muscicapidae),no,missing,,,,,,,,,,,,,,,,,0
293,Gray-tailed Tattler,Tringa brevipes,"Sandpipers, Phalaropes, and Allies (Scolopacidae)",yes,candidate_safe_research_grade,iNaturalist,research-grade exact taxon sound,iNat observation 149831214 / sound 605481,https://www.inaturalist.org/observations/149831214,https://static.inaturalist.org/sounds/605481.wav?1677515516,CC-BY-SA,https://creativecommons.org/licenses/by-sa/4.0/,research-grade,"(c) Thibaud Aronson, some rights reserved (CC BY-SA)",bird sound,yes,yes,yes,yes,candidate,License-safe iNaturalist research-grade observation with exact taxon match; listen before shipping.,1
6,Graylag Goose,Anser anser,"Ducks, Geese, and Swans (Anatidae)",yes,strict_safe_ab,xeno-canto,global,XC834777,https://xeno-canto.org/834777,https://xeno-canto.org/834777/download,CC0-1.0,https://creativecommons.org/publicdomain/zero/1.0/,A,Grégoire Chauvot,,yes,yes,no,no,high,Exact scientific-name match from Xeno-canto with commercial-safe Creative Commons license.,16
316,"Great Auk (extinct, 1844)",Pinguinus impennis,"Auks, Murres, and Puffins (Alcidae)",yes,strict_safe_commons_exact,Wikimedia Commons,exact scientific-name audio search,78033835,https://commons.wikimedia.org/wiki/File:De-Riesenalk.ogg,https://upload.wikimedia.org/wikipedia/commons/1/1d/De-Riesenalk.ogg?utm_source=commons.wikimedia.org&utm_campaign=imageinfo&utm_content=original,CC BY-SA 4.0,https://creativecommons.org/licenses/by-sa/4.0,metadata exact,Jeuwre,bird sound,yes,yes,yes,no,medium-high,Commons audio result with exact scientific-name match and commercial-safe license metadata.,1
547,Great Black Hawk,Buteogallus urubitinga,"Hawks, Kites, Eagles, and Allies (Accipitridae)",yes,strict_safe_any_quality,xeno-canto,americas,XC250550,https://xeno-canto.org/250550,https://xeno-canto.org/250550/download,CC BY-SA 4.0,https://creativecommons.org/licenses/by-sa/4.0/,C,Niels Krabbe,flight call,yes,yes,yes,no,high,Exact scientific-name match from Xeno-canto with commercial-safe Creative Commons license.,1
394,Great Black-backed Gull,Larus marinus,"Gulls, Terns, and Skimmers (Laridae)",yes,strict_safe_ab,xeno-canto,americas,XC671334,https://xeno-canto.org/671334,https://xeno-canto.org/671334/download,CC BY-SA 4.0,https://creativecommons.org/licenses/by-sa/4.0/,A,Doug Hynes,call,yes,yes,yes,no,high,Exact scientific-name match from Xeno-canto with commercial-safe Creative Commons license.,1
520,Great Blue Heron,Ardea herodias,"Bitterns, Herons, and Allies (Ardeidae)",yes,strict_safe_ab,xeno-canto,americas,XC991513,https://xeno-canto.org/991513,https://xeno-canto.org/991513/download,CC BY-SA 4.0,https://creativecommons.org/licenses/by-sa/4.0/,A,Doug Hynes,uncertain,yes,yes,yes,no,high,Exact scientific-name match from Xeno-canto with commercial-safe Creative Commons license.,1
490,Great Cormorant,Phalacrocorax carbo,Cormorants (Phalacrocoracidae),yes,strict_safe_ab,xeno-canto,global,XC1059525,https://xeno-canto.org/1059525,https://xeno-canto.org/1059525/download,CC0-1.0,https://creativecommons.org/publicdomain/zero/1.0/,A,Sonothèque ADVL,call,yes,yes,no,no,high,Exact scientific-name match from Xeno-canto with commercial-safe Creative Commons license.,4
655,Great Crested Flycatcher,Myiarchus crinitus,Tyrant Flycatchers (Tyrannidae),yes,strict_safe_ab,xeno-canto,americas,XC137719,https://xeno-canto.org/137719,https://xeno-canto.org/137719/download,CC BY-SA 3.0,https://creativecommons.org/licenses/by-sa/3.0/,A,Jonathon Jongsma,song,yes,yes,yes,no,high,Exact scientific-name match from Xeno-canto with commercial-safe Creative Commons license.,4
358,Great Crested Tern,Thalasseus bergii,"Gulls, Terns, and Skimmers (Laridae)",yes,strict_safe_ab,xeno-canto,global,XC676928,https://xeno-canto.org/676928,https://xeno-canto.org/676928/download,CC BY-SA 4.0,https://creativecommons.org/licenses/by-sa/4.0/,B,Manoj Karingamadathil,flight call,yes,yes,yes,no,high,Exact scientific-name match from Xeno-canto with commercial-safe Creative Commons license.,1
515,Great Egret,Ardea alba,"Bitterns, Herons, and Allies (Ardeidae)",yes,strict_safe_ab,xeno-canto,americas,XC131650,https://xeno-canto.org/131650,https://xeno-canto.org/131650/download,CC BY-SA 3.0,https://creativecommons.org/licenses/by-sa/3.0/,B,Jonathon Jongsma,call,yes,yes,yes,no,high,Exact scientific-name match from Xeno-canto with commercial-safe Creative Commons license.,1
478,Great Frigatebird,Fregata minor,Frigatebirds (Fregatidae),no,missing,,,,,,,,,,,,,,,,,0
578,Great Gray Owl,Strix nebulosa,Typical Owls (Strigidae),yes,strict_safe_ab,xeno-canto,global,XC986000,https://xeno-canto.org/986000,https://xeno-canto.org/986000/download,CC BY-SA 4.0,https://creativecommons.org/licenses/by-sa/4.0/,B,Robert Petersen,song,yes,yes,yes,no,high,Exact scientific-name match from Xeno-canto with commercial-safe Creative Commons license.,3
568,Great Horned Owl,Bubo virginianus,Typical Owls (Strigidae),yes,strict_safe_ab,xeno-canto,americas,XC450919,https://xeno-canto.org/450919,https://xeno-canto.org/450919/download,CC BY-SA 4.0,https://creativecommons.org/licenses/by-sa/4.0/,A,Michael &amp; Katie LaTour,call,yes,yes,yes,no,high,Exact scientific-name match from Xeno-canto with commercial-safe Creative Commons license.,9
658,Great Kiskadee,Pitangus sulphuratus,Tyrant Flycatchers (Tyrannidae),yes,strict_safe_ab,xeno-canto,americas,XC1028419,https://xeno-canto.org/1028419,https://xeno-canto.org/1028419/download,CC0-1.0,https://creativecommons.org/publicdomain/zero/1.0/,A,Gean Carlo Valdés,"call, song",yes,yes,no,no,high,Exact scientific-name match from Xeno-canto with commercial-safe Creative Commons license.,29
255,Great Knot,Calidris tenuirostris,"Sandpipers, Phalaropes, and Allies (Scolopacidae)",no,missing,,,,,,,,,,,,,,,,,0
464,Great Shearwater,Ardenna gravis,Shearwaters and Petrels (Procellariidae),no,missing,,,,,,,,,,,,,,,,,0
307,Great Skua,Stercorarius skua,Skuas and Jaegers (Stercorariidae),no,missing,,,,,,,,,,,,,,,,,0
605,Great Spotted Woodpecker,Dendrocopos major,Woodpeckers and Allies (Picidae),yes,strict_safe_ab,xeno-canto,global,XC1000836,https://xeno-canto.org/1000836,https://xeno-canto.org/1000836/download,CC0-1.0,https://creativecommons.org/publicdomain/zero/1.0/,B,Christian Kahle,begging call,yes,yes,no,no,high,Exact scientific-name match from Xeno-canto with commercial-safe Creative Commons license.,25
1076,Great-tailed Grackle,Quiscalus mexicanus,Blackbirds (Icteridae),yes,strict_safe_ab,xeno-canto,americas,XC1031260,https://xeno-canto.org/1031260,https://xeno-canto.org/1031260/download,CC0-1.0,https://creativecommons.org/publicdomain/zero/1.0/,A,Gean Carlo Valdés,"call, song",yes,yes,no,no,high,Exact scientific-name match from Xeno-canto with commercial-safe Creative Commons license.,8
961,Greater Amakihi,Viridonia sagittirostris,Fringilline and Cardueline Finches and Allies (Fringillidae),no,missing,,,,,,,,,,,,,,,,,0
938,Greater Koa-Finch,Rhodacanthis palmeri,Fringilline and Cardueline Finches and Allies (Fringillidae),no,missing,,,,,,,,,,,,,,,,,0
796,Greater Necklaced Laughingthrush,Pterorhinus pectoralis,Laughingthrushes (Leiothrichidae),no,missing,,,,,,,,,,,,,,,,,0
676,Greater Pewee,Contopus pertinax,Tyrant Flycatchers (Tyrannidae),yes,candidate_safe_research_grade,iNaturalist,research-grade exact taxon sound,iNat observation 335212205 / sound 1744308,https://www.inaturalist.org/observations/335212205,https://static.inaturalist.org/sounds/1744308.mp3?1768745000,CC-BY,https://creativecommons.org/licenses/by/4.0/,research-grade,"(c) Guy Babineau, some rights reserved (CC BY)",bird sound,yes,yes,no,yes,candidate,License-safe iNaturalist research-grade observation with exact taxon match; listen before shipping.,3
90,Greater Prairie-Chicken,Tympanuchus cupido,"Partridges, Grouse, Turkeys, and Old World Quail (Phasianidae)",yes,candidate_safe_research_grade,iNaturalist,research-grade exact taxon sound,iNat observation 348933693 / sound 1852384,https://www.inaturalist.org/observations/348933693,https://static.inaturalist.org/sounds/1852384.m4a?1775909501,CC-BY,https://creativecommons.org/licenses/by/4.0/,research-grade,"(c) Brandon Corder, some rights reserved (CC BY)",bird sound,yes,yes,no,yes,candidate,License-safe iNaturalist research-grade observation with exact taxon match; listen before shipping.,12
135,Greater Roadrunner,Geococcyx californianus,"Cuckoos, Roadrunners, and Anis (Cuculidae)",yes,strict_safe_commons_exact,Wikimedia Commons,exact scientific-name audio search,4287453,https://commons.wikimedia.org/wiki/File:Roadrunner_Clatter.ogg,https://upload.wikimedia.org/wikipedia/commons/5/5c/Roadrunner_Clatter.ogg?utm_source=commons.wikimedia.org&utm_campaign=imageinfo&utm_content=original,CC BY-SA 3.0,https://creativecommons.org/licenses/by-sa/3.0,metadata exact,Bob DuHamel,bird sound,yes,yes,yes,no,medium-high,Commons audio result with exact scientific-name match and commercial-safe license metadata.,1
85,Greater Sage-Grouse,Centrocercus urophasianus,"Partridges, Grouse, Turkeys, and Old World Quail (Phasianidae)",no,missing,,,,,,,,,,,,,,,,,0
232,Greater Sand-Plover,Anarhynchus leschenaultii,Lapwings and Plovers (Charadriidae),no,missing,,,,,,,,,,,,,,,,,0
49,Greater Scaup,Aythya marila,"Ducks, Geese, and Swans (Anatidae)",yes,strict_safe_commons_exact,Wikimedia Commons,exact scientific-name audio search,144463139,https://commons.wikimedia.org/wiki/File:De-Bergente.ogg,https://upload.wikimedia.org/wikipedia/commons/9/99/De-Bergente.ogg?utm_source=commons.wikimedia.org&utm_campaign=imageinfo&utm_content=original,CC BY-SA 4.0,https://creativecommons.org/licenses/by-sa/4.0,metadata exact,Jeuwre,bird sound,yes,yes,yes,no,medium-high,Commons audio result with exact scientific-name match and commercial-safe license metadata.,1
7,Greater White-fronted Goose,Anser albifrons,"Ducks, Geese, and Swans (Anatidae)",yes,strict_safe_ab,xeno-canto,americas,XC96532,https://xeno-canto.org/96532,https://xeno-canto.org/96532/download,CC BY-SA 4.0,https://creativecommons.org/licenses/by-sa/4.0/,B,Jonathon Jongsma,flight call,yes,yes,yes,no,high,Exact scientific-name match from Xeno-canto with commercial-safe Creative Commons license.,1
299,Greater Yellowlegs,Tringa melanoleuca,"Sandpipers, Phalaropes, and Allies (Scolopacidae)",yes,strict_safe_ab,xeno-canto,americas,XC613398,https://xeno-canto.org/613398,https://xeno-canto.org/613398/download,CC BY-SA 4.0,https://creativecommons.org/licenses/by-sa/4.0/,A,Doug Hynes,"call, song",yes,yes,yes,no,high,Exact scientific-name match from Xeno-canto with commercial-safe Creative Commons license.,3
513,Green Heron,Butorides virescens,"Bitterns, Herons, and Allies (Ardeidae)",yes,strict_safe_any_quality,xeno-canto,americas,XC109391,https://xeno-canto.org/109391,https://xeno-canto.org/109391/download,CC BY-SA 3.0,https://creativecommons.org/licenses/by-sa/3.0/,C,Jonathon Jongsma,call,yes,yes,yes,no,high,Exact scientific-name match from Xeno-canto with commercial-safe Creative Commons license.,3
722,Green Jay,Cyanocorax yncas,Jays and Crows (Corvidae),yes,strict_safe_ab,xeno-canto,americas,XC250744,https://xeno-canto.org/250744,https://xeno-canto.org/250744/download,CC BY-SA 4.0,https://creativecommons.org/licenses/by-sa/4.0/,A,Niels Krabbe,call,yes,yes,yes,no,high,Exact scientific-name match from Xeno-canto with commercial-safe Creative Commons license.,6
591,Green Kingfisher,Chloroceryle americana,Kingfishers (Alcedinidae),yes,strict_safe_ab,xeno-canto,americas,XC250627,https://xeno-canto.org/250627,https://xeno-canto.org/250627/download,CC BY-SA 4.0,https://creativecommons.org/licenses/by-sa/4.0/,B,Niels Krabbe,call,yes,yes,yes,no,high,Exact scientific-name match from Xeno-canto with commercial-safe Creative Commons license.,1
634,Green Parakeet,Psittacara holochlorus,"Parakeets, Macaws, Amazons, and Parrots (Psittacidae)",no,missing,,,,,,,,,,,,,,,,,0
291,Green Sandpiper,Tringa ochropus,"Sandpipers, Phalaropes, and Allies (Scolopacidae)",yes,strict_safe_ab,xeno-canto,global,XC432903,https://xeno-canto.org/432903,https://xeno-canto.org/432903/download,CC BY-SA 4.0,https://creativecommons.org/licenses/by-sa/4.0/,A,Joost van Bruggen,"flight call, nocturnal flight call",yes,yes,yes,no,high,Exact scientific-name match from Xeno-canto with commercial-safe Creative Commons license.,19
163,Green-breasted Mango,Anthracothorax prevostii,Hummingbirds (Trochilidae),no,missing,,,,,,,,,,,,,,,,,0
1045,Green-tailed Towhee,Pipilo chlorurus,Towhees and Sparrows (Passerellidae),yes,candidate_safe_research_grade,iNaturalist,research-grade exact taxon sound,iNat observation 289906136 / sound 1525598,https://www.inaturalist.org/observations/289906136,https://static.inaturalist.org/sounds/1525598.m4a?1750012100,CC-BY,https://creativecommons.org/licenses/by/4.0/,research-grade,"(c) Jared Shorma, some rights reserved (CC BY)",bird sound,yes,yes,no,yes,candidate,License-safe iNaturalist research-grade observation with exact taxon match; listen before shipping.,16
43,Green-winged Teal,Anas crecca,"Ducks, Geese, and Swans (Anatidae)",yes,strict_safe_ab,xeno-canto,global,XC1088486,https://xeno-canto.org/1088486,https://xeno-canto.org/1088486/download,CC0-1.0,https://creativecommons.org/publicdomain/zero/1.0/,B,Sonothèque ADVL,call,yes,yes,no,no,high,Exact scientific-name match from Xeno-canto with commercial-safe Creative Commons license.,16
649,Greenish Elaenia,Myiopagis viridicata,Tyrant Flycatchers (Tyrannidae),yes,strict_safe_ab,xeno-canto,americas,XC802686,https://xeno-canto.org/802686,https://xeno-canto.org/802686/download,CC0-1.0,https://creativecommons.org/publicdomain/zero/1.0/,A,Rosa Elena Albornoz,"call, song",yes,yes,no,no,high,Exact scientific-name match from Xeno-canto with commercial-safe Creative Commons license.,22
134,Groove-billed Ani,Crotophaga sulcirostris,"Cuckoos, Roadrunners, and Anis (Cuculidae)",yes,strict_safe_ab,xeno-canto,americas,XC250729,https://xeno-canto.org/250729,https://xeno-canto.org/250729/download,CC BY-SA 4.0,https://creativecommons.org/licenses/by-sa/4.0/,A,Niels Krabbe,call,yes,yes,yes,no,high,Exact scientific-name match from Xeno-canto with commercial-safe Creative Commons license.,6
323,Guadalupe Murrelet,Synthliboramphus hypoleucus,"Auks, Murres, and Puffins (Alcidae)",no,missing,,,,,,,,,,,,,,,,,0
347,Gull-billed Tern,Gelochelidon nilotica,"Gulls, Terns, and Skimmers (Laridae)",yes,strict_safe_any_quality,xeno-canto,global,XC431990,https://xeno-canto.org/431990,https://xeno-canto.org/431990/download,CC BY-SA 4.0,https://creativecommons.org/licenses/by-sa/4.0/,C,Joost van Bruggen,call,yes,yes,yes,no,high,Exact scientific-name match from Xeno-canto with commercial-safe Creative Commons license.,2
86,Gunnison Sage-Grouse,Centrocercus minimus,"Partridges, Grouse, Turkeys, and Old World Quail (Phasianidae)",no,missing,,,,,,,,,,,,,,,,,0
627,Gyrfalcon,Falco rusticolus,Caracaras and Falcons (Falconidae),yes,strict_safe_commons_exact,Wikimedia Commons,exact scientific-name audio search,17991551,https://commons.wikimedia.org/wiki/File:Falco_rusticolus.ogg,https://upload.wikimedia.org/wikipedia/commons/0/09/Falco_rusticolus.ogg?utm_source=commons.wikimedia.org&utm_campaign=imageinfo&utm_content=original,CC BY 3.0,https://creativecommons.org/licenses/by/3.0,metadata exact,Bubulcus,bird sound,yes,yes,no,no,medium-high,Commons audio result with exact scientific-name match and commercial-safe license metadata.,1
610,Hairy Woodpecker,Dryobates villosus,Woodpeckers and Allies (Picidae),no,missing,,,,,,,,,,,,,,,,,0
685,Hammond's Flycatcher,Empidonax hammondii,Tyrant Flycatchers (Tyrannidae),yes,candidate_safe_research_grade,iNaturalist,research-grade exact taxon sound,iNat observation 354739735 / sound 1898502,https://www.inaturalist.org/observations/354739735,https://static.inaturalist.org/sounds/1898502.mp3?1777237094,CC-BY,https://creativecommons.org/licenses/by/4.0/,research-grade,"(c) Don Boucher, some rights reserved (CC BY)",bird sound,yes,yes,no,yes,candidate,License-safe iNaturalist research-grade observation with exact taxon match; listen before shipping.,50
56,Harlequin Duck,Histrionicus histrionicus,"Ducks, Geese, and Swans (Anatidae)",no,missing,,,,,,,,,,,,,,,,,0
549,Harris's Hawk,Parabuteo unicinctus,"Hawks, Kites, Eagles, and Allies (Accipitridae)",yes,strict_safe_ab,xeno-canto,americas,XC202066,https://xeno-canto.org/202066,https://xeno-canto.org/202066/download,CC BY-SA 4.0,https://creativecommons.org/licenses/by-sa/4.0/,B,Gabriele Magurno,song,yes,yes,yes,no,high,Exact scientific-name match from Xeno-canto with commercial-safe Creative Commons license.,1
1026,Harris's Sparrow,Zonotrichia querula,Towhees and Sparrows (Passerellidae),yes,strict_safe_ab,xeno-canto,americas,XC133699,https://xeno-canto.org/133699,https://xeno-canto.org/133699/download,CC BY-SA 3.0,https://creativecommons.org/licenses/by-sa/3.0/,B,Jonathon Jongsma,"call, song",yes,yes,yes,no,high,Exact scientific-name match from Xeno-canto with commercial-safe Creative Commons license.,7
966,Hawaii Akepa,Loxops coccineus,Fringilline and Cardueline Finches and Allies (Fringillidae),no,missing,,,,,,,,,,,,,,,,,0
958,Hawaii Amakihi,Chlorodrepanis virens,Fringilline and Cardueline Finches and Allies (Fringillidae),no,missing,,,,,,,,,,,,,,,,,0
962,Hawaii Creeper,Loxops mana,Fringilline and Cardueline Finches and Allies (Fringillidae),no,missing,,,,,,,,,,,,,,,,,0
715,Hawaii Elepaio,Chasiempis sandwichensis,Monarch Flycatchers (Monarchidae),no,missing,,,,,,,,,,,,,,,,,0
944,Hawaii Mamo,Drepanis pacifica,Fringilline and Cardueline Finches and Allies (Fringillidae),no,missing,,,,,,,,,,,,,,,,,0
808,Hawaii Oo,Moho nobilis,Hawaiian Mohos (Mohoidae),no,missing,,,,,,,,,,,,,,,,,0
204,Hawaiian Coot,Fulica alai,"Rails, Gallinules, and Coots (Rallidae)",no,missing,,,,,,,,,,,,,,,,,0
738,Hawaiian Crow,Corvus hawaiiensis,Jays and Crows (Corvidae),no,missing,,,,,,,,,,,,,,,,,0
35,Hawaiian Duck,Anas wyvilliana,"Ducks, Geese, and Swans (Anatidae)",no,missing,,,,,,,,,,,,,,,,,0
16,Hawaiian Goose,Branta sandvicensis,"Ducks, Geese, and Swans (Anatidae)",yes,strict_safe_commons_exact,Wikimedia Commons,exact scientific-name audio search,61390636,https://commons.wikimedia.org/wiki/File:De-Hawaiigans.ogg,https://upload.wikimedia.org/wikipedia/commons/3/3c/De-Hawaiigans.ogg?utm_source=commons.wikimedia.org&utm_campaign=imageinfo&utm_content=original,CC BY-SA 4.0,https://creativecommons.org/licenses/by-sa/4.0,metadata exact,Jeuwre,bird sound,yes,yes,yes,no,medium-high,Commons audio result with exact scientific-name match and commercial-safe license metadata.,1
554,Hawaiian Hawk,Buteo solitarius,"Hawks, Kites, Eagles, and Allies (Accipitridae)",no,missing,,,,,,,,,,,,,,,,,0
443,Hawaiian Petrel,Pterodroma sandwichensis,Shearwaters and Petrels (Procellariidae),no,missing,,,,,,,,,,,,,,,,,0
211,Hawaiian Rail,Zapornia sandwichensis,"Rails, Gallinules, and Coots (Rallidae)",no,missing,,,,,,,,,,,,,,,,,0
925,Hawfinch,Coccothraustes coccothraustes,Fringilline and Cardueline Finches and Allies (Fringillidae),yes,strict_safe_any_quality,xeno-canto,global,XC708972,https://xeno-canto.org/708972,https://xeno-canto.org/708972/download,CC BY-SA 4.0,https://creativecommons.org/licenses/by-sa/4.0/,C,Max Karlsson,"call, song",yes,yes,yes,no,high,Exact scientific-name match from Xeno-canto with commercial-safe Creative Commons license.,20
378,Heermann's Gull,Larus heermanni,"Gulls, Terns, and Skimmers (Laridae)",yes,candidate_safe_research_grade,iNaturalist,research-grade exact taxon sound,iNat observation 155426890 / sound 647551,https://www.inaturalist.org/observations/155426890,https://static.inaturalist.org/sounds/647551.wav?1681790904,CC0,https://creativecommons.org/publicdomain/zero/1.0/,research-grade,no rights reserved,bird sound,yes,yes,no,yes,candidate,License-safe iNaturalist research-grade observation with exact taxon match; listen before shipping.,2
536,Hen Harrier,Circus cyaneus,"Hawks, Kites, Eagles, and Allies (Accipitridae)",yes,strict_safe_ab,xeno-canto,global,XC558933,https://xeno-canto.org/558933,https://xeno-canto.org/558933/download,CC BY-SA 4.0,https://creativecommons.org/licenses/by-sa/4.0/,B,Benoît Van Hecke,"begging call, flight call",yes,yes,yes,no,high,Exact scientific-name match from Xeno-canto with commercial-safe Creative Commons license.,1
1036,Henslow's Sparrow,Centronyx henslowii,Towhees and Sparrows (Passerellidae),yes,strict_safe_ab,xeno-canto,americas,XC320479,https://xeno-canto.org/320479,https://xeno-canto.org/320479/download,CC BY-SA 4.0,https://creativecommons.org/licenses/by-sa/4.0/,A,Jonathon Jongsma,song,yes,yes,yes,no,high,Exact scientific-name match from Xeno-canto with commercial-safe Creative Commons license.,19
1134,Hepatic Tanager,Piranga flava,"Cardinals, Piranga Tanagers and Allies (Cardinalidae)",yes,candidate_safe_research_grade,iNaturalist,research-grade exact taxon sound,iNat observation 317732697 / sound 1669859,https://www.inaturalist.org/observations/317732697,https://static.inaturalist.org/sounds/1669859.wav?1760668574,CC-BY,https://creativecommons.org/licenses/by/4.0/,research-grade,"(c) Cole Wolf, some rights reserved (CC BY)",bird sound,yes,yes,no,yes,candidate,License-safe iNaturalist research-grade observation with exact taxon match; listen before shipping.,17
437,Herald Petrel,Pterodroma heraldica,Shearwaters and Petrels (Procellariidae),no,missing,,,,,,,,,,,,,,,,,0
862,Hermit Thrush,Catharus guttatus,Thrushes (Turdidae),yes,strict_safe_ab,xeno-canto,americas,XC801743,https://xeno-canto.org/801743,https://xeno-canto.org/801743/download,CC BY-SA 4.0,https://creativecommons.org/licenses/by-sa/4.0/,A,steve,song,yes,yes,yes,no,high,Exact scientific-name match from Xeno-canto with commercial-safe Creative Commons license.,9
1123,Hermit Warbler,Setophaga occidentalis,Wood-Warblers (Parulidae),no,missing,,,,,,,,,,,,,,,,,0
99,Himalayan Snowcock,Tetraogallus himalayensis,"Partridges, Grouse, Turkeys, and Old World Quail (Phasianidae)",yes,candidate_safe_research_grade,iNaturalist,research-grade exact taxon sound,iNat observation 63378128 / sound 144769,https://www.inaturalist.org/observations/63378128,https://static.inaturalist.org/sounds/144769.mp3?1603529680,CC0,https://creativecommons.org/publicdomain/zero/1.0/,research-grade,no rights reserved,bird sound,yes,yes,no,yes,candidate,License-safe iNaturalist research-grade observation with exact taxon match; listen before shipping.,1
190,Hooded Crane,Grus monacha,Cranes (Gruidae),no,missing,,,,,,,,,,,,,,,,,0
67,Hooded Merganser,Lophodytes cucullatus,"Ducks, Geese, and Swans (Anatidae)",yes,strict_safe_ab,xeno-canto,americas,XC477560,https://xeno-canto.org/477560,https://xeno-canto.org/477560/download,CC BY-SA 4.0,https://creativecommons.org/licenses/by-sa/4.0/,B,Jonathon Jongsma,call,yes,yes,yes,no,high,Exact scientific-name match from Xeno-canto with commercial-safe Creative Commons license.,4
1057,Hooded Oriole,Icterus cucullatus,Blackbirds (Icteridae),yes,candidate_safe_research_grade,iNaturalist,research-grade exact taxon sound,iNat observation 353993655 / sound 1891832,https://www.inaturalist.org/observations/353993655,https://static.inaturalist.org/sounds/1891832.m4a?1777162793,CC-BY,https://creativecommons.org/licenses/by/4.0/,research-grade,"(c) Daniela Gámez, some rights reserved (CC BY)",bird sound,yes,yes,no,yes,candidate,License-safe iNaturalist research-grade observation with exact taxon match; listen before shipping.,19
1100,Hooded Warbler,Setophaga citrina,Wood-Warblers (Parulidae),yes,strict_safe_ab,xeno-canto,americas,XC408866,https://xeno-canto.org/408866,https://xeno-canto.org/408866/download,CC BY-SA 4.0,https://creativecommons.org/licenses/by-sa/4.0/,A,Philip Vanbergen,song,yes,yes,yes,no,high,Exact scientific-name match from Xeno-canto with commercial-safe Creative Commons license.,3
526,Hook-billed Kite,Chondrohierax uncinatus,"Hawks, Kites, Eagles, and Allies (Accipitridae)",no,missing,,,,,,,,,,,,,,,,,0
105,Horned Grebe,Podiceps auritus,Grebes (Podicipedidae),yes,strict_safe_any_quality,xeno-canto,global,XC791847,https://xeno-canto.org/791847,https://xeno-canto.org/791847/download,CC BY-SA 4.0,https://creativecommons.org/licenses/by-sa/4.0/,C,Jochem verweij,call,yes,yes,yes,no,high,Exact scientific-name match from Xeno-canto with commercial-safe Creative Commons license.,1
755,Horned Lark,Eremophila alpestris,Larks (Alaudidae),yes,strict_safe_ab,xeno-canto,global,XC1059512,https://xeno-canto.org/1059512,https://xeno-canto.org/1059512/download,CC0-1.0,https://creativecommons.org/publicdomain/zero/1.0/,B,Sonothèque ADVL,flight call,yes,yes,no,no,high,Exact scientific-name match from Xeno-canto with commercial-safe Creative Commons license.,5
333,Horned Puffin,Fratercula corniculata,"Auks, Murres, and Puffins (Alcidae)",no,missing,,,,,,,,,,,,,,,,,0
973,House Finch,Haemorhous mexicanus,Fringilline and Cardueline Finches and Allies (Fringillidae),yes,strict_safe_ab,xeno-canto,americas,XC99546,https://xeno-canto.org/99546,https://xeno-canto.org/99546/download,CC BY-SA 3.0,https://creativecommons.org/licenses/by-sa/3.0/,A,Jonathon Jongsma,song,yes,yes,yes,no,high,Exact scientific-name match from Xeno-canto with commercial-safe Creative Commons license.,3
909,House Sparrow,Passer domesticus,Old World Sparrows (Passeridae),yes,strict_safe_ab,xeno-canto,americas,XC907204,https://xeno-canto.org/907204,https://xeno-canto.org/907204/download,CC0-1.0,https://creativecommons.org/publicdomain/zero/1.0/,B,Anonymous,song,yes,yes,no,no,high,Exact scientific-name match from Xeno-canto with commercial-safe Creative Commons license.,7
251,Hudsonian Godwit,Limosa haemastica,"Sandpipers, Phalaropes, and Allies (Scolopacidae)",no,missing,,,,,,,,,,,,,,,,,0
241,Hudsonian Whimbrel,Numenius hudsonicus (phaeopus),"Sandpipers, Phalaropes, and Allies (Scolopacidae)",no,missing,,,,,,,,,,,,,,,,,0
701,Hutton's Vireo,Vireo huttoni,Vireos (Vireonidae),yes,candidate_safe_research_grade,iNaturalist,research-grade exact taxon sound,iNat observation 355426493 / sound 1903498,https://www.inaturalist.org/observations/355426493,https://static.inaturalist.org/sounds/1903498.m4a?1777305435,CC-BY,https://creativecommons.org/licenses/by/4.0/,research-grade,"(c) beth_snow, some rights reserved (CC BY)",bird sound,yes,yes,no,yes,candidate,License-safe iNaturalist research-grade observation with exact taxon match; listen before shipping.,144
389,Iceland Gull,Larus glaucoides,"Gulls, Terns, and Skimmers (Laridae)",no,missing,,,,,,,,,,,,,,,,,0
757,Icterine Warbler,Hippolais icterina,Reed Warblers (Acrocephalidae),yes,strict_safe_ab,xeno-canto,global,XC724492,https://xeno-canto.org/724492,https://xeno-canto.org/724492/download,CC0-1.0,https://creativecommons.org/publicdomain/zero/1.0/,B,Christopher Kullenberg,song,yes,yes,no,no,high,Exact scientific-name match from Xeno-canto with commercial-safe Creative Commons license.,11
943,Iiwi,Drepanis coccinea,Fringilline and Cardueline Finches and Allies (Fringillidae),yes,candidate_safe_research_grade,iNaturalist,research-grade exact taxon sound,iNat observation 334179647 / sound 1737488,https://www.inaturalist.org/observations/334179647,https://static.inaturalist.org/sounds/1737488.mp3?1768023691,CC-BY,https://creativecommons.org/licenses/by/4.0/,research-grade,"(c) Damien Wallace, some rights reserved (CC BY)",bird sound,yes,yes,no,yes,candidate,License-safe iNaturalist research-grade observation with exact taxon match; listen before shipping.,9
111,Inca Dove,Columbina inca,Pigeons and Doves (Columbidae),yes,candidate_safe_research_grade,iNaturalist,research-grade exact taxon sound,iNat observation 344876606 / sound 1821095,https://www.inaturalist.org/observations/344876606,https://static.inaturalist.org/sounds/1821095.m4a?1774353256,CC0,https://creativecommons.org/publicdomain/zero/1.0/,research-grade,no rights reserved,bird sound,yes,yes,no,yes,candidate,License-safe iNaturalist research-grade observation with exact taxon match; listen before shipping.,24
349,Inca Tern,Larosterna inca,"Gulls, Terns, and Skimmers (Laridae)",no,missing,,,,,,,,,,,,,,,,,0
95,Indian Peafowl,Pavo cristatus,"Partridges, Grouse, Turkeys, and Old World Quail (Phasianidae)",yes,strict_safe_ab,xeno-canto,global,XC902565,https://xeno-canto.org/902565,https://xeno-canto.org/902565/download,CC BY-SA 4.0,https://creativecommons.org/licenses/by-sa/4.0/,A,Kalle Nibbenhagen,song,yes,yes,yes,no,high,Exact scientific-name match from Xeno-canto with commercial-safe Creative Commons license.,4
1148,Indigo Bunting,Passerina cyanea,"Cardinals, Piranga Tanagers and Allies (Cardinalidae)",yes,strict_safe_ab,xeno-canto,americas,XC59831,https://xeno-canto.org/59831,https://xeno-canto.org/59831/download,CC BY-SA 3.0,https://creativecommons.org/licenses/by-sa/3.0/,A,Jonathon Jongsma,song,yes,yes,yes,no,high,Exact scientific-name match from Xeno-canto with commercial-safe Creative Commons license.,9
988,Island Canary,Serinus canaria,Fringilline and Cardueline Finches and Allies (Fringillidae),yes,strict_safe_commons_exact,Wikimedia Commons,exact scientific-name audio search,49753087,https://commons.wikimedia.org/wiki/File:Serinus_canaria_forma_domestica_-_audio_01_ies.ogg,https://upload.wikimedia.org/wikipedia/commons/6/69/Serinus_canaria_forma_domestica_-_audio_01_ies.ogg?utm_source=commons.wikimedia.org&utm_campaign=imageinfo&utm_content=original,CC BY-SA 3.0,https://creativecommons.org/licenses/by-sa/3.0,metadata exact,Frank Vincentz,bird sound,yes,yes,yes,no,medium-high,Commons audio result with exact scientific-name match and commercial-safe license metadata.,3
727,Island Scrub-Jay,Aphelocoma insularis,Jays and Crows (Corvidae),no,missing,,,,,,,,,,,,,,,,,0
365,Ivory Gull,Pagophila eburnea,"Gulls, Terns, and Skimmers (Laridae)",yes,strict_safe_commons_exact,Wikimedia Commons,exact scientific-name audio search,56216091,https://commons.wikimedia.org/wiki/File:De-Elfenbeinm%C3%B6we.ogg,https://upload.wikimedia.org/wikipedia/commons/2/25/De-Elfenbeinm%C3%B6we.ogg?utm_source=commons.wikimedia.org&utm_campaign=imageinfo&utm_content=original,CC BY-SA 4.0,https://creativecommons.org/licenses/by-sa/4.0,metadata exact,Jeuwre,bird sound,yes,yes,yes,no,medium-high,Commons audio result with exact scientific-name match and commercial-safe license metadata.,1
616,"Ivory-billed Woodpecker (extinct, 1944)",Campephilus principalis,Woodpeckers and Allies (Picidae),yes,strict_safe_commons_exact,Wikimedia Commons,exact scientific-name audio search,177345012,https://commons.wikimedia.org/wiki/File:De-Elfenbeinspecht.ogg,https://upload.wikimedia.org/wikipedia/commons/c/c7/De-Elfenbeinspecht.ogg?utm_source=commons.wikimedia.org&utm_campaign=imageinfo&utm_content=original,CC BY-SA 4.0,https://creativecommons.org/licenses/by-sa/4.0,metadata exact,Jeuwre,bird sound,yes,yes,yes,no,medium-high,Commons audio result with exact scientific-name match and commercial-safe license metadata.,1
474,Jabiru,Jabiru mycteria,Storks (Ciconiidae),no,missing,,,,,,,,,,,,,,,,,0
281,Jack Snipe,Lymnocryptes minimus,"Sandpipers, Phalaropes, and Allies (Scolopacidae)",yes,strict_safe_ab,xeno-canto,global,XC1075041,https://xeno-canto.org/1075041,https://xeno-canto.org/1075041/download,CC0-1.0,https://creativecommons.org/publicdomain/zero/1.0/,B,Sonothèque ADVL,flight call,yes,yes,no,no,high,Exact scientific-name match from Xeno-canto with commercial-safe Creative Commons license.,2
782,Japanese Bush Warbler,Horornis diphone,Bush-Warblers (Cettiidae),yes,strict_safe_commons_exact,Wikimedia Commons,exact scientific-name audio search,123934,https://commons.wikimedia.org/wiki/File:Japanese_nightingale_note01.ogg,https://upload.wikimedia.org/wikipedia/commons/a/aa/Japanese_nightingale_note01.ogg?utm_source=commons.wikimedia.org&utm_campaign=imageinfo&utm_content=original,CC BY-SA 3.0,http://creativecommons.org/licenses/by-sa/3.0/,metadata exact,,bird sound,yes,yes,yes,no,medium-high,Commons audio result with exact scientific-name match and commercial-safe license metadata.,8
901,Java Sparrow,Padda oryzivora,Waxbills (Estrildidae),no,missing,,,,,,,,,,,,,,,,,0
453,Jouanin's Petrel,Bulweria fallax,Shearwaters and Petrels (Procellariidae),no,missing,,,,,,,,,,,,,,,,,0
442,Juan Fernandez Petrel,Pterodroma externa,Shearwaters and Petrels (Procellariidae),no,missing,,,,,,,,,,,,,,,,,0
751,Juniper Titmouse,Baeolophus ridgwayi,Chickadees and Titmice (Paridae),no,missing,,,,,,,,,,,,,,,,,0
931,Kakawahie,Paroreomyza flammea,Fringilline and Cardueline Finches and Allies (Fringillidae),no,missing,,,,,,,,,,,,,,,,,0
94,Kalij Pheasant,Lophura leucomelanos,"Partridges, Grouse, Turkeys, and Old World Quail (Phasianidae)",no,missing,,,,,,,,,,,,,,,,,0
851,Kamao,Myadestes myadestinus,Thrushes (Turdidae),no,missing,,,,,,,,,,,,,,,,,0
790,Kamchatka Leaf Warbler,Phylloscopus examinandus,Leaf Warblers (Phylloscopidae),no,missing,,,,,,,,,,,,,,,,,0
954,Kauai Akialoa,Akialoa stejnegeri,Fringilline and Cardueline Finches and Allies (Fringillidae),no,missing,,,,,,,,,,,,,,,,,0
960,Kauai Amakihi,Chlorodrepanis stejnegeri,Fringilline and Cardueline Finches and Allies (Fringillidae),yes,candidate_safe_research_grade,iNaturalist,research-grade exact taxon sound,iNat observation 145410527 / sound 578449,https://www.inaturalist.org/observations/145410527,https://static.inaturalist.org/sounds/578449.wav?1672385538,CC0,https://creativecommons.org/publicdomain/zero/1.0/,research-grade,no rights reserved,bird sound,yes,yes,no,yes,candidate,License-safe iNaturalist research-grade observation with exact taxon match; listen before shipping.,1
713,Kauai Elepaio,Chasiempis sclateri,Monarch Flycatchers (Monarchidae),no,missing,,,,,,,,,,,,,,,,,0
949,Kauai Nukupuu,Hemignathus hanapepe,Fringilline and Cardueline Finches and Allies (Fringillidae),no,missing,,,,,,,,,,,,,,,,,0
805,Kauai Oo,Moho braccatus,Hawaiian Mohos (Mohoidae),no,missing,,,,,,,,,,,,,,,,,0
395,Kelp Gull,Larus dominicanus,"Gulls, Terns, and Skimmers (Laridae)",yes,strict_safe_ab,xeno-canto,global,XC864008,https://xeno-canto.org/864008,https://xeno-canto.org/864008/download,CC0-1.0,https://creativecommons.org/publicdomain/zero/1.0/,A,Kevin Guille,"alarm call, call, flight call, song",yes,yes,no,no,high,Exact scientific-name match from Xeno-canto with commercial-safe Creative Commons license.,1
237,Kentish Plover,Anarhynchus alexandrinus,Lapwings and Plovers (Charadriidae),no,missing,,,,,,,,,,,,,,,,,0
1098,Kentucky Warbler,Geothlypis formosa,Wood-Warblers (Parulidae),yes,strict_safe_any_quality,xeno-canto,americas,XC799647,https://xeno-canto.org/799647,https://xeno-canto.org/799647/download,CC BY-SA 4.0,https://creativecommons.org/licenses/by-sa/4.0/,D,steve,song,yes,yes,yes,no,high,Exact scientific-name match from Xeno-canto with commercial-safe Creative Commons license.,2
435,Kermadec Petrel,Pterodroma neglecta,Shearwaters and Petrels (Procellariidae),no,missing,,,,,,,,,,,,,,,,,0
115,Key West Quail-Dove,Geotrygon chrysia,Pigeons and Doves (Columbidae),no,missing,,,,,,,,,,,,,,,,,0
224,Killdeer,Charadrius vociferus,Lapwings and Plovers (Charadriidae),yes,strict_safe_ab,xeno-canto,americas,XC62728,https://xeno-canto.org/62728,https://xeno-canto.org/62728/download,CC BY-SA 3.0,https://creativecommons.org/licenses/by-sa/3.0/,B,Jonathon Jongsma,call,yes,yes,yes,no,high,Exact scientific-name match from Xeno-canto with commercial-safe Creative Commons license.,2
54,King Eider,Somateria spectabilis,"Ducks, Geese, and Swans (Anatidae)",no,missing,,,,,,,,,,,,,,,,,0
196,King Rail,Rallus elegans,"Rails, Gallinules, and Coots (Rallidae)",yes,strict_safe_ab,xeno-canto,americas,XC903272,https://xeno-canto.org/903272,https://xeno-canto.org/903272/download,CC BY-SA 4.0,https://creativecommons.org/licenses/by-sa/4.0/,B,steve,call,yes,yes,yes,no,high,Exact scientific-name match from Xeno-canto with commercial-safe Creative Commons license.,1
809,Kioea,Chaetoptila angustipluma,Hawaiian Mohos (Mohoidae),no,missing,,,,,,,,,,,,,,,,,0
1102,Kirtland's Warbler,Setophaga kirtlandii,Wood-Warblers (Parulidae),yes,strict_safe_ab,xeno-canto,americas,XC451069,https://xeno-canto.org/451069,https://xeno-canto.org/451069/download,CC BY-SA 4.0,https://creativecommons.org/licenses/by-sa/4.0/,B,Justin Watts,song,yes,yes,yes,no,high,Exact scientific-name match from Xeno-canto with commercial-safe Creative Commons license.,1
321,Kittlitz's Murrelet,Brachyramphus brevirostris,"Auks, Murres, and Puffins (Alcidae)",no,missing,,,,,,,,,,,,,,,,,0
936,Kona Grosbeak,Chloridops kona,Fringilline and Cardueline Finches and Allies (Fringillidae),no,missing,,,,,,,,,,,,,,,,,0
657,La Sagra's Flycatcher,Myiarchus sagrae,Tyrant Flycatchers (Tyrannidae),yes,candidate_safe_research_grade,iNaturalist,research-grade exact taxon sound,iNat observation 84112063 / sound 259765,https://www.inaturalist.org/observations/84112063,https://static.inaturalist.org/sounds/259765.wav?1624401361,CC-BY,https://creativecommons.org/licenses/by/4.0/,research-grade,"(c) Noah Frade, some rights reserved (CC BY)",bird sound,yes,yes,no,yes,candidate,License-safe iNaturalist research-grade observation with exact taxon match; listen before shipping.,1
52,"Labrador Duck (extinct, 1858)",Camptorhynchus labradorius,"Ducks, Geese, and Swans (Anatidae)",no,missing,,,,,,,,,,,,,,,,,0
608,Ladder-backed Woodpecker,Dryobates scalaris,Woodpeckers and Allies (Picidae),yes,strict_safe_ab,xeno-canto,americas,XC891587,https://xeno-canto.org/891587,https://xeno-canto.org/891587/download,CC BY-SA 4.0,https://creativecommons.org/licenses/by-sa/4.0/,B,steve,call,yes,yes,yes,no,high,Exact scientific-name match from Xeno-canto with commercial-safe Creative Commons license.,1
947,Lanai Hookbill,Dysmorodrepanis munroi,Fringilline and Cardueline Finches and Allies (Fringillidae),no,missing,,,,,,,,,,,,,,,,,0
763,Lanceolated Warbler,Locustella lanceolata,Grassbirds (Locustellidae),no,missing,,,,,,,,,,,,,,,,,0
989,Lapland Longspur,Calcarius lapponicus,Longspurs and Snow Buntings (Calcariidae),yes,strict_safe_ab,xeno-canto,global,XC776799,https://xeno-canto.org/776799,https://xeno-canto.org/776799/download,CC0-1.0,https://creativecommons.org/publicdomain/zero/1.0/,B,Sonothèque ADVL,flight call,yes,yes,no,no,high,Exact scientific-name match from Xeno-canto with commercial-safe Creative Commons license.,5
346,Large-billed Tern,Phaetusa simplex,"Gulls, Terns, and Skimmers (Laridae)",no,missing,,,,,,,,,,,,,,,,,0
1013,Lark Bunting,Calamospiza melanocorys,Towhees and Sparrows (Passerellidae),yes,candidate_safe_research_grade,iNaturalist,research-grade exact taxon sound,iNat observation 338358724 / sound 1765255,https://www.inaturalist.org/observations/338358724,https://static.inaturalist.org/sounds/1765255.wav?1770930990,CC-BY,https://creativecommons.org/licenses/by/4.0/,research-grade,"(c) Tristan Jobin, some rights reserved (CC BY)",bird sound,yes,yes,no,yes,candidate,License-safe iNaturalist research-grade observation with exact taxon match; listen before shipping.,4
1012,Lark Sparrow,Chondestes grammacus,Towhees and Sparrows (Passerellidae),yes,strict_safe_ab,xeno-canto,americas,XC892364,https://xeno-canto.org/892364,https://xeno-canto.org/892364/download,CC BY-SA 4.0,https://creativecommons.org/licenses/by-sa/4.0/,A,steve,song,yes,yes,yes,no,high,Exact scientific-name match from Xeno-canto with commercial-safe Creative Commons license.,2
373,Laughing Gull,Leucophaeus atricilla,"Gulls, Terns, and Skimmers (Laridae)",yes,strict_safe_commons_exact,Wikimedia Commons,exact scientific-name audio search,12307559,https://commons.wikimedia.org/wiki/File:Larus_atricilla.ogg,https://upload.wikimedia.org/wikipedia/commons/f/f8/Larus_atricilla.ogg?utm_source=commons.wikimedia.org&utm_campaign=imageinfo&utm_content=original,CC BY 3.0,https://creativecommons.org/licenses/by/3.0,metadata exact,Tony Phillips,bird sound,yes,yes,no,no,medium-high,Commons audio result with exact scientific-name match and commercial-safe license metadata.,4
906,Lavender Waxbill,Glaucestrilda caerulescens,Waxbills (Estrildidae),no,missing,,,,,,,,,,,,,,,,,0
986,Lawrence's Goldfinch,Spinus lawrencei,Fringilline and Cardueline Finches and Allies (Fringillidae),yes,candidate_safe_research_grade,iNaturalist,research-grade exact taxon sound,iNat observation 160240447 / sound 703218,https://www.inaturalist.org/observations/160240447,https://static.inaturalist.org/sounds/703218.wav?1684472294,CC-BY,https://creativecommons.org/licenses/by/4.0/,research-grade,"(c) Jennifer Rycenga, some rights reserved (CC BY)",bird sound,yes,yes,no,yes,candidate,License-safe iNaturalist research-grade observation with exact taxon match; listen before shipping.,2
411,Laysan Albatross,Phoebastria immutabilis,Albatrosses (Diomedeidae),yes,candidate_safe_research_grade,iNaturalist,research-grade exact taxon sound,iNat observation 327564602 / sound 1699251,https://www.inaturalist.org/observations/327564602,https://static.inaturalist.org/sounds/1699251.mp3?1763760444,CC-BY,https://creativecommons.org/licenses/by/4.0/,research-grade,"(c) Damien Wallace, some rights reserved (CC BY)",bird sound,yes,yes,no,yes,candidate,License-safe iNaturalist research-grade observation with exact taxon match; listen before shipping.,3
34,Laysan Duck,Anas laysanensis,"Ducks, Geese, and Swans (Anatidae)",no,missing,,,,,,,,,,,,,,,,,0
934,Laysan Finch,Telespiza cantans,Fringilline and Cardueline Finches and Allies (Fringillidae),no,missing,,,,,,,,,,,,,,,,,0
941,Laysan Honeycreeper,Himatione fraithii,Fringilline and Cardueline Finches and Allies (Fringillidae),no,missing,,,,,,,,,,,,,,,,,0
210,Laysan Rail,Zapornia palmeri,"Rails, Gallinules, and Coots (Rallidae)",no,missing,,,,,,,,,,,,,,,,,0
1147,Lazuli Bunting,Passerina amoena,"Cardinals, Piranga Tanagers and Allies (Cardinalidae)",yes,strict_safe_ab,xeno-canto,americas,XC254463,https://xeno-canto.org/254463,https://xeno-canto.org/254463/download,CC BY-SA 4.0,https://creativecommons.org/licenses/by-sa/4.0/,A,Jonathon Jongsma,song,yes,yes,yes,no,high,Exact scientific-name match from Xeno-canto with commercial-safe Creative Commons license.,3
422,Leach's Storm-Petrel,Hydrobates leucorhous,Northern Storm-Petrels (Hydrobatidae),yes,strict_safe_ab,xeno-canto,americas,XC844783,https://xeno-canto.org/844783,https://xeno-canto.org/844783/download,CC BY-SA 4.0,https://creativecommons.org/licenses/by-sa/4.0/,A,Doug Hynes,"call, song",yes,yes,yes,no,high,Exact scientific-name match from Xeno-canto with commercial-safe Creative Commons license.,4
328,Least Auklet,Aethia pusilla,"Auks, Murres, and Puffins (Alcidae)",no,missing,,,,,,,,,,,,,,,,,0
501,Least Bittern,Botaurus exilis,"Bitterns, Herons, and Allies (Ardeidae)",yes,strict_safe_commons_exact,Wikimedia Commons,exact scientific-name audio search,68240381,https://commons.wikimedia.org/wiki/File:Ixobrychus_exilis_-_Least_Bittern_XC251028.mp3,https://upload.wikimedia.org/wikipedia/commons/b/bb/Ixobrychus_exilis_-_Least_Bittern_XC251028.mp3?utm_source=commons.wikimedia.org&utm_campaign=imageinfo&utm_content=original,CC BY-SA 3.0,https://creativecommons.org/licenses/by-sa/3.0,metadata exact,Niels Krabbe,bird sound,yes,yes,yes,no,medium-high,Commons audio result with exact scientific-name match and commercial-safe license metadata.,1
684,Least Flycatcher,Empidonax minimus,Tyrant Flycatchers (Tyrannidae),yes,strict_safe_ab,xeno-canto,americas,XC178044,https://xeno-canto.org/178044,https://xeno-canto.org/178044/download,CC BY-SA 4.0,https://creativecommons.org/licenses/by-sa/4.0/,A,Jonathon Jongsma,song,yes,yes,yes,no,high,Exact scientific-name match from Xeno-canto with commercial-safe Creative Commons license.,6
103,Least Grebe,Tachybaptus dominicus,Grebes (Podicipedidae),no,missing,,,,,,,,,,,,,,,,,0
273,Least Sandpiper,Calidris minutilla,"Sandpipers, Phalaropes, and Allies (Scolopacidae)",yes,candidate_safe_research_grade,iNaturalist,research-grade exact taxon sound,iNat observation 313173003 / sound 1632915,https://www.inaturalist.org/observations/313173003,https://static.inaturalist.org/sounds/1632915.m4a?1757618512,CC-BY-SA,https://creativecommons.org/licenses/by-sa/4.0/,research-grade,"(c) Linzy L., some rights reserved (CC BY-SA)",bird sound,yes,yes,yes,yes,candidate,License-safe iNaturalist research-grade observation with exact taxon match; listen before shipping.,5
430,Least Storm-Petrel,Hydrobates microsoma,Northern Storm-Petrels (Hydrobatidae),no,missing,,,,,,,,,,,,,,,,,0
345,Least Tern,Sternula antillarum,"Gulls, Terns, and Skimmers (Laridae)",yes,candidate_safe_research_grade,iNaturalist,research-grade exact taxon sound,iNat observation 305562490 / sound 1601137,https://www.inaturalist.org/observations/305562490,https://static.inaturalist.org/sounds/1601137.wav?1754930520,CC-BY,https://creativecommons.org/licenses/by/4.0/,research-grade,"(c) nebrooks, some rights reserved (CC BY)",bird sound,yes,yes,no,yes,candidate,License-safe iNaturalist research-grade observation with exact taxon match; listen before shipping.,6
1031,LeConte's Sparrow,Ammospiza leconteii,Towhees and Sparrows (Passerellidae),yes,strict_safe_any_quality,xeno-canto,americas,XC960292,https://xeno-canto.org/960292,https://xeno-canto.org/960292/download,CC0-1.0,https://creativecommons.org/publicdomain/zero/1.0/,C,Beth Cottam,song,yes,yes,no,no,high,Exact scientific-name match from Xeno-canto with commercial-safe Creative Commons license.,1
837,LeConte's Thrasher,Toxostoma lecontei,Mockingbirds and Thrashers (Mimidae),no,missing,,,,,,,,,,,,,,,,,0
953,Lesser Akialoa,Akialoa obscura,Fringilline and Cardueline Finches and Allies (Fringillidae),no,missing,,,,,,,,,,,,,,,,,0
390,Lesser Black-backed Gull,Larus fuscus,"Gulls, Terns, and Skimmers (Laridae)",yes,strict_safe_ab,xeno-canto,global,XC776692,https://xeno-canto.org/776692,https://xeno-canto.org/776692/download,CC0-1.0,https://creativecommons.org/publicdomain/zero/1.0/,A,Sonothèque ADVL,alarm call,yes,yes,no,no,high,Exact scientific-name match from Xeno-canto with commercial-safe Creative Commons license.,8
476,Lesser Frigatebird,Fregata ariel,Frigatebirds (Fregatidae),no,missing,,,,,,,,,,,,,,,,,0
985,Lesser Goldfinch,Spinus psaltria,Fringilline and Cardueline Finches and Allies (Fringillidae),yes,strict_safe_ab,xeno-canto,americas,XC915736,https://xeno-canto.org/915736,https://xeno-canto.org/915736/download,CC BY 4.0,https://creativecommons.org/licenses/by/4.0/,A,JUAN ANTONIO ALONSO DE JUAN,song,yes,yes,no,no,high,Exact scientific-name match from Xeno-canto with commercial-safe Creative Commons license.,2
937,Lesser Koa-Finch,Rhodacanthis flaviceps,Fringilline and Cardueline Finches and Allies (Fringillidae),no,missing,,,,,,,,,,,,,,,,,0
142,Lesser Nighthawk,Chordeiles acutipennis,Goatsuckers (Caprimulgidae),yes,strict_safe_ab,xeno-canto,americas,XC909329,https://xeno-canto.org/909329,https://xeno-canto.org/909329/download,CC0-1.0,https://creativecommons.org/publicdomain/zero/1.0/,A,Rosa Elena Albornoz,song,yes,yes,no,no,high,Exact scientific-name match from Xeno-canto with commercial-safe Creative Commons license.,2
91,Lesser Prairie-Chicken,Tympanuchus pallidicinctus,"Partridges, Grouse, Turkeys, and Old World Quail (Phasianidae)",no,missing,,,,,,,,,,,,,,,,,0
50,Lesser Scaup,Aythya affinis,"Ducks, Geese, and Swans (Anatidae)",no,missing,,,,,,,,,,,,,,,,,0
8,Lesser White-fronted Goose,Anser erythropus,"Ducks, Geese, and Swans (Anatidae)",yes,strict_safe_commons_exact,Wikimedia Commons,exact scientific-name audio search,85250890,https://commons.wikimedia.org/wiki/File:De-Zwerggans.ogg,https://upload.wikimedia.org/wikipedia/commons/4/4f/De-Zwerggans.ogg?utm_source=commons.wikimedia.org&utm_campaign=imageinfo&utm_content=original,CC BY-SA 4.0,https://creativecommons.org/licenses/by-sa/4.0,metadata exact,Jeuwre,bird sound,yes,yes,yes,no,medium-high,Commons audio result with exact scientific-name match and commercial-safe license metadata.,1
793,Lesser Whitethroat,Curruca curruca,Sylviid Warblers (Sylviidae),yes,strict_safe_ab,xeno-canto,global,XC835296,https://xeno-canto.org/835296,https://xeno-canto.org/835296/download,CC0-1.0,https://creativecommons.org/publicdomain/zero/1.0/,A,Grégoire Chauvot,song,yes,yes,no,no,high,Exact scientific-name match from Xeno-canto with commercial-safe Creative Commons license.,19
295,Lesser Yellowlegs,Tringa flavipes,"Sandpipers, Phalaropes, and Allies (Scolopacidae)",yes,strict_safe_ab,xeno-canto,americas,XC934273,https://xeno-canto.org/934273,https://xeno-canto.org/934273/download,CC BY-SA 4.0,https://creativecommons.org/licenses/by-sa/4.0/,B,Doug Hynes,call,yes,yes,yes,no,high,Exact scientific-name match from Xeno-canto with commercial-safe Creative Commons license.,1
593,Lewis's Woodpecker,Melanerpes lewis,Woodpeckers and Allies (Picidae),yes,strict_safe_ab,xeno-canto,americas,XC254610,https://xeno-canto.org/254610,https://xeno-canto.org/254610/download,CC BY-SA 4.0,https://creativecommons.org/licenses/by-sa/4.0/,B,Jonathon Jongsma,call,yes,yes,yes,no,high,Exact scientific-name match from Xeno-canto with commercial-safe Creative Commons license.,3
409,Light-mantled Albatross,Phoebetria palpebrata,Albatrosses (Diomedeidae),yes,strict_safe_ab,xeno-canto,global,XC864007,https://xeno-canto.org/864007,https://xeno-canto.org/864007/download,CC0-1.0,https://creativecommons.org/publicdomain/zero/1.0/,B,Kevin Guille,"call, song",yes,yes,no,no,high,Exact scientific-name match from Xeno-canto with commercial-safe Creative Commons license.,1
641,Lilac-crowned Amazon,Amazona finschi,"Parakeets, Macaws, Amazons, and Parrots (Psittacidae)",yes,strict_safe_ab,xeno-canto,americas,XC607616,https://xeno-canto.org/607616,https://xeno-canto.org/607616/download,CC BY-SA 4.0,https://creativecommons.org/licenses/by-sa/4.0/,B,Jovani León,,yes,yes,yes,no,high,Exact scientific-name match from Xeno-canto with commercial-safe Creative Commons license.,1
187,Limpkin,Aramus guarauna,Limpkins (Aramidae),yes,strict_safe_ab,xeno-canto,americas,XC250488,https://xeno-canto.org/250488,https://xeno-canto.org/250488/download,CC BY-SA 4.0,https://creativecommons.org/licenses/by-sa/4.0/,B,Niels Krabbe,"call, calls",yes,yes,yes,no,high,Exact scientific-name match from Xeno-canto with commercial-safe Creative Commons license.,2
1039,Lincoln's Sparrow,Melospiza lincolnii,Towhees and Sparrows (Passerellidae),yes,strict_safe_ab,xeno-canto,americas,XC613394,https://xeno-canto.org/613394,https://xeno-canto.org/613394/download,CC BY-SA 4.0,https://creativecommons.org/licenses/by-sa/4.0/,A,Doug Hynes,song,yes,yes,yes,no,high,Exact scientific-name match from Xeno-canto with commercial-safe Creative Commons license.,1
504,Little Blue Heron,Egretta caerulea,"Bitterns, Herons, and Allies (Ardeidae)",no,missing,,,,,,,,,,,,,,,,,0
997,Little Bunting,Emberiza pusilla,Emberizids (Emberizidae),yes,strict_safe_ab,xeno-canto,global,XC952026,https://xeno-canto.org/952026,https://xeno-canto.org/952026/download,CC0-1.0,https://creativecommons.org/publicdomain/zero/1.0/,A,Sonothèque ADVL,flight call,yes,yes,no,no,high,Exact scientific-name match from Xeno-canto with commercial-safe Creative Commons license.,5
243,Little Curlew,Numenius minutus,"Sandpipers, Phalaropes, and Allies (Scolopacidae)",yes,strict_safe_any_quality,xeno-canto,global,XC931502,https://xeno-canto.org/931502,https://xeno-canto.org/931502/download,CC BY-SA 4.0,https://creativecommons.org/licenses/by-sa/4.0/,C,Jochem Verweij,flight call,yes,yes,yes,no,high,Exact scientific-name match from Xeno-canto with commercial-safe Creative Commons license.,1
509,Little Egret,Egretta garzetta,"Bitterns, Herons, and Allies (Ardeidae)",yes,strict_safe_ab,xeno-canto,global,XC705915,https://xeno-canto.org/705915,https://xeno-canto.org/705915/download,CC0-1.0,https://creativecommons.org/publicdomain/zero/1.0/,A,Sonothèque ADVL,flight call,yes,yes,no,no,high,Exact scientific-name match from Xeno-canto with commercial-safe Creative Commons license.,6
370,Little Gull,Hydrocoloeus minutus,"Gulls, Terns, and Skimmers (Laridae)",yes,candidate_safe_research_grade,iNaturalist,research-grade exact taxon sound,iNat observation 203372751 / sound 936382,https://www.inaturalist.org/observations/203372751,https://static.inaturalist.org/sounds/936382.wav?1711035141,CC-BY,https://creativecommons.org/licenses/by/4.0/,research-grade,"(c) Dan MacNeal, some rights reserved (CC BY)",bird sound,yes,yes,no,yes,candidate,License-safe iNaturalist research-grade observation with exact taxon match; listen before shipping.,1
228,Little Ringed Plover,Thinornis dubius,Lapwings and Plovers (Charadriidae),no,missing,,,,,,,,,,,,,,,,,0
272,Little Stint,Calidris minuta,"Sandpipers, Phalaropes, and Allies (Scolopacidae)",yes,strict_safe_any_quality,xeno-canto,global,XC959583,https://xeno-canto.org/959583,https://xeno-canto.org/959583/download,CC0-1.0,https://creativecommons.org/publicdomain/zero/1.0/,C,Sonothèque ADVL,"call, flight call",yes,yes,no,no,high,Exact scientific-name match from Xeno-canto with commercial-safe Creative Commons license.,1
344,Little Tern,Sternula albifrons,"Gulls, Terns, and Skimmers (Laridae)",yes,strict_safe_ab,xeno-canto,global,XC900572,https://xeno-canto.org/900572,https://xeno-canto.org/900572/download,CC BY-SA 4.0,https://creativecommons.org/licenses/by-sa/4.0/,A,Jochem verweij,"call, duet, flight call",yes,yes,yes,no,high,Exact scientific-name match from Xeno-canto with commercial-safe Creative Commons license.,6
339,Little White-Tern,Gygis microrhyncha,"Gulls, Terns, and Skimmers (Laridae)",no,missing,,,,,,,,,,,,,,,,,0
671,Loggerhead Kingbird,Tyrannus caudifasciatus,Tyrant Flycatchers (Tyrannidae),no,missing,,,,,,,,,,,,,,,,,0
718,Loggerhead Shrike,Lanius ludovicianus,Shrikes (Laniidae),yes,strict_safe_ab,xeno-canto,americas,XC722640,https://xeno-canto.org/722640,https://xeno-canto.org/722640/download,CC BY-SA 4.0,https://creativecommons.org/licenses/by-sa/4.0/,B,Diana Doyle,"duet, song",yes,yes,yes,no,high,Exact scientific-name match from Xeno-canto with commercial-safe Creative Commons license.,1
245,Long-billed Curlew,Numenius americanus,"Sandpipers, Phalaropes, and Allies (Scolopacidae)",no,missing,,,,,,,,,,,,,,,,,0
280,Long-billed Dowitcher,Limnodromus scolopaceus,"Sandpipers, Phalaropes, and Allies (Scolopacidae)",yes,candidate_safe_research_grade,iNaturalist,research-grade exact taxon sound,iNat observation 262969596 / sound 1316325,https://www.inaturalist.org/observations/262969596,https://static.inaturalist.org/sounds/1316325.m4a?1740456778,CC-BY,https://creativecommons.org/licenses/by/4.0/,research-grade,"(c) Chris Stahl, some rights reserved (CC BY)",bird sound,yes,yes,no,yes,candidate,License-safe iNaturalist research-grade observation with exact taxon match; listen before shipping.,5
319,Long-billed Murrelet,Brachyramphus perdix,"Auks, Murres, and Puffins (Alcidae)",no,missing,,,,,,,,,,,,,,,,,0
834,Long-billed Thrasher,Toxostoma longirostre,Mockingbirds and Thrashers (Mimidae),no,missing,,,,,,,,,,,,,,,,,0
579,Long-eared Owl,Asio otus,Typical Owls (Strigidae),yes,strict_safe_ab,xeno-canto,global,XC528380,https://xeno-canto.org/528380,https://xeno-canto.org/528380/download,CC BY-SA 4.0,https://creativecommons.org/licenses/by-sa/4.0/,A,Benjamin Mayer,begging call,yes,yes,yes,no,high,Exact scientific-name match from Xeno-canto with commercial-safe Creative Commons license.,24
561,Long-legged Buzzard,Buteo rufinus,"Hawks, Kites, Eagles, and Allies (Accipitridae)",no,missing,,,,,,,,,,,,,,,,,0
62,Long-tailed Duck,Clangula hyemalis,"Ducks, Geese, and Swans (Anatidae)",yes,strict_safe_commons_exact,Wikimedia Commons,exact scientific-name audio search,12307768,https://commons.wikimedia.org/wiki/File:Clangula_hyemalis.ogg,https://upload.wikimedia.org/wikipedia/commons/c/c1/Clangula_hyemalis.ogg?utm_source=commons.wikimedia.org&utm_campaign=imageinfo&utm_content=original,CC BY 3.0,https://creativecommons.org/licenses/by/3.0,metadata exact,Tony Phillips,bird sound,yes,yes,no,no,medium-high,Commons audio result with exact scientific-name match and commercial-safe license metadata.,2
311,Long-tailed Jaeger,Stercorarius longicaudus,Skuas and Jaegers (Stercorariidae),yes,strict_safe_ab,xeno-canto,americas,XC755411,https://xeno-canto.org/755411,https://xeno-canto.org/755411/download,CC0-1.0,https://creativecommons.org/publicdomain/zero/1.0/,B,Davyd Betchkal,call,yes,yes,no,no,high,Exact scientific-name match from Xeno-canto with commercial-safe Creative Commons license.,1
264,Long-toed Stint,Calidris subminuta,"Sandpipers, Phalaropes, and Allies (Scolopacidae)",no,missing,,,,,,,,,,,,,,,,,0
1079,Louisiana Waterthrush,Parkesia motacilla,Wood-Warblers (Parulidae),yes,strict_safe_ab,xeno-canto,americas,XC408861,https://xeno-canto.org/408861,https://xeno-canto.org/408861/download,CC BY-SA 4.0,https://creativecommons.org/licenses/by-sa/4.0/,A,Philip Vanbergen,song,yes,yes,yes,no,high,Exact scientific-name match from Xeno-canto with commercial-safe Creative Commons license.,2
168,Lucifer Hummingbird,Calothorax lucifer,Hummingbirds (Trochilidae),no,missing,,,,,,,,,,,,,,,,,0
1091,Lucy's Warbler,Leiothlypis luciae,Wood-Warblers (Parulidae),yes,strict_safe_ab,xeno-canto,americas,XC616475,https://xeno-canto.org/616475,https://xeno-canto.org/616475/download,CC BY-SA 4.0,https://creativecommons.org/licenses/by-sa/4.0/,A,Pichard,song,yes,yes,yes,no,high,Exact scientific-name match from Xeno-canto with commercial-safe Creative Commons license.,2
1096,MacGillivray's Warbler,Geothlypis tolmiei,Wood-Warblers (Parulidae),yes,candidate_safe_research_grade,iNaturalist,research-grade exact taxon sound,iNat observation 328986291 / sound 1706391,https://www.inaturalist.org/observations/328986291,https://static.inaturalist.org/sounds/1706391.wav?1764544312,CC-BY,https://creativecommons.org/licenses/by/4.0/,research-grade,"(c) Liam Steele, some rights reserved (CC BY)",bird sound,yes,yes,no,yes,candidate,License-safe iNaturalist research-grade observation with exact taxon match; listen before shipping.,57
477,Magnificent Frigatebird,Fregata magnificens,Frigatebirds (Fregatidae),yes,strict_safe_commons_exact,Wikimedia Commons,exact scientific-name audio search,144755788,https://commons.wikimedia.org/wiki/File:De-Prachtfregattvogel.ogg,https://upload.wikimedia.org/wikipedia/commons/f/fd/De-Prachtfregattvogel.ogg?utm_source=commons.wikimedia.org&utm_campaign=imageinfo&utm_content=original,CC BY-SA 4.0,https://creativecommons.org/licenses/by-sa/4.0,metadata exact,Jeuwre,bird sound,yes,yes,yes,no,medium-high,Commons audio result with exact scientific-name match and commercial-safe license metadata.,1
1107,Magnolia Warbler,Setophaga magnolia,Wood-Warblers (Parulidae),yes,strict_safe_ab,xeno-canto,americas,XC993115,https://xeno-canto.org/993115,https://xeno-canto.org/993115/download,CC BY-SA 4.0,https://creativecommons.org/licenses/by-sa/4.0/,B,Doug Hynes,song,yes,yes,yes,no,high,Exact scientific-name match from Xeno-canto with commercial-safe Creative Commons license.,2
37,Mallard,Anas platyrhynchos,"Ducks, Geese, and Swans (Anatidae)",yes,strict_safe_ab,xeno-canto,americas,XC62258,https://xeno-canto.org/62258,https://xeno-canto.org/62258/download,CC BY-SA 3.0,https://creativecommons.org/licenses/by-sa/3.0/,A,Jonathon Jongsma,call,yes,yes,yes,no,high,Exact scientific-name match from Xeno-canto with commercial-safe Creative Commons license.,2
140,Mangrove Cuckoo,Coccyzus minor,"Cuckoos, Roadrunners, and Anis (Cuculidae)",yes,candidate_safe_research_grade,iNaturalist,research-grade exact taxon sound,iNat observation 304500752 / sound 1596487,https://www.inaturalist.org/observations/304500752,https://static.inaturalist.org/sounds/1596487.mp3?1754582706,CC-BY,https://creativecommons.org/licenses/by/4.0/,research-grade,"(c) Ryan F. Mandelbaum, some rights reserved (CC BY)",bird sound,yes,yes,no,yes,candidate,License-safe iNaturalist research-grade observation with exact taxon match; listen before shipping.,2
769,Mangrove Swallow,Tachycineta albilinea,Swallows (Hirundinidae),no,missing,,,,,,,,,,,,,,,,,0
1111,Mangrove Yellow (Yellow) Warbler,Setophaga petechia,Wood-Warblers (Parulidae),yes,strict_safe_ab,xeno-canto,americas,XC1033957,https://xeno-canto.org/1033957,https://xeno-canto.org/1033957/download,CC0-1.0,https://creativecommons.org/publicdomain/zero/1.0/,A,Gean Carlo Valdés,subsong,yes,yes,no,no,high,Exact scientific-name match from Xeno-canto with commercial-safe Creative Commons license.,41
468,Manx Shearwater,Puffinus puffinus,Shearwaters and Petrels (Procellariidae),yes,strict_safe_ab,xeno-canto,global,XC670087,https://xeno-canto.org/670087,https://xeno-canto.org/670087/download,CC BY 4.0,https://creativecommons.org/licenses/by/4.0/,A,Hugo Leclerc,flight call,yes,yes,no,no,high,Exact scientific-name match from Xeno-canto with commercial-safe Creative Commons license.,2
252,Marbled Godwit,Limosa fedoa,"Sandpipers, Phalaropes, and Allies (Scolopacidae)",no,missing,,,,,,,,,,,,,,,,,0
320,Marbled Murrelet,Brachyramphus marmoratus,"Auks, Murres, and Puffins (Alcidae)",yes,candidate_safe_research_grade,iNaturalist,research-grade exact taxon sound,iNat observation 301130982 / sound 1582130,https://www.inaturalist.org/observations/301130982,https://static.inaturalist.org/sounds/1582130.m4a?1753509912,CC0,https://creativecommons.org/publicdomain/zero/1.0/,research-grade,no rights reserved,bird sound,yes,yes,no,yes,candidate,License-safe iNaturalist research-grade observation with exact taxon match; listen before shipping.,4
157,Mariana Swiftlet,Aerodramus bartschi,Swifts (Apodidae),no,missing,,,,,,,,,,,,,,,,,0
302,Marsh Sandpiper,Tringa stagnatilis,"Sandpipers, Phalaropes, and Allies (Scolopacidae)",yes,candidate_safe_research_grade,iNaturalist,research-grade exact taxon sound,iNat observation 338563142 / sound 1766672,https://www.inaturalist.org/observations/338563142,https://static.inaturalist.org/sounds/1766672.wav?1771077603,CC-BY,https://creativecommons.org/licenses/by/4.0/,research-grade,"(c) Sam Hambly, some rights reserved (CC BY)",bird sound,yes,yes,no,yes,candidate,License-safe iNaturalist research-grade observation with exact taxon match; listen before shipping.,2
829,Marsh Wren,Cistothorus palustris,Wrens (Troglodytidae),yes,strict_safe_ab,xeno-canto,americas,XC143630,https://xeno-canto.org/143630,https://xeno-canto.org/143630/download,CC BY-SA 3.0,https://creativecommons.org/licenses/by-sa/3.0/,B,Jonathon Jongsma,song,yes,yes,yes,no,high,Exact scientific-name match from Xeno-canto with commercial-safe Creative Commons license.,5
479,Masked Booby,Sula dactylatra,Boobies and Gannets (Sulidae),no,missing,,,,,,,,,,,,,,,,,0
70,Masked Duck,Nomonyx dominicus,"Ducks, Geese, and Swans (Anatidae)",no,missing,,,,,,,,,,,,,,,,,0
645,Masked Tityra,Tityra semifasciata,"Becards, Tityras, and Allies (Tityridae)",yes,strict_safe_any_quality,xeno-canto,americas,XC251638,https://xeno-canto.org/251638,https://xeno-canto.org/251638/download,CC BY-SA 4.0,https://creativecommons.org/licenses/by-sa/4.0/,C,Niels Krabbe,call,yes,yes,yes,no,high,Exact scientific-name match from Xeno-canto with commercial-safe Creative Commons license.,1
965,Maui Akepa,Loxops ochraceus,Fringilline and Cardueline Finches and Allies (Fringillidae),no,missing,,,,,,,,,,,,,,,,,0
932,Maui Alauahio,Paroreomyza montana,Fringilline and Cardueline Finches and Allies (Fringillidae),no,missing,,,,,,,,,,,,,,,,,0
951,Maui Nukupuu,Hemignathus affinis,Fringilline and Cardueline Finches and Allies (Fringillidae),no,missing,,,,,,,,,,,,,,,,,0
948,Maui Parrotbill,Pseudonestor xanthophrys,Fringilline and Cardueline Finches and Allies (Fringillidae),no,missing,,,,,,,,,,,,,,,,,0
956,Maui-nui Akialoa,Akialoa lanaiensis,Fringilline and Cardueline Finches and Allies (Fringillidae),no,missing,,,,,,,,,,,,,,,,,0
994,McKay's Bunting,Plectrophenax hyperboreus,Longspurs and Snow Buntings (Calcariidae),no,missing,,,,,,,,,,,,,,,,,0
516,Medium Egret,Ardea intermedia,"Bitterns, Herons, and Allies (Ardeidae)",yes,strict_safe_any_quality,xeno-canto,global,XC1073373,https://xeno-canto.org/1073373,https://xeno-canto.org/1073373/download,CC BY 4.0,https://creativecommons.org/licenses/by/4.0/,C,Rob Nicholson,,yes,yes,no,no,high,Exact scientific-name match from Xeno-canto with commercial-safe Creative Commons license.,1
623,Merlin,Falco columbarius,Caracaras and Falcons (Falconidae),yes,strict_safe_ab,xeno-canto,americas,XC101582,https://xeno-canto.org/101582,https://xeno-canto.org/101582/download,CC BY-SA 3.0,https://creativecommons.org/licenses/by-sa/3.0/,B,Jonathon Jongsma,call,yes,yes,yes,no,high,Exact scientific-name match from Xeno-canto with commercial-safe Creative Commons license.,2
745,Mexican Chickadee,Poecile sclateri,Chickadees and Titmice (Paridae),yes,strict_safe_ab,xeno-canto,americas,XC1005238,https://xeno-canto.org/1005238,https://xeno-canto.org/1005238/download,CC BY-SA 4.0,https://creativecommons.org/licenses/by-sa/4.0/,B,Ryan Douglas,,yes,yes,yes,no,high,Exact scientific-name match from Xeno-canto with commercial-safe Creative Commons license.,1
38,Mexican Duck,Anas diazi,"Ducks, Geese, and Swans (Anatidae)",no,missing,,,,,,,,,,,,,,,,,0
730,Mexican Jay,Aphelocoma wollweberi,Jays and Crows (Corvidae),yes,candidate_safe_research_grade,iNaturalist,research-grade exact taxon sound,iNat observation 265157926 / sound 1332756,https://www.inaturalist.org/observations/265157926,https://static.inaturalist.org/sounds/1332756.wav?1741869575,CC-BY,https://creativecommons.org/licenses/by/4.0/,research-grade,"(c) Scott Harris, some rights reserved (CC BY)",bird sound,yes,yes,no,yes,candidate,License-safe iNaturalist research-grade observation with exact taxon match; listen before shipping.,6
162,Mexican Violetear,Colibri thalassinus,Hummingbirds (Trochilidae),yes,strict_safe_commons_exact,Wikimedia Commons,exact scientific-name audio search,68242496,https://commons.wikimedia.org/wiki/File:Colibri_thalassinus_-_Green_Violetear_XC250700.mp3,https://upload.wikimedia.org/wikipedia/commons/4/45/Colibri_thalassinus_-_Green_Violetear_XC250700.mp3?utm_source=commons.wikimedia.org&utm_campaign=imageinfo&utm_content=original,CC BY-SA 4.0,https://creativecommons.org/licenses/by-sa/4.0,metadata exact,Niels Krabbe,bird sound,yes,yes,yes,no,medium-high,Commons audio result with exact scientific-name match and commercial-safe license metadata.,3
150,Mexican Whip-poor-will,Antrostomus arizonae,Goatsuckers (Caprimulgidae),yes,strict_safe_ab,xeno-canto,americas,XC1005232,https://xeno-canto.org/1005232,https://xeno-canto.org/1005232/download,CC BY-SA 4.0,https://creativecommons.org/licenses/by-sa/4.0/,A,Ryan Douglas,,yes,yes,yes,no,high,Exact scientific-name match from Xeno-canto with commercial-safe Creative Commons license.,1
762,Middendorff's Grasshopper Warbler,Helopsaltes ochotensis,Grassbirds (Locustellidae),no,missing,,,,,,,,,,,,,,,,,0
758,Millerbird,Acrocephalus familiaris,Reed Warblers (Acrocephalidae),no,missing,,,,,,,,,,,,,,,,,0
543,Mississippi Kite,Ictinia mississippiensis,"Hawks, Kites, Eagles, and Allies (Accipitridae)",no,missing,,,,,,,,,,,,,,,,,0
864,Mistle Thrush,Turdus viscivorus,Thrushes (Turdidae),yes,strict_safe_ab,xeno-canto,global,XC815475,https://xeno-canto.org/815475,https://xeno-canto.org/815475/download,CC0-1.0,https://creativecommons.org/publicdomain/zero/1.0/,B,Sonothèque ADVL,song,yes,yes,no,no,high,Exact scientific-name match from Xeno-canto with commercial-safe Creative Commons license.,19
635,Mitred Parakeet,Psittacara mitratus,"Parakeets, Macaws, Amazons, and Parrots (Psittacidae)",no,missing,,,,,,,,,,,,,,,,,0
631,Monk Parakeet,Myiopsitta monachus,"Parakeets, Macaws, Amazons, and Parrots (Psittacidae)",yes,strict_safe_commons_exact,Wikimedia Commons,exact scientific-name audio search,142682105,https://commons.wikimedia.org/wiki/File:De-M%C3%B6nchssittich.ogg,https://upload.wikimedia.org/wikipedia/commons/1/12/De-M%C3%B6nchssittich.ogg?utm_source=commons.wikimedia.org&utm_campaign=imageinfo&utm_content=original,CC BY-SA 4.0,https://creativecommons.org/licenses/by-sa/4.0,metadata exact,Jeuwre,bird sound,yes,yes,yes,no,medium-high,Commons audio result with exact scientific-name match and commercial-safe license metadata.,2
78,Montezuma Quail,Cyrtonyx montezumae,New World Quail (Odontophoridae),yes,strict_safe_ab,xeno-canto,americas,XC492136,https://xeno-canto.org/492136,https://xeno-canto.org/492136/download,CC BY-SA 4.0,https://creativecommons.org/licenses/by-sa/4.0/,A,Diana Doyle,song,yes,yes,yes,no,high,Exact scientific-name match from Xeno-canto with commercial-safe Creative Commons license.,2
1161,Morelet's Seedeater,Sporophila morelleti,Tanagers and Allies (Thraupidae),yes,candidate_safe_research_grade,iNaturalist,research-grade exact taxon sound,iNat observation 241265127 / sound 1223445,https://www.inaturalist.org/observations/241265127,https://static.inaturalist.org/sounds/1223445.mp3?1728223056,CC0,https://creativecommons.org/publicdomain/zero/1.0/,research-grade,no rights reserved,bird sound,yes,yes,no,yes,candidate,License-safe iNaturalist research-grade observation with exact taxon match; listen before shipping.,5
40,Mottled Duck,Anas fulvigula,"Ducks, Geese, and Swans (Anatidae)",no,missing,,,,,,,,,,,,,,,,,0
577,Mottled Owl,Strix virgata,Typical Owls (Strigidae),yes,strict_safe_ab,xeno-canto,americas,XC251572,https://xeno-canto.org/251572,https://xeno-canto.org/251572/download,CC BY-SA 4.0,https://creativecommons.org/licenses/by-sa/4.0/,A,Niels Krabbe,call,yes,yes,yes,no,high,Exact scientific-name match from Xeno-canto with commercial-safe Creative Commons license.,3
439,Mottled Petrel,Pterodroma inexpectata,Shearwaters and Petrels (Procellariidae),no,missing,,,,,,,,,,,,,,,,,0
848,Mountain Bluebird,Sialia currucoides,Thrushes (Turdidae),yes,strict_safe_public_domain,National Park Service,official public-domain page,,https://www.nps.gov/yell/learn/photosmultimedia/soundlibrary.htm,,Public domain / NPS credit requested,https://www.nps.gov/subjects/sound/gallery.htm,official,National Park Service,bird sound,yes,yes,no,no,high,Official NPS public-domain sound listing; exact/common-name normalized match.,1
744,Mountain Chickadee,Poecile gambeli,Chickadees and Titmice (Paridae),yes,strict_safe_ab,xeno-canto,americas,XC717729,https://xeno-canto.org/717729,https://xeno-canto.org/717729/download,CC BY-SA 4.0,https://creativecommons.org/licenses/by-sa/4.0/,A,Diana Doyle,song,yes,yes,yes,no,high,Exact scientific-name match from Xeno-canto with commercial-safe Creative Commons license.,3
235,Mountain Plover,Anarhynchus montanus,Lapwings and Plovers (Charadriidae),no,missing,,,,,,,,,,,,,,,,,0
73,Mountain Quail,Oreortyx pictus,New World Quail (Odontophoridae),yes,strict_safe_ab,xeno-canto,americas,XC663677,https://xeno-canto.org/663677,https://xeno-canto.org/663677/download,CC BY-SA 4.0,https://creativecommons.org/licenses/by-sa/4.0/,A,Diana Doyle,alarm call,yes,yes,yes,no,high,Exact scientific-name match from Xeno-canto with commercial-safe Creative Commons license.,2
119,Mourning Dove,Zenaida macroura,Pigeons and Doves (Columbidae),yes,strict_safe_ab,xeno-canto,americas,XC128006,https://xeno-canto.org/128006,https://xeno-canto.org/128006/download,CC BY-SA 3.0,https://creativecommons.org/licenses/by-sa/3.0/,B,Jonathon Jongsma,call,yes,yes,yes,no,high,Exact scientific-name match from Xeno-canto with commercial-safe Creative Commons license.,2
1097,Mourning Warbler,Geothlypis philadelphia,Wood-Warblers (Parulidae),yes,strict_safe_ab,xeno-canto,americas,XC139571,https://xeno-canto.org/139571,https://xeno-canto.org/139571/download,CC BY-SA 3.0,https://creativecommons.org/licenses/by-sa/3.0/,A,Jonathon Jongsma,song,yes,yes,yes,no,high,Exact scientific-name match from Xeno-canto with commercial-safe Creative Commons license.,2
891,Mugimaki Flycatcher,Ficedula mugimaki,Old World Flycatchers (Muscicapidae),no,missing,,,,,,,,,,,,,,,,,0
438,Murphy's Petrel,Pterodroma ultima,Shearwaters and Petrels (Procellariidae),no,missing,,,,,,,,,,,,,,,,,0
23,Muscovy Duck,Cairina moschata,"Ducks, Geese, and Swans (Anatidae)",yes,strict_safe_commons_exact,Wikimedia Commons,exact scientific-name audio search,144750340,https://commons.wikimedia.org/wiki/File:De-Moschusente.ogg,https://upload.wikimedia.org/wikipedia/commons/b/bd/De-Moschusente.ogg?utm_source=commons.wikimedia.org&utm_campaign=imageinfo&utm_content=original,CC BY-SA 4.0,https://creativecommons.org/licenses/by-sa/4.0,metadata exact,Jeuwre,bird sound,yes,yes,yes,no,medium-high,Commons audio result with exact scientific-name match and commercial-safe license metadata.,1
17,Mute Swan,Cygnus olor,"Ducks, Geese, and Swans (Anatidae)",yes,strict_safe_ab,xeno-canto,global,XC434964,https://xeno-canto.org/434964,https://xeno-canto.org/434964/download,CC BY-SA 4.0,https://creativecommons.org/licenses/by-sa/4.0/,A,Joost van Bruggen,wingbeats,yes,yes,yes,no,high,Exact scientific-name match from Xeno-canto with commercial-safe Creative Commons license.,6
633,Nanday Parakeet,Aratinga nenday,"Parakeets, Macaws, Amazons, and Parrots (Psittacidae)",no,missing,,,,,,,,,,,,,,,,,0
890,Narcissus Flycatcher,Ficedula narcissina,Old World Flycatchers (Muscicapidae),yes,candidate_safe_research_grade,iNaturalist,research-grade exact taxon sound,iNat observation 358552309 / sound 1928188,https://www.inaturalist.org/observations/358552309,https://static.inaturalist.org/sounds/1928188.mp3?1777970716,CC-BY,https://creativecommons.org/licenses/by/4.0/,research-grade,"(c) ITÔ, Hiroki, some rights reserved (CC BY)",bird sound,yes,yes,no,yes,candidate,License-safe iNaturalist research-grade observation with exact taxon match; listen before shipping.,31
1092,Nashville Warbler,Leiothlypis ruficapilla,Wood-Warblers (Parulidae),yes,strict_safe_ab,xeno-canto,americas,XC243419,https://xeno-canto.org/243419,https://xeno-canto.org/243419/download,CC BY-SA 4.0,https://creativecommons.org/licenses/by-sa/4.0/,A,Jonathon Jongsma,song,yes,yes,yes,no,high,Exact scientific-name match from Xeno-canto with commercial-safe Creative Commons license.,3
868,Naumann's Thrush,Turdus naumanni,Thrushes (Turdidae),yes,strict_safe_ab,xeno-canto,global,XC1010630,https://xeno-canto.org/1010630,https://xeno-canto.org/1010630/download,CC BY-SA 4.0,https://creativecommons.org/licenses/by-sa/4.0/,A,Jochem Verweij,call,yes,yes,yes,no,high,Exact scientific-name match from Xeno-canto with commercial-safe Creative Commons license.,1
480,Nazca Booby,Sula granti,Boobies and Gannets (Sulidae),no,missing,,,,,,,,,,,,,,,,,0
1033,Nelson's Sparrow,Ammospiza nelsoni,Towhees and Sparrows (Passerellidae),yes,strict_safe_ab,xeno-canto,americas,XC960296,https://xeno-canto.org/960296,https://xeno-canto.org/960296/download,CC0-1.0,https://creativecommons.org/publicdomain/zero/1.0/,A,Beth Cottam,song,yes,yes,no,no,high,Exact scientific-name match from Xeno-canto with commercial-safe Creative Commons license.,5
492,Neotropic Cormorant,Nannopterum brasilianum,Cormorants (Phalacrocoracidae),yes,strict_safe_any_quality,xeno-canto,americas,XC463751,https://xeno-canto.org/463751,https://xeno-canto.org/463751/download,CC BY-SA 4.0,https://creativecommons.org/licenses/by-sa/4.0/,D,Oliver Komar,call,yes,yes,yes,no,high,Exact scientific-name match from Xeno-canto with commercial-safe Creative Commons license.,1
469,Newell's Shearwater,Puffinus newelli,Shearwaters and Petrels (Procellariidae),no,missing,,,,,,,,,,,,,,,,,0
935,Nihoa Finch,Telespiza ultima,Fringilline and Cardueline Finches and Allies (Fringillidae),no,missing,,,,,,,,,,,,,,,,,0
648,Northern Beardless-Tyrannulet,Camptostoma imberbe,Tyrant Flycatchers (Tyrannidae),yes,candidate_safe_research_grade,iNaturalist,research-grade exact taxon sound,iNat observation 304140203 / sound 1594974,https://www.inaturalist.org/observations/304140203,https://static.inaturalist.org/sounds/1594974.mp3?1754449274,CC-BY,https://creativecommons.org/licenses/by/4.0/,research-grade,"(c) Diego Puc Estrada, some rights reserved (CC BY)",bird sound,yes,yes,no,yes,candidate,License-safe iNaturalist research-grade observation with exact taxon match; listen before shipping.,13
74,Northern Bobwhite,Colinus virginianus,New World Quail (Odontophoridae),no,missing,,,,,,,,,,,,,,,,,0
584,Northern Boobook,Ninox japonica,Typical Owls (Strigidae),yes,candidate_safe_research_grade,iNaturalist,research-grade exact taxon sound,iNat observation 291198412 / sound 1533400,https://www.inaturalist.org/observations/291198412,https://static.inaturalist.org/sounds/1533400.mp3?1750427148,CC-BY,https://creativecommons.org/licenses/by/4.0/,research-grade,"(c) Gen Bon, some rights reserved (CC BY)",bird sound,yes,yes,no,yes,candidate,License-safe iNaturalist research-grade observation with exact taxon match; listen before shipping.,8
1140,Northern Cardinal,Cardinalis cardinalis,"Cardinals, Piranga Tanagers and Allies (Cardinalidae)",yes,strict_safe_ab,xeno-canto,americas,XC870690,https://xeno-canto.org/870690,https://xeno-canto.org/870690/download,CC BY-SA 4.0,https://creativecommons.org/licenses/by-sa/4.0/,A,steve,"call, subsong",yes,yes,yes,no,high,Exact scientific-name match from Xeno-canto with commercial-safe Creative Commons license.,10
613,Northern Flicker,Colaptes auratus,Woodpeckers and Allies (Picidae),yes,strict_safe_ab,xeno-canto,americas,XC104536,https://xeno-canto.org/104536,https://xeno-canto.org/104536/download,CC BY-SA 3.0,https://creativecommons.org/licenses/by-sa/3.0/,A,Jonathon Jongsma,call,yes,yes,yes,no,high,Exact scientific-name match from Xeno-canto with commercial-safe Creative Commons license.,4
432,Northern Fulmar,Fulmarus glacialis,Shearwaters and Petrels (Procellariidae),yes,strict_safe_commons_exact,Wikimedia Commons,exact scientific-name audio search,44603718,https://commons.wikimedia.org/wiki/File:Northern_Fulmar_(Fulmarus_glacialis)_(W1CDR0001409_BD2).ogg,https://upload.wikimedia.org/wikipedia/commons/6/64/Northern_Fulmar_%28Fulmarus_glacialis%29_%28W1CDR0001409_BD2%29.ogg?utm_source=commons.wikimedia.org&utm_campaign=imageinfo&utm_content=original,CC BY-SA 4.0,https://creativecommons.org/licenses/by-sa/4.0,metadata exact,,bird sound,yes,yes,yes,no,medium-high,Commons audio result with exact scientific-name match and commercial-safe license metadata.,1
485,Northern Gannet,Morus bassanus,Boobies and Gannets (Sulidae),yes,strict_safe_ab,xeno-canto,global,XC1041168,https://xeno-canto.org/1041168,https://xeno-canto.org/1041168/download,CC0-1.0,https://creativecommons.org/publicdomain/zero/1.0/,A,Sonothèque ADVL,"call, flight call",yes,yes,no,no,high,Exact scientific-name match from Xeno-canto with commercial-safe Creative Commons license.,2
431,Northern Giant-Petrel,Macronectes halli,Shearwaters and Petrels (Procellariidae),no,missing,,,,,,,,,,,,,,,,,0
537,Northern Harrier,Circus hudsonius,"Hawks, Kites, Eagles, and Allies (Accipitridae)",yes,candidate_safe_research_grade,iNaturalist,research-grade exact taxon sound,iNat observation 262237378 / sound 1310094,https://www.inaturalist.org/observations/262237378,https://static.inaturalist.org/sounds/1310094.wav?1739949784,CC0,https://creativecommons.org/publicdomain/zero/1.0/,research-grade,no rights reserved,bird sound,yes,yes,no,yes,candidate,License-safe iNaturalist research-grade observation with exact taxon match; listen before shipping.,4
570,Northern Hawk Owl,Surnia ulula,Typical Owls (Strigidae),yes,strict_safe_any_quality,xeno-canto,global,XC1063279,https://xeno-canto.org/1063279,https://xeno-canto.org/1063279/download,CC0-1.0,https://creativecommons.org/publicdomain/zero/1.0/,C,Juan Carlos Albero,song,yes,yes,no,no,high,Exact scientific-name match from Xeno-canto with commercial-safe Creative Commons license.,1
825,Northern House Wren,Troglodytes aedon,Wrens (Troglodytidae),yes,strict_safe_ab,xeno-canto,americas,XC558995,https://xeno-canto.org/558995,https://xeno-canto.org/558995/download,CC BY-SA 4.0,https://creativecommons.org/licenses/by-sa/4.0/,A,radrat,song,yes,yes,yes,no,high,Exact scientific-name match from Xeno-canto with commercial-safe Creative Commons license.,24
238,Northern Jacana,Jacana spinosa,Jacanas (Jacanidae),no,missing,,,,,,,,,,,,,,,,,0
229,Northern Lapwing,Vanellus vanellus,Lapwings and Plovers (Charadriidae),yes,strict_safe_ab,xeno-canto,global,XC902884,https://xeno-canto.org/902884,https://xeno-canto.org/902884/download,CC BY-SA 4.0,https://creativecommons.org/licenses/by-sa/4.0/,A,Jochem verweij,"alarm call, flight call",yes,yes,yes,no,high,Exact scientific-name match from Xeno-canto with commercial-safe Creative Commons license.,22
841,Northern Mockingbird,Mimus polyglottos,Mockingbirds and Thrashers (Mimidae),yes,strict_safe_ab,xeno-canto,americas,XC917982,https://xeno-canto.org/917982,https://xeno-canto.org/917982/download,CC0-1.0,https://creativecommons.org/publicdomain/zero/1.0/,B,Anonymous,song,yes,yes,no,no,high,Exact scientific-name match from Xeno-canto with commercial-safe Creative Commons license.,4
1105,Northern Parula,Setophaga americana,Wood-Warblers (Parulidae),yes,strict_safe_ab,xeno-canto,americas,XC142586,https://xeno-canto.org/142586,https://xeno-canto.org/142586/download,CC BY-SA 3.0,https://creativecommons.org/licenses/by-sa/3.0/,A,Jonathon Jongsma,song,yes,yes,yes,no,high,Exact scientific-name match from Xeno-canto with commercial-safe Creative Commons license.,6
42,Northern Pintail,Anas acuta,"Ducks, Geese, and Swans (Anatidae)",yes,strict_safe_ab,xeno-canto,global,XC730777,https://xeno-canto.org/730777,https://xeno-canto.org/730777/download,CC0-1.0,https://creativecommons.org/publicdomain/zero/1.0/,B,Sonothèque ADVL,"call, song",yes,yes,no,no,high,Exact scientific-name match from Xeno-canto with commercial-safe Creative Commons license.,4
571,Northern Pygmy-Owl,Glaucidium gnoma,Typical Owls (Strigidae),yes,candidate_safe_research_grade,iNaturalist,research-grade exact taxon sound,iNat observation 341386724 / sound 1792423,https://www.inaturalist.org/observations/341386724,https://static.inaturalist.org/sounds/1792423.wav?1772726068,CC-BY,https://creativecommons.org/licenses/by/4.0/,research-grade,"(c) Caleb Catto, some rights reserved (CC BY)",bird sound,yes,yes,no,yes,candidate,License-safe iNaturalist research-grade observation with exact taxon match; listen before shipping.,36
771,Northern Rough-winged Swallow,Stelgidopteryx serripennis,Swallows (Hirundinidae),no,missing,,,,,,,,,,,,,,,,,0
583,Northern Saw-whet Owl,Aegolius acadicus,Typical Owls (Strigidae),yes,strict_safe_ab,xeno-canto,americas,XC707582,https://xeno-canto.org/707582,https://xeno-canto.org/707582/download,CC BY-SA 4.0,https://creativecommons.org/licenses/by-sa/4.0/,B,Diana Doyle,song,yes,yes,yes,no,high,Exact scientific-name match from Xeno-canto with commercial-safe Creative Commons license.,1
29,Northern Shoveler,Spatula clypeata,"Ducks, Geese, and Swans (Anatidae)",yes,strict_safe_ab,xeno-canto,global,XC1041165,https://xeno-canto.org/1041165,https://xeno-canto.org/1041165/download,CC0-1.0,https://creativecommons.org/publicdomain/zero/1.0/,A,Sonothèque ADVL,flight call,yes,yes,no,no,high,Exact scientific-name match from Xeno-canto with commercial-safe Creative Commons license.,5
719,Northern Shrike,Lanius borealis,Shrikes (Laniidae),yes,candidate_safe_research_grade,iNaturalist,research-grade exact taxon sound,iNat observation 271246656 / sound 1380917,https://www.inaturalist.org/observations/271246656,https://static.inaturalist.org/sounds/1380917.wav?1744994511,CC-BY,https://creativecommons.org/licenses/by/4.0/,research-grade,"(c) Sam Ehlers, some rights reserved (CC BY)",bird sound,yes,yes,no,yes,candidate,License-safe iNaturalist research-grade observation with exact taxon match; listen before shipping.,11
1080,Northern Waterthrush,Parkesia noveboracensis,Wood-Warblers (Parulidae),yes,strict_safe_ab,xeno-canto,americas,XC569443,https://xeno-canto.org/569443,https://xeno-canto.org/569443/download,CC BY-SA 4.0,https://creativecommons.org/licenses/by-sa/4.0/,A,Doug Hynes,song,yes,yes,yes,no,high,Exact scientific-name match from Xeno-canto with commercial-safe Creative Commons license.,9
897,Northern Wheatear,Oenanthe oenanthe,Old World Flycatchers (Muscicapidae),yes,strict_safe_ab,xeno-canto,global,XC900706,https://xeno-canto.org/900706,https://xeno-canto.org/900706/download,CC BY-SA 4.0,https://creativecommons.org/licenses/by-sa/4.0/,A,Jochem verweij,"call, song",yes,yes,yes,no,high,Exact scientific-name match from Xeno-canto with commercial-safe Creative Commons license.,8
1110,Northern Yellow (Yellow) Warbler,Setophaga aestiva (petechia),Wood-Warblers (Parulidae),no,missing,,,,,,,,,,,,,,,,,0
607,Nuttall's Woodpecker,Dryobates nuttallii,Woodpeckers and Allies (Picidae),yes,strict_safe_ab,xeno-canto,americas,XC110974,https://xeno-canto.org/110974,https://xeno-canto.org/110974/download,CC BY-SA 3.0,https://creativecommons.org/licenses/by-sa/3.0/,B,Jonathon Jongsma,call,yes,yes,yes,no,high,Exact scientific-name match from Xeno-canto with commercial-safe Creative Commons license.,2
654,Nutting's Flycatcher,Myiarchus nuttingi,Tyrant Flycatchers (Tyrannidae),yes,strict_safe_ab,xeno-canto,americas,XC990078,https://xeno-canto.org/990078,https://xeno-canto.org/990078/download,CC BY-SA 4.0,https://creativecommons.org/licenses/by-sa/4.0/,B,Oliver Komar,call,yes,yes,yes,no,high,Exact scientific-name match from Xeno-canto with commercial-safe Creative Commons license.,1
964,Oahu Akepa,Loxops wolstenholmei,Fringilline and Cardueline Finches and Allies (Fringillidae),no,missing,,,,,,,,,,,,,,,,,0
955,Oahu Akialoa,Akialoa ellisiana,Fringilline and Cardueline Finches and Allies (Fringillidae),no,missing,,,,,,,,,,,,,,,,,0
930,Oahu Alauahio,Paroreomyza maculata,Fringilline and Cardueline Finches and Allies (Fringillidae),no,missing,,,,,,,,,,,,,,,,,0
959,Oahu Amakihi,Chlorodrepanis flava,Fringilline and Cardueline Finches and Allies (Fringillidae),no,missing,,,,,,,,,,,,,,,,,0
714,Oahu Elepaio,Chasiempis ibidis,Monarch Flycatchers (Monarchidae),yes,candidate_safe_research_grade,iNaturalist,research-grade exact taxon sound,iNat observation 329415727 / sound 1708771,https://www.inaturalist.org/observations/329415727,https://static.inaturalist.org/sounds/1708771.mp3?1764824664,CC-BY,https://creativecommons.org/licenses/by/4.0/,research-grade,"(c) Damien Wallace, some rights reserved (CC BY)",bird sound,yes,yes,no,yes,candidate,License-safe iNaturalist research-grade observation with exact taxon match; listen before shipping.,4
950,Oahu Nukupuu,Hemignathus lucidus,Fringilline and Cardueline Finches and Allies (Fringillidae),no,missing,,,,,,,,,,,,,,,,,0
806,Oahu Oo,Moho apicalis,Hawaiian Mohos (Mohoidae),no,missing,,,,,,,,,,,,,,,,,0
750,Oak Titmouse,Baeolophus inornatus,Chickadees and Titmice (Paridae),yes,strict_safe_ab,xeno-canto,americas,XC109857,https://xeno-canto.org/109857,https://xeno-canto.org/109857/download,CC BY-SA 3.0,https://creativecommons.org/licenses/by-sa/3.0/,B,Jonathon Jongsma,call,yes,yes,yes,no,high,Exact scientific-name match from Xeno-canto with commercial-safe Creative Commons license.,4
1009,Olive Sparrow,Arremonops rufivirgatus,Towhees and Sparrows (Passerellidae),yes,strict_safe_ab,xeno-canto,americas,XC891588,https://xeno-canto.org/891588,https://xeno-canto.org/891588/download,CC BY-SA 4.0,https://creativecommons.org/licenses/by-sa/4.0/,B,steve,song,yes,yes,yes,no,high,Exact scientific-name match from Xeno-canto with commercial-safe Creative Commons license.,1
899,Olive Warbler,Peucedramus taeniatus,Olive Warblers (Peucedramidae),yes,strict_safe_ab,xeno-canto,americas,XC1005240,https://xeno-canto.org/1005240,https://xeno-canto.org/1005240/download,CC BY-SA 4.0,https://creativecommons.org/licenses/by-sa/4.0/,A,Ryan Douglas,song,yes,yes,yes,no,high,Exact scientific-name match from Xeno-canto with commercial-safe Creative Commons license.,1
916,Olive-backed Pipit,Anthus hodgsoni,Wagtails and Pipits (Motacillidae),yes,strict_safe_ab,xeno-canto,global,XC931736,https://xeno-canto.org/931736,https://xeno-canto.org/931736/download,CC BY-SA 4.0,https://creativecommons.org/licenses/by-sa/4.0/,A,Jochem Verweij,"call, flight call",yes,yes,yes,no,high,Exact scientific-name match from Xeno-canto with commercial-safe Creative Commons license.,9
675,Olive-sided Flycatcher,Contopus cooperi,Tyrant Flycatchers (Tyrannidae),yes,strict_safe_ab,xeno-canto,americas,XC935026,https://xeno-canto.org/935026,https://xeno-canto.org/935026/download,CC0-1.0,https://creativecommons.org/publicdomain/zero/1.0/,B,Rosa Elena Albornoz,"call, song",yes,yes,no,no,high,Exact scientific-name match from Xeno-canto with commercial-safe Creative Commons license.,6
853,Olomao,Myadestes lanaiensis,Thrushes (Turdidae),no,missing,,,,,,,,,,,,,,,,,0
854,Omao,Myadestes obscurus,Thrushes (Turdidae),yes,candidate_safe_research_grade,iNaturalist,research-grade exact taxon sound,iNat observation 344124641 / sound 1815445,https://www.inaturalist.org/observations/344124641,https://static.inaturalist.org/sounds/1815445.mp3?1774073010,CC-BY,https://creativecommons.org/licenses/by/4.0/,research-grade,"(c) Damien Wallace, some rights reserved (CC BY)",bird sound,yes,yes,no,yes,candidate,License-safe iNaturalist research-grade observation with exact taxon match; listen before shipping.,5
856,Orange-billed Nightingale-Thrush,Catharus aurantiirostris,Thrushes (Turdidae),yes,strict_safe_ab,xeno-canto,americas,XC695543,https://xeno-canto.org/695543,https://xeno-canto.org/695543/download,CC BY-SA 4.0,https://creativecommons.org/licenses/by-sa/4.0/,A,Andres Felipe Espinosa,song,yes,yes,yes,no,high,Exact scientific-name match from Xeno-canto with commercial-safe Creative Commons license.,3
1089,Orange-crowned Warbler,Leiothlypis celata,Wood-Warblers (Parulidae),yes,strict_safe_ab,xeno-canto,americas,XC537272,https://xeno-canto.org/537272,https://xeno-canto.org/537272/download,CC BY-SA 4.0,https://creativecommons.org/licenses/by-sa/4.0/,A,Peter Wilton,song,yes,yes,yes,no,high,Exact scientific-name match from Xeno-canto with commercial-safe Creative Commons license.,3
1056,Orchard Oriole,Icterus spurius,Blackbirds (Icteridae),yes,strict_safe_ab,xeno-canto,americas,XC1006898,https://xeno-canto.org/1006898,https://xeno-canto.org/1006898/download,CC BY-SA 4.0,https://creativecommons.org/licenses/by-sa/4.0/,B,Ryan Douglas,song,yes,yes,yes,no,high,Exact scientific-name match from Xeno-canto with commercial-safe Creative Commons license.,4
137,Oriental Cuckoo,Cuculus optatus,"Cuckoos, Roadrunners, and Anis (Cuculidae)",yes,strict_safe_commons_exact,Wikimedia Commons,exact scientific-name audio search,91143379,https://commons.wikimedia.org/wiki/File:Bugu.ogg,https://upload.wikimedia.org/wikipedia/commons/1/1c/Bugu.ogg?utm_source=commons.wikimedia.org&utm_campaign=imageinfo&utm_content=original,CC BY-SA 4.0,https://creativecommons.org/licenses/by-sa/4.0,metadata exact,Jidanni,bird sound,yes,yes,yes,no,medium-high,Commons audio result with exact scientific-name match and commercial-safe license metadata.,1
976,Oriental Greenfinch,Chloris sinica,Fringilline and Cardueline Finches and Allies (Fringillidae),no,missing,,,,,,,,,,,,,,,,,0
527,Oriental Honey-buzzard,Pernis ptilorhynchus,"Hawks, Kites, Eagles, and Allies (Accipitridae)",yes,strict_safe_any_quality,xeno-canto,global,XC875446,https://xeno-canto.org/875446,https://xeno-canto.org/875446/download,CC BY-SA 4.0,https://creativecommons.org/licenses/by-sa/4.0/,D,Jairam Vijayan,call,yes,yes,yes,no,high,Exact scientific-name match from Xeno-canto with commercial-safe Creative Commons license.,1
306,Oriental Pratincole,Glareola maldivarum,Pratincoles (Glareolidae),yes,strict_safe_ab,xeno-canto,global,XC127902,https://xeno-canto.org/127902,https://xeno-canto.org/127902/download,CC BY-SA 3.0,https://creativecommons.org/licenses/by-sa/3.0/,B,Sudipto Roy,flight call,yes,yes,yes,no,high,Exact scientific-name match from Xeno-canto with commercial-safe Creative Commons license.,1
563,Oriental Scops-Owl,Otus sunia,Typical Owls (Strigidae),yes,strict_safe_ab,xeno-canto,global,XC1005376,https://xeno-canto.org/1005376,https://xeno-canto.org/1005376/download,CC BY-SA 4.0,https://creativecommons.org/licenses/by-sa/4.0/,B,steve,song,yes,yes,yes,no,high,Exact scientific-name match from Xeno-canto with commercial-safe Creative Commons license.,1
126,Oriental Turtle-Dove,Streptopelia orientalis,Pigeons and Doves (Columbidae),yes,strict_safe_commons_exact,Wikimedia Commons,exact scientific-name audio search,3116105,https://commons.wikimedia.org/wiki/File:Streptopelia_orientalis.ogg,https://upload.wikimedia.org/wikipedia/commons/3/31/Streptopelia_orientalis.ogg?utm_source=commons.wikimedia.org&utm_campaign=imageinfo&utm_content=original,CC BY-SA 3.0,http://creativecommons.org/licenses/by-sa/3.0/,metadata exact,boppochan,bird sound,yes,yes,yes,no,medium-high,Commons audio result with exact scientific-name match and commercial-safe license metadata.,1
524,Osprey,Pandion haliaetus,Ospreys (Pandionidae),yes,strict_safe_ab,xeno-canto,americas,XC671347,https://xeno-canto.org/671347,https://xeno-canto.org/671347/download,CC BY-SA 4.0,https://creativecommons.org/licenses/by-sa/4.0/,B,Doug Hynes,call,yes,yes,yes,no,high,Exact scientific-name match from Xeno-canto with commercial-safe Creative Commons license.,2
946,Ou,Psittirostra psittacea,Fringilline and Cardueline Finches and Allies (Fringillidae),no,missing,,,,,,,,,,,,,,,,,0
1077,Ovenbird,Seiurus aurocapilla,Wood-Warblers (Parulidae),yes,strict_safe_ab,xeno-canto,americas,XC797247,https://xeno-canto.org/797247,https://xeno-canto.org/797247/download,CC BY-SA 4.0,https://creativecommons.org/licenses/by-sa/4.0/,A,steve,song,yes,yes,yes,no,high,Exact scientific-name match from Xeno-canto with commercial-safe Creative Commons license.,10
159,Pacific (Fork-tailed) Swift,Apus pacificus,Swifts (Apodidae),no,missing,,,,,,,,,,,,,,,,,0
222,Pacific Golden-Plover,Pluvialis fulva,Lapwings and Plovers (Charadriidae),yes,strict_safe_ab,xeno-canto,global,XC931492,https://xeno-canto.org/931492,https://xeno-canto.org/931492/download,CC BY-SA 4.0,https://creativecommons.org/licenses/by-sa/4.0/,B,Jochem Verweij,flight call,yes,yes,yes,no,high,Exact scientific-name match from Xeno-canto with commercial-safe Creative Commons license.,3
401,Pacific Loon,Gavia pacifica,Loons (Gaviidae),yes,strict_safe_ab,xeno-canto,americas,XC991767,https://xeno-canto.org/991767,https://xeno-canto.org/991767/download,CC BY-SA 4.0,https://creativecommons.org/licenses/by-sa/4.0/,B,Doug Hynes,call,yes,yes,yes,no,high,Exact scientific-name match from Xeno-canto with commercial-safe Creative Commons license.,1
826,Pacific Wren,Troglodytes pacificus,Wrens (Troglodytidae),yes,strict_safe_ab,xeno-canto,americas,XC915129,https://xeno-canto.org/915129,https://xeno-canto.org/915129/download,CC0-1.0,https://creativecommons.org/publicdomain/zero/1.0/,A,Nate Peterson,song,yes,yes,no,no,high,Exact scientific-name match from Xeno-canto with commercial-safe Creative Commons license.,3
193,Paint-billed Crake,Mustelirallus erythrops,"Rails, Gallinules, and Coots (Rallidae)",no,missing,,,,,,,,,,,,,,,,,0
1150,Painted Bunting,Passerina ciris,"Cardinals, Piranga Tanagers and Allies (Cardinalidae)",yes,strict_safe_commons_exact,Wikimedia Commons,exact scientific-name audio search,181384244,https://commons.wikimedia.org/wiki/File:Passerina_ciris_1435567.ogg,https://upload.wikimedia.org/wikipedia/commons/0/07/Passerina_ciris_1435567.ogg?utm_source=commons.wikimedia.org&utm_campaign=imageinfo&utm_content=original,CC BY 4.0,https://creativecommons.org/licenses/by/4.0,metadata exact,AMANTEDESAURIOS,bird sound,yes,yes,no,no,medium-high,Commons audio result with exact scientific-name match and commercial-safe license metadata.,1
1132,Painted Redstart,Myioborus pictus,Wood-Warblers (Parulidae),yes,strict_safe_any_quality,xeno-canto,americas,XC860597,https://xeno-canto.org/860597,https://xeno-canto.org/860597/download,CC0-1.0,https://creativecommons.org/publicdomain/zero/1.0/,C,Ana Rebeca Martinez Martinez,call,yes,yes,no,no,high,Exact scientific-name match from Xeno-canto with commercial-safe Creative Commons license.,1
933,Palila,Loxioides bailleui,Fringilline and Cardueline Finches and Allies (Fringillidae),no,missing,,,,,,,,,,,,,,,,,0
1002,Pallas's Bunting,Emberiza pallasi,Emberizids (Emberizidae),yes,strict_safe_any_quality,xeno-canto,global,XC931499,https://xeno-canto.org/931499,https://xeno-canto.org/931499/download,CC BY-SA 4.0,https://creativecommons.org/licenses/by-sa/4.0/,C,Jochem Verweij,flight call,yes,yes,yes,no,high,Exact scientific-name match from Xeno-canto with commercial-safe Creative Commons license.,3
761,Pallas's Grasshopper Warbler,Helopsaltes certhiola,Grassbirds (Locustellidae),yes,strict_safe_any_quality,xeno-canto,global,XC932392,https://xeno-canto.org/932392,https://xeno-canto.org/932392/download,CC BY-SA 4.0,https://creativecommons.org/licenses/by-sa/4.0/,D,Jochem Verweij,subsong,yes,yes,yes,no,high,Exact scientific-name match from Xeno-canto with commercial-safe Creative Commons license.,1
375,Pallas's Gull,Ichthyaetus ichthyaetus,"Gulls, Terns, and Skimmers (Laridae)",no,missing,,,,,,,,,,,,,,,,,0
787,Pallas's Leaf Warbler,Phylloscopus proregulus,Leaf Warblers (Phylloscopidae),yes,strict_safe_any_quality,xeno-canto,global,XC707368,https://xeno-canto.org/707368,https://xeno-canto.org/707368/download,CC0-1.0,https://creativecommons.org/publicdomain/zero/1.0/,D,Sonothèque ADVL,song,yes,yes,no,no,high,Exact scientific-name match from Xeno-canto with commercial-safe Creative Commons license.,1
927,Pallas's Rosefinch,Carpodacus roseus,Fringilline and Cardueline Finches and Allies (Fringillidae),no,missing,,,,,,,,,,,,,,,,,0
1115,Palm Warbler,Setophaga palmarum,Wood-Warblers (Parulidae),yes,strict_safe_ab,xeno-canto,americas,XC1102779,https://xeno-canto.org/1102779,https://xeno-canto.org/1102779/download,CC BY-SA 4.0,https://creativecommons.org/licenses/by-sa/4.0/,B,Doug Hynes,song,yes,yes,yes,no,high,Exact scientific-name match from Xeno-canto with commercial-safe Creative Commons license.,2
327,Parakeet Auklet,Aethia psittacula,"Auks, Murres, and Puffins (Alcidae)",no,missing,,,,,,,,,,,,,,,,,0
310,Parasitic Jaeger,Stercorarius parasiticus,Skuas and Jaegers (Stercorariidae),yes,strict_safe_ab,xeno-canto,americas,XC609518,https://xeno-canto.org/609518,https://xeno-canto.org/609518/download,CC BY-SA 4.0,https://creativecommons.org/licenses/by-sa/4.0/,A,Doug Hynes,"alarm call, call, flight call",yes,yes,yes,no,high,Exact scientific-name match from Xeno-canto with commercial-safe Creative Commons license.,1
455,Parkinson's Petrel,Procellaria parkinsoni,Shearwaters and Petrels (Procellariidae),no,missing,,,,,,,,,,,,,,,,,0
120,"Passenger Pigeon (extinct, 1914)",Ectopistes migratorius,Pigeons and Doves (Columbidae),no,missing,,,,,,,,,,,,,,,,,0
917,Pechora Pipit,Anthus gustavi,Wagtails and Pipits (Motacillidae),no,missing,,,,,,,,,,,,,,,,,0
276,Pectoral Sandpiper,Calidris melanotos,"Sandpipers, Phalaropes, and Allies (Scolopacidae)",yes,strict_safe_any_quality,xeno-canto,americas,XC250563,https://xeno-canto.org/250563,https://xeno-canto.org/250563/download,CC BY-SA 4.0,https://creativecommons.org/licenses/by-sa/4.0/,C,Niels Krabbe,"alarm call, call",yes,yes,yes,no,high,Exact scientific-name match from Xeno-canto with commercial-safe Creative Commons license.,1
489,Pelagic Cormorant,Urile pelagicus,Cormorants (Phalacrocoracidae),no,missing,,,,,,,,,,,,,,,,,0
628,Peregrine Falcon,Falco peregrinus,Caracaras and Falcons (Falconidae),yes,strict_safe_ab,xeno-canto,global,XC705937,https://xeno-canto.org/705937,https://xeno-canto.org/705937/download,CC0-1.0,https://creativecommons.org/publicdomain/zero/1.0/,A,Sonothèque ADVL,"alarm call, begging call, call",yes,yes,no,no,high,Exact scientific-name match from Xeno-canto with commercial-safe Creative Commons license.,7
804,Phainopepla,Phainopepla nitens,Silky-flycatchers (Ptiliogonatidae),yes,candidate_safe_research_grade,iNaturalist,research-grade exact taxon sound,iNat observation 348193311 / sound 1846635,https://www.inaturalist.org/observations/348193311,https://static.inaturalist.org/sounds/1846635.wav?1775611356,CC-BY,https://creativecommons.org/licenses/by/4.0/,research-grade,"(c) Alaina Krakowiak, some rights reserved (CC BY)",bird sound,yes,yes,no,yes,candidate,License-safe iNaturalist research-grade observation with exact taxon match; listen before shipping.,23
706,Philadelphia Vireo,Vireo philadelphicus,Vireos (Vireonidae),yes,strict_safe_any_quality,xeno-canto,americas,XC134152,https://xeno-canto.org/134152,https://xeno-canto.org/134152/download,CC BY-SA 3.0,https://creativecommons.org/licenses/by-sa/3.0/,C,Jonathon Jongsma,call,yes,yes,yes,no,high,Exact scientific-name match from Xeno-canto with commercial-safe Creative Commons license.,1
898,Pied Wheatear,Oenanthe pleschanka,Old World Flycatchers (Muscicapidae),yes,strict_safe_ab,xeno-canto,global,XC929263,https://xeno-canto.org/929263,https://xeno-canto.org/929263/download,CC BY-SA 4.0,https://creativecommons.org/licenses/by-sa/4.0/,A,Jochem Verweij,call,yes,yes,yes,no,high,Exact scientific-name match from Xeno-canto with commercial-safe Creative Commons license.,1
104,Pied-billed Grebe,Podilymbus podiceps,Grebes (Podicipedidae),yes,strict_safe_ab,xeno-canto,americas,XC1090720,https://xeno-canto.org/1090720,https://xeno-canto.org/1090720/download,CC0-1.0,https://creativecommons.org/publicdomain/zero/1.0/,A,Pedro Sanetti,song,yes,yes,no,no,high,Exact scientific-name match from Xeno-canto with commercial-safe Creative Commons license.,1
318,Pigeon Guillemot,Cepphus columba,"Auks, Murres, and Puffins (Alcidae)",yes,strict_safe_ab,xeno-canto,americas,XC926084,https://xeno-canto.org/926084,https://xeno-canto.org/926084/download,CC BY-SA 4.0,https://creativecommons.org/licenses/by-sa/4.0/,B,steve,song,yes,yes,yes,no,high,Exact scientific-name match from Xeno-canto with commercial-safe Creative Commons license.,1
615,Pileated Woodpecker,Dryocopus pileatus,Woodpeckers and Allies (Picidae),yes,strict_safe_ab,xeno-canto,americas,XC61518,https://xeno-canto.org/61518,https://xeno-canto.org/61518/download,CC BY-SA 3.0,https://creativecommons.org/licenses/by-sa/3.0/,B,Jonathon Jongsma,call,yes,yes,yes,no,high,Exact scientific-name match from Xeno-canto with commercial-safe Creative Commons license.,3
285,Pin-tailed Snipe,Gallinago stenura,"Sandpipers, Phalaropes, and Allies (Scolopacidae)",yes,strict_safe_ab,xeno-canto,global,XC930658,https://xeno-canto.org/930658,https://xeno-canto.org/930658/download,CC BY-SA 4.0,https://creativecommons.org/licenses/by-sa/4.0/,B,Jochem Verweij,flight call,yes,yes,yes,no,high,Exact scientific-name match from Xeno-canto with commercial-safe Creative Commons license.,1
995,Pine Bunting,Emberiza leucocephalos,Emberizids (Emberizidae),yes,strict_safe_ab,xeno-canto,global,XC1010995,https://xeno-canto.org/1010995,https://xeno-canto.org/1010995/download,CC BY-SA 4.0,https://creativecommons.org/licenses/by-sa/4.0/,A,steve,song,yes,yes,yes,no,high,Exact scientific-name match from Xeno-canto with commercial-safe Creative Commons license.,1
688,Pine Flycatcher,Empidonax affinis,Tyrant Flycatchers (Tyrannidae),no,missing,,,,,,,,,,,,,,,,,0
967,Pine Grosbeak,Pinicola enucleator,Fringilline and Cardueline Finches and Allies (Fringillidae),yes,strict_safe_ab,xeno-canto,americas,XC994664,https://xeno-canto.org/994664,https://xeno-canto.org/994664/download,CC BY-SA 4.0,https://creativecommons.org/licenses/by-sa/4.0/,B,Doug Hynes,call,yes,yes,yes,no,high,Exact scientific-name match from Xeno-canto with commercial-safe Creative Commons license.,2
984,Pine Siskin,Spinus pinus,Fringilline and Cardueline Finches and Allies (Fringillidae),yes,strict_safe_ab,xeno-canto,americas,XC994719,https://xeno-canto.org/994719,https://xeno-canto.org/994719/download,CC BY-SA 4.0,https://creativecommons.org/licenses/by-sa/4.0/,A,Doug Hynes,call,yes,yes,yes,no,high,Exact scientific-name match from Xeno-canto with commercial-safe Creative Commons license.,3
1116,Pine Warbler,Setophaga pinus,Wood-Warblers (Parulidae),yes,candidate_safe_research_grade,iNaturalist,research-grade exact taxon sound,iNat observation 358309468 / sound 1926610,https://www.inaturalist.org/observations/358309468,https://static.inaturalist.org/sounds/1926610.m4a?1777907846,CC-BY,https://creativecommons.org/licenses/by/4.0/,research-grade,"(c) Helen J, some rights reserved (CC BY)",bird sound,yes,yes,no,yes,candidate,License-safe iNaturalist research-grade observation with exact taxon match; listen before shipping.,355
11,Pink-footed Goose,Anser brachyrhynchus,"Ducks, Geese, and Swans (Anatidae)",yes,strict_safe_any_quality,xeno-canto,global,XC997273,https://xeno-canto.org/997273,https://xeno-canto.org/997273/download,CC BY 4.0,https://creativecommons.org/licenses/by/4.0/,D,Bart Vastenhouw,uncertain,yes,yes,no,no,high,Exact scientific-name match from Xeno-canto with commercial-safe Creative Commons license.,1
465,Pink-footed Shearwater,Ardenna creatopus,Shearwaters and Petrels (Procellariidae),no,missing,,,,,,,,,,,,,,,,,0
723,Pinyon Jay,Gymnorhinus cyanocephalus,Jays and Crows (Corvidae),yes,strict_safe_commons_exact,Wikimedia Commons,exact scientific-name audio search,181497276,https://commons.wikimedia.org/wiki/File:Gymnorhinus_cyanocephalus_124585.ogg,https://upload.wikimedia.org/wikipedia/commons/d/db/Gymnorhinus_cyanocephalus_124585.ogg?utm_source=commons.wikimedia.org&utm_campaign=imageinfo&utm_content=original,CC BY 4.0,https://creativecommons.org/licenses/by/4.0,metadata exact,Yifei He 何一非,bird sound,yes,yes,no,no,medium-high,Commons audio result with exact scientific-name match and commercial-safe license metadata.,1
227,Piping Plover,Charadrius melodus,Lapwings and Plovers (Charadriidae),yes,candidate_safe_research_grade,iNaturalist,research-grade exact taxon sound,iNat observation 335104587 / sound 1743477,https://www.inaturalist.org/observations/335104587,https://static.inaturalist.org/sounds/1743477.mp3?1768678378,CC-BY,https://creativecommons.org/licenses/by/4.0/,research-grade,"(c) Guy Babineau, some rights reserved (CC BY)",bird sound,yes,yes,no,yes,candidate,License-safe iNaturalist research-grade observation with exact taxon match; listen before shipping.,9
661,Piratic Flycatcher,Legatus leucophaius,Tyrant Flycatchers (Tyrannidae),yes,strict_safe_ab,xeno-canto,americas,XC249067,https://xeno-canto.org/249067,https://xeno-canto.org/249067/download,CC BY-SA 4.0,https://creativecommons.org/licenses/by-sa/4.0/,A,Niels Krabbe,song,yes,yes,yes,no,high,Exact scientific-name match from Xeno-canto with commercial-safe Creative Commons license.,9
72,Plain Chachalaca,Ortalis vetula,Curassows and Guans (Cracidae),yes,candidate_safe_research_grade,iNaturalist,research-grade exact taxon sound,iNat observation 349038499 / sound 1853274,https://www.inaturalist.org/observations/349038499,https://static.inaturalist.org/sounds/1853274.wav?1775934846,CC-BY,https://creativecommons.org/licenses/by/4.0/,research-grade,"(c) Pablo F. Domínguez, some rights reserved (CC BY)",bird sound,yes,yes,no,yes,candidate,License-safe iNaturalist research-grade observation with exact taxon match; listen before shipping.,27
165,Plain-capped Starthroat,Heliomaster constantii,Hummingbirds (Trochilidae),no,missing,,,,,,,,,,,,,,,,,0
705,Plumbeous Vireo,Vireo plumbeus,Vireos (Vireonidae),yes,strict_safe_ab,xeno-canto,americas,XC717733,https://xeno-canto.org/717733,https://xeno-canto.org/717733/download,CC BY-SA 4.0,https://creativecommons.org/licenses/by-sa/4.0/,A,Diana Doyle,"dawn song, song",yes,yes,yes,no,high,Exact scientific-name match from Xeno-canto with commercial-safe Creative Commons license.,2
309,Pomarine Jaeger,Stercorarius pomarinus,Skuas and Jaegers (Stercorariidae),no,missing,,,,,,,,,,,,,,,,,0
928,Poo-uli,Melamprosops phaeosoma,Fringilline and Cardueline Finches and Allies (Fringillidae),no,missing,,,,,,,,,,,,,,,,,0
629,Prairie Falcon,Falco mexicanus,Caracaras and Falcons (Falconidae),yes,candidate_safe_research_grade,iNaturalist,research-grade exact taxon sound,iNat observation 24617258 / sound 37861,https://www.inaturalist.org/observations/24617258,https://static.inaturalist.org/sounds/37861.wav?1557084205,CC-BY,https://creativecommons.org/licenses/by/4.0/,research-grade,"(c) Jennifer Rycenga, some rights reserved (CC BY)",bird sound,yes,yes,no,yes,candidate,License-safe iNaturalist research-grade observation with exact taxon match; listen before shipping.,1
1119,Prairie Warbler,Setophaga discolor,Wood-Warblers (Parulidae),yes,strict_safe_any_quality,xeno-canto,americas,XC137831,https://xeno-canto.org/137831,https://xeno-canto.org/137831/download,CC BY-SA 3.0,https://creativecommons.org/licenses/by-sa/3.0/,C,Peter Wilton,song,yes,yes,yes,no,high,Exact scientific-name match from Xeno-canto with commercial-safe Creative Commons license.,1
1085,Prothonotary Warbler,Protonotaria citrea,Wood-Warblers (Parulidae),yes,strict_safe_any_quality,xeno-canto,americas,XC311810,https://xeno-canto.org/311810,https://xeno-canto.org/311810/download,CC BY-SA 4.0,https://creativecommons.org/licenses/by-sa/4.0/,C,Tom Austin,song,yes,yes,yes,no,high,Exact scientific-name match from Xeno-canto with commercial-safe Creative Commons license.,1
434,Providence Petrel,Pterodroma solandri,Shearwaters and Petrels (Procellariidae),no,missing,,,,,,,,,,,,,,,,,0
855,Puaiohi,Myadestes palmeri,Thrushes (Turdidae),no,missing,,,,,,,,,,,,,,,,,0
974,Purple Finch,Haemorhous purpureus,Fringilline and Cardueline Finches and Allies (Fringillidae),yes,strict_safe_ab,xeno-canto,americas,XC935606,https://xeno-canto.org/935606,https://xeno-canto.org/935606/download,CC BY-SA 4.0,https://creativecommons.org/licenses/by-sa/4.0/,A,Doug Hynes,song,yes,yes,yes,no,high,Exact scientific-name match from Xeno-canto with commercial-safe Creative Commons license.,2
206,Purple Gallinule,Porphyrio martinica (martinicus),"Rails, Gallinules, and Coots (Rallidae)",no,missing,,,,,,,,,,,,,,,,,0
773,Purple Martin,Progne subis,Swallows (Hirundinidae),yes,strict_safe_ab,xeno-canto,americas,XC371463,https://xeno-canto.org/371463,https://xeno-canto.org/371463/download,CC BY-SA 4.0,https://creativecommons.org/licenses/by-sa/4.0/,A,Jonathon Jongsma,"call, song",yes,yes,yes,no,high,Exact scientific-name match from Xeno-canto with commercial-safe Creative Commons license.,3
270,Purple Sandpiper,Calidris maritima,"Sandpipers, Phalaropes, and Allies (Scolopacidae)",yes,strict_safe_ab,xeno-canto,global,XC905748,https://xeno-canto.org/905748,https://xeno-canto.org/905748/download,CC BY-SA 4.0,https://creativecommons.org/licenses/by-sa/4.0/,B,Jochem Verweij,"call, 2 Fighting induviduals",yes,yes,yes,no,high,Exact scientific-name match from Xeno-canto with commercial-safe Creative Commons license.,2
812,Pygmy Nuthatch,Sitta pygmaea,Nuthatches (Sittidae),yes,strict_safe_commons_exact,Wikimedia Commons,exact scientific-name audio search,112697988,https://commons.wikimedia.org/wiki/File:LL-Q150_(fra)-Totodu74-Sitta_pygmaea.wav,https://upload.wikimedia.org/wikipedia/commons/c/c2/LL-Q150_%28fra%29-Totodu74-Sitta_pygmaea.wav?utm_source=commons.wikimedia.org&utm_campaign=imageinfo&utm_content=original,CC BY-SA 4.0,https://creativecommons.org/licenses/by-sa/4.0,metadata exact,"Speaker: Totodu74
Recorder: Totodu74",bird sound,yes,yes,yes,no,medium-high,Commons audio result with exact scientific-name match and commercial-safe license metadata.,1
1141,Pyrrhuloxia,Cardinalis sinuatus,"Cardinals, Piranga Tanagers and Allies (Cardinalidae)",yes,strict_safe_ab,xeno-canto,americas,XC1005252,https://xeno-canto.org/1005252,https://xeno-canto.org/1005252/download,CC BY-SA 4.0,https://creativecommons.org/licenses/by-sa/4.0/,A,Ryan Douglas,song,yes,yes,yes,no,high,Exact scientific-name match from Xeno-canto with commercial-safe Creative Commons license.,1
315,Razorbill,Alca torda,"Auks, Murres, and Puffins (Alcidae)",yes,strict_safe_commons_exact,Wikimedia Commons,exact scientific-name audio search,44607881,https://commons.wikimedia.org/wiki/File:Razorbill_(Alca_torda)_(W1CDR0001424_BD7).ogg,https://upload.wikimedia.org/wikipedia/commons/e/ee/Razorbill_%28Alca_torda%29_%28W1CDR0001424_BD7%29.ogg?utm_source=commons.wikimedia.org&utm_campaign=imageinfo&utm_content=original,CC BY-SA 4.0,https://creativecommons.org/licenses/by-sa/4.0,metadata exact,,bird sound,yes,yes,yes,no,medium-high,Commons audio result with exact scientific-name match and commercial-safe license metadata.,1
905,Red Avadavat,Amandava amandava,Waxbills (Estrildidae),yes,strict_safe_commons_exact,Wikimedia Commons,exact scientific-name audio search,131765608,"https://commons.wikimedia.org/wiki/File:Red_avadavat_(Amandava_amandava),_red_munia_or_strawberry_finch_-_sound.wav",https://upload.wikimedia.org/wikipedia/commons/b/bd/Red_avadavat_%28Amandava_amandava%29%2C_red_munia_or_strawberry_finch_-_sound.wav?utm_source=commons.wikimedia.org&utm_campaign=imageinfo&utm_content=original,CC BY-SA 4.0,https://creativecommons.org/licenses/by-sa/4.0,metadata exact,Shino jacob koottanad,bird sound,yes,yes,yes,no,medium-high,Commons audio result with exact scientific-name match and commercial-safe license metadata.,1
979,Red Crossbill,Loxia curvirostra,Fringilline and Cardueline Finches and Allies (Fringillidae),yes,strict_safe_ab,xeno-canto,americas,XC254482,https://xeno-canto.org/254482,https://xeno-canto.org/254482/download,CC BY-SA 4.0,https://creativecommons.org/licenses/by-sa/4.0/,B,Jonathon Jongsma,call,yes,yes,yes,no,high,Exact scientific-name match from Xeno-canto with commercial-safe Creative Commons license.,4
98,Red Junglefowl,Gallus gallus,"Partridges, Grouse, Turkeys, and Old World Quail (Phasianidae)",yes,strict_safe_commons_exact,Wikimedia Commons,exact scientific-name audio search,68269922,https://commons.wikimedia.org/wiki/File:Sonus_naturalis_-_Soundscape_XC312802.mp3,https://upload.wikimedia.org/wikipedia/commons/b/b2/Sonus_naturalis_-_Soundscape_XC312802.mp3?utm_source=commons.wikimedia.org&utm_campaign=imageinfo&utm_content=original,CC BY-SA 4.0,https://creativecommons.org/licenses/by-sa/4.0,metadata exact,Alexander Kürthy,bird sound,yes,yes,yes,no,medium-high,Commons audio result with exact scientific-name match and commercial-safe license metadata.,10
256,Red Knot,Calidris canutus,"Sandpipers, Phalaropes, and Allies (Scolopacidae)",yes,strict_safe_ab,xeno-canto,global,XC1088498,https://xeno-canto.org/1088498,https://xeno-canto.org/1088498/download,CC0-1.0,https://creativecommons.org/publicdomain/zero/1.0/,B,Sonothèque ADVL,flight call,yes,yes,no,no,high,Exact scientific-name match from Xeno-canto with commercial-safe Creative Commons license.,5
305,Red Phalarope,Phalaropus fulicarius,"Sandpipers, Phalaropes, and Allies (Scolopacidae)",no,missing,,,,,,,,,,,,,,,,,0
717,Red-backed Shrike,Lanius collurio,Shrikes (Laniidae),yes,strict_safe_ab,xeno-canto,global,XC902435,https://xeno-canto.org/902435,https://xeno-canto.org/902435/download,CC BY-SA 4.0,https://creativecommons.org/licenses/by-sa/4.0/,B,Jochem verweij,song,yes,yes,yes,no,high,Exact scientific-name match from Xeno-canto with commercial-safe Creative Commons license.,16
598,Red-bellied Woodpecker,Melanerpes carolinus,Woodpeckers and Allies (Picidae),yes,strict_safe_ab,xeno-canto,americas,XC128005,https://xeno-canto.org/128005,https://xeno-canto.org/128005/download,CC BY-SA 3.0,https://creativecommons.org/licenses/by-sa/3.0/,B,Jonathon Jongsma,call,yes,yes,yes,no,high,Exact scientific-name match from Xeno-canto with commercial-safe Creative Commons license.,4
798,Red-billed Leiothrix,Leiothrix lutea,Laughingthrushes (Leiothrichidae),yes,strict_safe_ab,xeno-canto,global,XC919300,https://xeno-canto.org/919300,,CC0-1.0,https://creativecommons.org/publicdomain/zero/1.0/,B,Carlo Fracasso,song,yes,yes,no,no,high,Exact scientific-name match from Xeno-canto with commercial-safe Creative Commons license.,2
124,Red-billed Pigeon,Patagioenas flavirostris,Pigeons and Doves (Columbidae),no,missing,,,,,,,,,,,,,,,,,0
397,Red-billed Tropicbird,Phaethon aethereus,Tropicbirds (Phaethontidae),no,missing,,,,,,,,,,,,,,,,,0
69,Red-breasted Merganser,Mergus serrator,"Ducks, Geese, and Swans (Anatidae)",yes,strict_safe_ab,xeno-canto,global,XC1092100,https://xeno-canto.org/1092100,https://xeno-canto.org/1092100/download,CC0-1.0,https://creativecommons.org/publicdomain/zero/1.0/,B,Sonothèque ADVL,"call, song",yes,yes,no,no,high,Exact scientific-name match from Xeno-canto with commercial-safe Creative Commons license.,3
810,Red-breasted Nuthatch,Sitta canadensis,Nuthatches (Sittidae),yes,strict_safe_ab,xeno-canto,americas,XC935601,https://xeno-canto.org/935601,https://xeno-canto.org/935601/download,CC BY-SA 4.0,https://creativecommons.org/licenses/by-sa/4.0/,A,Doug Hynes,"call, song",yes,yes,yes,no,high,Exact scientific-name match from Xeno-canto with commercial-safe Creative Commons license.,5
602,Red-breasted Sapsucker,Sphyrapicus ruber,Woodpeckers and Allies (Picidae),no,missing,,,,,,,,,,,,,,,,,0
609,Red-cockaded Woodpecker,Dryobates borealis,Woodpeckers and Allies (Picidae),no,missing,,,,,,,,,,,,,,,,,0
1152,Red-crested Cardinal,Paroaria coronata,Tanagers and Allies (Thraupidae),yes,strict_safe_ab,xeno-canto,americas,XC1090718,https://xeno-canto.org/1090718,https://xeno-canto.org/1090718/download,CC0-1.0,https://creativecommons.org/publicdomain/zero/1.0/,A,Pedro Sanetti,song,yes,yes,no,no,high,Exact scientific-name match from Xeno-canto with commercial-safe Creative Commons license.,1
640,Red-crowned Amazon,Amazona viridigenalis,"Parakeets, Macaws, Amazons, and Parrots (Psittacidae)",yes,strict_safe_commons_exact,Wikimedia Commons,exact scientific-name audio search,162896331,https://commons.wikimedia.org/wiki/File:De-Gr%C3%BCnwangenamazone.ogg,https://upload.wikimedia.org/wikipedia/commons/e/ea/De-Gr%C3%BCnwangenamazone.ogg?utm_source=commons.wikimedia.org&utm_campaign=imageinfo&utm_content=original,CC BY-SA 4.0,https://creativecommons.org/licenses/by-sa/4.0,metadata exact,Jeuwre,bird sound,yes,yes,yes,no,medium-high,Commons audio result with exact scientific-name match and commercial-safe license metadata.,1
709,Red-eyed Vireo,Vireo olivaceus,Vireos (Vireonidae),yes,strict_safe_ab,xeno-canto,americas,XC142593,https://xeno-canto.org/142593,https://xeno-canto.org/142593/download,CC BY-SA 3.0,https://creativecommons.org/licenses/by-sa/3.0/,A,Jonathon Jongsma,song,yes,yes,yes,no,high,Exact scientific-name match from Xeno-canto with commercial-safe Creative Commons license.,11
488,Red-faced Cormorant,Urile urile,Cormorants (Phalacrocoracidae),no,missing,,,,,,,,,,,,,,,,,0
1131,Red-faced Warbler,Cardellina rubrifrons,Wood-Warblers (Parulidae),yes,strict_safe_ab,xeno-canto,americas,XC1005242,https://xeno-canto.org/1005242,https://xeno-canto.org/1005242/download,CC BY-SA 4.0,https://creativecommons.org/licenses/by-sa/4.0/,B,Ryan Douglas,song,yes,yes,yes,no,high,Exact scientific-name match from Xeno-canto with commercial-safe Creative Commons license.,1
889,Red-flanked Bluetail,Tarsiger cyanurus,Old World Flycatchers (Muscicapidae),no,missing,,,,,,,,,,,,,,,,,0
484,Red-footed Booby,Sula sula,Boobies and Gannets (Sulidae),yes,candidate_safe_research_grade,iNaturalist,research-grade exact taxon sound,iNat observation 307906395 / sound 1610912,https://www.inaturalist.org/observations/307906395,https://static.inaturalist.org/sounds/1610912.mp3?1755757285,CC-BY,https://creativecommons.org/licenses/by/4.0/,research-grade,"(c) Damien Wallace, some rights reserved (CC BY)",bird sound,yes,yes,no,yes,candidate,License-safe iNaturalist research-grade observation with exact taxon match; listen before shipping.,8
622,Red-footed Falcon,Falco vespertinus,Caracaras and Falcons (Falconidae),yes,strict_safe_any_quality,xeno-canto,global,XC925369,https://xeno-canto.org/925369,https://xeno-canto.org/925369/download,CC BY-SA 4.0,https://creativecommons.org/licenses/by-sa/4.0/,C,Jochem Verweij,begging call,yes,yes,yes,no,high,Exact scientific-name match from Xeno-canto with commercial-safe Creative Commons license.,1
594,Red-headed Woodpecker,Melanerpes erythrocephalus,Woodpeckers and Allies (Picidae),yes,strict_safe_ab,xeno-canto,americas,XC254605,https://xeno-canto.org/254605,https://xeno-canto.org/254605/download,CC BY-SA 4.0,https://creativecommons.org/licenses/by-sa/4.0/,A,Jonathon Jongsma,call,yes,yes,yes,no,high,Exact scientific-name match from Xeno-canto with commercial-safe Creative Commons license.,4
1157,Red-legged Honeycreeper,Cyanerpes cyaneus,Tanagers and Allies (Thraupidae),no,missing,,,,,,,,,,,,,,,,,0
364,Red-legged Kittiwake,Rissa brevirostris,"Gulls, Terns, and Skimmers (Laridae)",no,missing,,,,,,,,,,,,,,,,,0
876,Red-legged Thrush,Turdus plumbeus,Thrushes (Turdidae),no,missing,,,,,,,,,,,,,,,,,0
636,Red-masked Parakeet,Psittacara erythrogenys,"Parakeets, Macaws, Amazons, and Parrots (Psittacidae)",yes,strict_safe_commons_exact,Wikimedia Commons,exact scientific-name audio search,126357551,https://commons.wikimedia.org/wiki/File:Psittacara_erythrogenys_-_Red_masked_Parakeet.wav,https://upload.wikimedia.org/wikipedia/commons/0/05/Psittacara_erythrogenys_-_Red_masked_Parakeet.wav?utm_source=commons.wikimedia.org&utm_campaign=imageinfo&utm_content=original,CC BY-SA 4.0,https://creativecommons.org/licenses/by-sa/4.0,metadata exact,Igor Lazo,bird sound,yes,yes,yes,no,medium-high,Commons audio result with exact scientific-name match and commercial-safe license metadata.,2
601,Red-naped Sapsucker,Sphyrapicus nuchalis,Woodpeckers and Allies (Picidae),no,missing,,,,,,,,,,,,,,,,,0
106,Red-necked Grebe,Podiceps grisegena,Grebes (Podicipedidae),yes,strict_safe_commons_exact,Wikimedia Commons,exact scientific-name audio search,84209776,https://commons.wikimedia.org/wiki/File:De-Rothalstaucher.ogg,https://upload.wikimedia.org/wikipedia/commons/b/bd/De-Rothalstaucher.ogg?utm_source=commons.wikimedia.org&utm_campaign=imageinfo&utm_content=original,CC BY-SA 4.0,https://creativecommons.org/licenses/by-sa/4.0,metadata exact,Jeuwre,bird sound,yes,yes,yes,no,medium-high,Commons audio result with exact scientific-name match and commercial-safe license metadata.,1
304,Red-necked Phalarope,Phalaropus lobatus,"Sandpipers, Phalaropes, and Allies (Scolopacidae)",yes,strict_safe_ab,xeno-canto,americas,XC109659,https://xeno-canto.org/109659,https://xeno-canto.org/109659/download,CC BY-SA 3.0,https://creativecommons.org/licenses/by-sa/3.0/,B,Jonathon Jongsma,call,yes,yes,yes,no,high,Exact scientific-name match from Xeno-canto with commercial-safe Creative Commons license.,3
266,Red-necked Stint,Calidris ruficollis,"Sandpipers, Phalaropes, and Allies (Scolopacidae)",no,missing,,,,,,,,,,,,,,,,,0
552,Red-shouldered Hawk,Buteo lineatus,"Hawks, Kites, Eagles, and Allies (Accipitridae)",yes,strict_safe_ab,xeno-canto,americas,XC625521,https://xeno-canto.org/625521,https://xeno-canto.org/625521/download,CC BY-SA 4.0,https://creativecommons.org/licenses/by-sa/4.0/,A,Jonas Katona,call,yes,yes,yes,no,high,Exact scientific-name match from Xeno-canto with commercial-safe Creative Commons license.,3
558,Red-tailed Hawk,Buteo jamaicensis,"Hawks, Kites, Eagles, and Allies (Accipitridae)",yes,strict_safe_ab,xeno-canto,americas,XC625524,https://xeno-canto.org/625524,https://xeno-canto.org/625524/download,CC BY-SA 4.0,https://creativecommons.org/licenses/by-sa/4.0/,A,Jonas Katona,call,yes,yes,yes,no,high,Exact scientific-name match from Xeno-canto with commercial-safe Creative Commons license.,2
398,Red-tailed Tropicbird,Phaethon rubricauda,Tropicbirds (Phaethontidae),yes,candidate_safe_research_grade,iNaturalist,research-grade exact taxon sound,iNat observation 270098336 / sound 1372574,https://www.inaturalist.org/observations/270098336,https://static.inaturalist.org/sounds/1372574.mp3?1744507248,CC-BY,https://creativecommons.org/licenses/by/4.0/,research-grade,"(c) Damien Wallace, some rights reserved (CC BY)",bird sound,yes,yes,no,yes,candidate,License-safe iNaturalist research-grade observation with exact taxon match; listen before shipping.,1
399,Red-throated Loon,Gavia stellata,Loons (Gaviidae),yes,strict_safe_ab,xeno-canto,global,XC803778,https://xeno-canto.org/803778,https://xeno-canto.org/803778/download,CC0-1.0,https://creativecommons.org/publicdomain/zero/1.0/,A,Grégoire Chauvot,flight call,yes,yes,no,no,high,Exact scientific-name match from Xeno-canto with commercial-safe Creative Commons license.,9
918,Red-throated Pipit,Anthus cervinus,Wagtails and Pipits (Motacillidae),yes,strict_safe_ab,xeno-canto,global,XC931854,https://xeno-canto.org/931854,https://xeno-canto.org/931854/download,CC BY-SA 4.0,https://creativecommons.org/licenses/by-sa/4.0/,A,Jochem Verweij,flight call,yes,yes,yes,no,high,Exact scientific-name match from Xeno-canto with commercial-safe Creative Commons license.,7
791,Red-vented Bulbul,Pycnonotus cafer,Bulbuls (Pycnonotidae),yes,strict_safe_ab,xeno-canto,global,XC738296,https://xeno-canto.org/738296,https://xeno-canto.org/738296/download,CC BY-SA 4.0,https://creativecommons.org/licenses/by-sa/4.0/,B,Jairam Vijayan,song,yes,yes,yes,no,high,Exact scientific-name match from Xeno-canto with commercial-safe Creative Commons license.,3
792,Red-whiskered Bulbul,Pycnonotus jocosus,Bulbuls (Pycnonotidae),yes,strict_safe_ab,xeno-canto,global,XC1051835,https://xeno-canto.org/1051835,https://xeno-canto.org/1051835/download,CC BY-SA 4.0,https://creativecommons.org/licenses/by-sa/4.0/,A,Ujjal Kishor De,call,yes,yes,yes,no,high,Exact scientific-name match from Xeno-canto with commercial-safe Creative Commons license.,3
1066,Red-winged Blackbird,Agelaius phoeniceus,Blackbirds (Icteridae),yes,strict_safe_ab,xeno-canto,americas,XC572264,https://xeno-canto.org/572264,https://xeno-canto.org/572264/download,CC BY-SA 4.0,https://creativecommons.org/licenses/by-sa/4.0/,A,Eric B,song,yes,yes,yes,no,high,Exact scientific-name match from Xeno-canto with commercial-safe Creative Commons license.,18
506,Reddish Egret,Egretta rufescens,"Bitterns, Herons, and Allies (Ardeidae)",no,missing,,,,,,,,,,,,,,,,,0
45,Redhead,Aythya americana,"Ducks, Geese, and Swans (Anatidae)",yes,strict_safe_commons_exact,Wikimedia Commons,exact scientific-name audio search,142737005,https://commons.wikimedia.org/wiki/File:De-Rotkopfente.ogg,https://upload.wikimedia.org/wikipedia/commons/3/37/De-Rotkopfente.ogg?utm_source=commons.wikimedia.org&utm_campaign=imageinfo&utm_content=original,CC BY-SA 4.0,https://creativecommons.org/licenses/by-sa/4.0,metadata exact,Jeuwre,bird sound,yes,yes,yes,no,medium-high,Commons audio result with exact scientific-name match and commercial-safe license metadata.,1
978,Redpoll,Acanthis flammea,Fringilline and Cardueline Finches and Allies (Fringillidae),yes,strict_safe_ab,xeno-canto,americas,XC552770,https://xeno-canto.org/552770,https://xeno-canto.org/552770/download,CC BY-SA 4.0,https://creativecommons.org/licenses/by-sa/4.0/,B,Doug Hynes,"call, flight call, song",yes,yes,yes,no,high,Exact scientific-name match from Xeno-canto with commercial-safe Creative Commons license.,7
870,Redwing,Turdus iliacus,Thrushes (Turdidae),yes,strict_safe_ab,xeno-canto,global,XC812165,https://xeno-canto.org/812165,https://xeno-canto.org/812165/download,CC BY-SA 4.0,https://creativecommons.org/licenses/by-sa/4.0/,A,steve,"call, song",yes,yes,yes,no,high,Exact scientific-name match from Xeno-canto with commercial-safe Creative Commons license.,61
1003,Reed Bunting,Emberiza schoeniclus,Emberizids (Emberizidae),yes,strict_safe_ab,xeno-canto,global,XC1105583,https://xeno-canto.org/1105583,https://xeno-canto.org/1105583/download,CC0-1.0,https://creativecommons.org/publicdomain/zero/1.0/,A,Kevin Guille,song,yes,yes,no,no,high,Exact scientific-name match from Xeno-canto with commercial-safe Creative Commons license.,30
331,Rhinoceros Auklet,Cerorhinca monocerata,"Auks, Murres, and Puffins (Alcidae)",yes,strict_safe_ab,xeno-canto,global,XC915711,https://xeno-canto.org/915711,https://xeno-canto.org/915711/download,CC BY 4.0,https://creativecommons.org/licenses/by/4.0/,B,KEISUKE KAGOSHIMA,alarm call,yes,yes,no,no,high,Exact scientific-name match from Xeno-canto with commercial-safe Creative Commons license.,1
195,Ridgway's Rail,Rallus obsoletus,"Rails, Gallinules, and Coots (Rallidae)",no,missing,,,,,,,,,,,,,,,,,0
381,Ring-billed Gull,Larus delawarensis,"Gulls, Terns, and Skimmers (Laridae)",yes,strict_safe_ab,xeno-canto,americas,XC75111,https://xeno-canto.org/75111,https://xeno-canto.org/75111/download,CC BY-SA 3.0,https://creativecommons.org/licenses/by-sa/3.0/,B,Jonathon Jongsma,call,yes,yes,yes,no,high,Exact scientific-name match from Xeno-canto with commercial-safe Creative Commons license.,1
47,Ring-necked Duck,Aythya collaris,"Ducks, Geese, and Swans (Anatidae)",yes,strict_safe_ab,xeno-canto,americas,XC938581,https://xeno-canto.org/938581,https://xeno-canto.org/938581/download,CC BY-SA 4.0,https://creativecommons.org/licenses/by-sa/4.0/,A,Doug Hynes,call,yes,yes,yes,no,high,Exact scientific-name match from Xeno-canto with commercial-safe Creative Commons license.,1
93,Ring-necked Pheasant,Phasianus colchicus,"Partridges, Grouse, Turkeys, and Old World Quail (Phasianidae)",yes,strict_safe_ab,xeno-canto,americas,XC179662,https://xeno-canto.org/179662,https://xeno-canto.org/179662/download,CC BY-SA 4.0,https://creativecommons.org/licenses/by-sa/4.0/,A,Jonathon Jongsma,"call, song",yes,yes,yes,no,high,Exact scientific-name match from Xeno-canto with commercial-safe Creative Commons license.,3
588,Ringed Kingfisher,Megaceryle torquata,Kingfishers (Alcedinidae),yes,strict_safe_ab,xeno-canto,americas,XC251087,https://xeno-canto.org/251087,https://xeno-canto.org/251087/download,CC BY-SA 4.0,https://creativecommons.org/licenses/by-sa/4.0/,B,Niels Krabbe,"call, chase calls",yes,yes,yes,no,high,Exact scientific-name match from Xeno-canto with commercial-safe Creative Commons license.,1
420,Ringed Storm-Petrel,Hydrobates hornbyi,Northern Storm-Petrels (Hydrobatidae),no,missing,,,,,,,,,,,,,,,,,0
764,River Warbler,Locustella fluviatilis,Grassbirds (Locustellidae),yes,strict_safe_ab,xeno-canto,global,XC914365,https://xeno-canto.org/914365,https://xeno-canto.org/914365/download,CC BY-SA 4.0,https://creativecommons.org/licenses/by-sa/4.0/,B,Robert Petersen,song,yes,yes,yes,no,high,Exact scientific-name match from Xeno-canto with commercial-safe Creative Commons license.,10
164,Rivoli's Hummingbird,Eugenes fulgens,Hummingbirds (Trochilidae),no,missing,,,,,,,,,,,,,,,,,0
548,Roadside Hawk,Rupornis magnirostris,"Hawks, Kites, Eagles, and Allies (Accipitridae)",yes,strict_safe_ab,xeno-canto,americas,XC251467,https://xeno-canto.org/251467,https://xeno-canto.org/251467/download,CC BY-SA 4.0,https://creativecommons.org/licenses/by-sa/4.0/,A,Niels Krabbe,"call, song",yes,yes,yes,no,high,Exact scientific-name match from Xeno-canto with commercial-safe Creative Commons license.,4
131,Rock Pigeon,Columba livia,Pigeons and Doves (Columbidae),yes,strict_safe_ab,xeno-canto,global,XC541143,https://xeno-canto.org/541143,https://xeno-canto.org/541143/download,CC BY-SA 4.0,https://creativecommons.org/licenses/by-sa/4.0/,A,Marie-Lan Taÿ Pamart,call,yes,yes,yes,no,high,Exact scientific-name match from Xeno-canto with commercial-safe Creative Commons license.,3
83,Rock Ptarmigan,Lagopus muta,"Partridges, Grouse, Turkeys, and Old World Quail (Phasianidae)",yes,strict_safe_commons_exact,Wikimedia Commons,exact scientific-name audio search,44606854,https://commons.wikimedia.org/wiki/File:Ptarmigan_(Lagopus_mutus)_(W1CDR0001418_BD38).ogg,https://upload.wikimedia.org/wikipedia/commons/7/70/Ptarmigan_%28Lagopus_mutus%29_%28W1CDR0001418_BD38%29.ogg?utm_source=commons.wikimedia.org&utm_campaign=imageinfo&utm_content=original,CC BY-SA 4.0,https://creativecommons.org/licenses/by-sa/4.0,metadata exact,,bird sound,yes,yes,yes,no,medium-high,Commons audio result with exact scientific-name match and commercial-safe license metadata.,1
269,Rock Sandpiper,Calidris ptilocnemis,"Sandpipers, Phalaropes, and Allies (Scolopacidae)",no,missing,,,,,,,,,,,,,,,,,0
819,Rock Wren,Salpinctes obsoletus,Wrens (Troglodytidae),yes,strict_safe_any_quality,xeno-canto,americas,XC585926,https://xeno-canto.org/585926,https://xeno-canto.org/585926/download,CC0-1.0,https://creativecommons.org/publicdomain/zero/1.0/,C,Friends of the Pawnee National Grassland,song,yes,yes,no,no,high,Exact scientific-name match from Xeno-canto with commercial-safe Creative Commons license.,2
1143,Rose-breasted Grosbeak,Pheucticus ludovicianus,"Cardinals, Piranga Tanagers and Allies (Cardinalidae)",yes,strict_safe_ab,xeno-canto,americas,XC134880,https://xeno-canto.org/134880,https://xeno-canto.org/134880/download,CC BY-SA 3.0,https://creativecommons.org/licenses/by-sa/3.0/,A,Jonathon Jongsma,song,yes,yes,yes,no,high,Exact scientific-name match from Xeno-canto with commercial-safe Creative Commons license.,8
643,Rose-ringed Parakeet,Psittacula krameri,"Lories, Lovebirds, and Australasian Parrots (Psittaculidae)",yes,strict_safe_ab,xeno-canto,global,XC952804,https://xeno-canto.org/952804,https://xeno-canto.org/952804/download,CC0-1.0,https://creativecommons.org/publicdomain/zero/1.0/,A,Philippe_Grange,"call, flight call",yes,yes,no,no,high,Exact scientific-name match from Xeno-canto with commercial-safe Creative Commons license.,16
647,Rose-throated Becard,Pachyramphus aglaiae,"Becards, Tityras, and Allies (Tityridae)",yes,candidate_safe_research_grade,iNaturalist,research-grade exact taxon sound,iNat observation 322425932 / sound 1674787,https://www.inaturalist.org/observations/322425932,https://static.inaturalist.org/sounds/1674787.wav?1761149751,CC-BY,https://creativecommons.org/licenses/by/4.0/,research-grade,"(c) Arturo Benavides Mendoza, some rights reserved (CC BY)",bird sound,yes,yes,no,yes,candidate,License-safe iNaturalist research-grade observation with exact taxon match; listen before shipping.,4
497,Roseate Spoonbill,Platalea ajaja,Ibises and Spoonbills (Threskiornithidae),yes,strict_safe_commons_exact,Wikimedia Commons,exact scientific-name audio search,82314430,https://commons.wikimedia.org/wiki/File:De-Rosal%C3%B6ffler.ogg,https://upload.wikimedia.org/wikipedia/commons/6/69/De-Rosal%C3%B6ffler.ogg?utm_source=commons.wikimedia.org&utm_campaign=imageinfo&utm_content=original,CC BY-SA 4.0,https://creativecommons.org/licenses/by-sa/4.0,metadata exact,Jeuwre,bird sound,yes,yes,yes,no,medium-high,Commons audio result with exact scientific-name match and commercial-safe license metadata.,1
353,Roseate Tern,Sterna dougallii,"Gulls, Terns, and Skimmers (Laridae)",yes,strict_safe_ab,xeno-canto,americas,XC993637,https://xeno-canto.org/993637,https://xeno-canto.org/993637/download,CC BY-SA 4.0,https://creativecommons.org/licenses/by-sa/4.0/,A,Doug Hynes,call,yes,yes,yes,no,high,Exact scientific-name match from Xeno-canto with commercial-safe Creative Commons license.,4
5,Ross's Goose,Anser rossii,"Ducks, Geese, and Swans (Anatidae)",yes,strict_safe_commons_exact,Wikimedia Commons,exact scientific-name audio search,85250922,https://commons.wikimedia.org/wiki/File:De-Zwergschneegans.ogg,https://upload.wikimedia.org/wikipedia/commons/2/23/De-Zwergschneegans.ogg?utm_source=commons.wikimedia.org&utm_campaign=imageinfo&utm_content=original,CC BY-SA 4.0,https://creativecommons.org/licenses/by-sa/4.0,metadata exact,Jeuwre,bird sound,yes,yes,yes,no,medium-high,Commons audio result with exact scientific-name match and commercial-safe license metadata.,1
371,Ross's Gull,Rhodostethia rosea,"Gulls, Terns, and Skimmers (Laridae)",no,missing,,,,,,,,,,,,,,,,,0
644,Rosy-faced Lovebird,Agapornis roseicollis,"Lories, Lovebirds, and Australasian Parrots (Psittaculidae)",yes,strict_safe_commons_exact,Wikimedia Commons,exact scientific-name audio search,92547434,https://commons.wikimedia.org/wiki/File:De-Rosenk%C3%B6pfchen.ogg,https://upload.wikimedia.org/wikipedia/commons/3/34/De-Rosenk%C3%B6pfchen.ogg?utm_source=commons.wikimedia.org&utm_campaign=imageinfo&utm_content=original,CC BY-SA 4.0,https://creativecommons.org/licenses/by-sa/4.0,metadata exact,Jeuwre,bird sound,yes,yes,yes,no,medium-high,Commons audio result with exact scientific-name match and commercial-safe license metadata.,1
559,Rough-legged Hawk,Buteo lagopus,"Hawks, Kites, Eagles, and Allies (Accipitridae)",yes,strict_safe_commons_exact,Wikimedia Commons,exact scientific-name audio search,142730546,https://commons.wikimedia.org/wiki/File:De-Raufu%C3%9Fbussard.ogg,https://upload.wikimedia.org/wikipedia/commons/c/c9/De-Raufu%C3%9Fbussard.ogg?utm_source=commons.wikimedia.org&utm_campaign=imageinfo&utm_content=original,CC BY-SA 4.0,https://creativecommons.org/licenses/by-sa/4.0,metadata exact,Jeuwre,bird sound,yes,yes,yes,no,medium-high,Commons audio result with exact scientific-name match and commercial-safe license metadata.,1
357,Royal Tern,Thalasseus maximus,"Gulls, Terns, and Skimmers (Laridae)",no,missing,,,,,,,,,,,,,,,,,0
799,Ruby-crowned Kinglet,Corthylio calendula,Kinglets (Regulidae),yes,strict_safe_ab,xeno-canto,americas,XC175095,https://xeno-canto.org/175095,https://xeno-canto.org/175095/download,CC BY-SA 4.0,https://creativecommons.org/licenses/by-sa/4.0/,A,Jonathon Jongsma,song,yes,yes,yes,no,high,Exact scientific-name match from Xeno-canto with commercial-safe Creative Commons license.,5
169,Ruby-throated Hummingbird,Archilochus colubris,Hummingbirds (Trochilidae),yes,strict_safe_ab,xeno-canto,americas,XC109598,https://xeno-canto.org/109598,https://xeno-canto.org/109598/download,CC BY-SA 3.0,https://creativecommons.org/licenses/by-sa/3.0/,B,Jonathon Jongsma,call,yes,yes,yes,no,high,Exact scientific-name match from Xeno-canto with commercial-safe Creative Commons license.,2
71,Ruddy Duck,Oxyura jamaicensis,"Ducks, Geese, and Swans (Anatidae)",yes,candidate_safe_research_grade,iNaturalist,research-grade exact taxon sound,iNat observation 248856476 / sound 1239997,https://www.inaturalist.org/observations/248856476,https://static.inaturalist.org/sounds/1239997.mp3?1730130721,CC-BY,https://creativecommons.org/licenses/by/4.0/,research-grade,"(c) Tero Linjama, some rights reserved (CC BY)",bird sound,yes,yes,no,yes,candidate,License-safe iNaturalist research-grade observation with exact taxon match; listen before shipping.,4
113,Ruddy Ground Dove,Columbina talpacoti,Pigeons and Doves (Columbidae),yes,candidate_safe_research_grade,iNaturalist,research-grade exact taxon sound,iNat observation 335209771 / sound 1744279,https://www.inaturalist.org/observations/335209771,https://static.inaturalist.org/sounds/1744279.m4a?1768743860,CC-BY,https://creativecommons.org/licenses/by/4.0/,research-grade,"(c) Helio Lourencini, alguns direitos reservados (CC BY)",bird sound,yes,yes,no,yes,candidate,License-safe iNaturalist research-grade observation with exact taxon match; listen before shipping.,6
114,Ruddy Quail-Dove,Geotrygon montana,Pigeons and Doves (Columbidae),yes,candidate_safe_research_grade,iNaturalist,research-grade exact taxon sound,iNat observation 172667152 / sound 767829,https://www.inaturalist.org/observations/172667152,https://static.inaturalist.org/sounds/767829.wav?1689253171,CC-BY,https://creativecommons.org/licenses/by/4.0/,research-grade,"(c) Zac Peterson, some rights reserved (CC BY)",bird sound,yes,yes,no,yes,candidate,License-safe iNaturalist research-grade observation with exact taxon match; listen before shipping.,5
253,Ruddy Turnstone,Arenaria interpres,"Sandpipers, Phalaropes, and Allies (Scolopacidae)",yes,strict_safe_ab,xeno-canto,global,XC815490,https://xeno-canto.org/815490,https://xeno-canto.org/815490/download,CC0-1.0,https://creativecommons.org/publicdomain/zero/1.0/,B,Sonothèque ADVL,call,yes,yes,no,no,high,Exact scientific-name match from Xeno-canto with commercial-safe Creative Commons license.,5
258,Ruff,Calidris pugnax,"Sandpipers, Phalaropes, and Allies (Scolopacidae)",no,missing,,,,,,,,,,,,,,,,,0
80,Ruffed Grouse,Bonasa umbellus,"Partridges, Grouse, Turkeys, and Old World Quail (Phasianidae)",yes,strict_safe_ab,xeno-canto,americas,XC61517,https://xeno-canto.org/61517,https://xeno-canto.org/61517/download,CC BY-SA 3.0,https://creativecommons.org/licenses/by-sa/3.0/,B,Jonathon Jongsma,call,yes,yes,yes,no,high,Exact scientific-name match from Xeno-canto with commercial-safe Creative Commons license.,3
175,Rufous Hummingbird,Selasphorus rufus,Hummingbirds (Trochilidae),yes,candidate_safe_research_grade,iNaturalist,research-grade exact taxon sound,iNat observation 355936586 / sound 1908012,https://www.inaturalist.org/observations/355936586,https://static.inaturalist.org/sounds/1908012.m4a?1777350695,CC0,https://creativecommons.org/publicdomain/zero/1.0/,research-grade,no rights reserved,bird sound,yes,yes,no,yes,candidate,License-safe iNaturalist research-grade observation with exact taxon match; listen before shipping.,11
874,Rufous-backed Robin,Turdus rufopalliatus,Thrushes (Turdidae),no,missing,,,,,,,,,,,,,,,,,0
1127,Rufous-capped Warbler,Basileuterus rufifrons,Wood-Warblers (Parulidae),yes,candidate_safe_research_grade,iNaturalist,research-grade exact taxon sound,iNat observation 175441132 / sound 780184,https://www.inaturalist.org/observations/175441132,https://static.inaturalist.org/sounds/780184.m4a?1690580756,CC0,https://creativecommons.org/publicdomain/zero/1.0/,research-grade,no rights reserved,bird sound,yes,yes,no,yes,candidate,License-safe iNaturalist research-grade observation with exact taxon match; listen before shipping.,2
1044,Rufous-crowned Sparrow,Aimophila ruficeps,Towhees and Sparrows (Passerellidae),no,missing,,,,,,,,,,,,,,,,,0
194,Rufous-necked Wood-Rail,Aramides axillaris,"Rails, Gallinules, and Coots (Rallidae)",yes,strict_safe_ab,xeno-canto,americas,XC250487,https://xeno-canto.org/250487,https://xeno-canto.org/250487/download,CC BY-SA 4.0,https://creativecommons.org/licenses/by-sa/4.0/,A,Niels Krabbe,song,yes,yes,yes,no,high,Exact scientific-name match from Xeno-canto with commercial-safe Creative Commons license.,1
886,Rufous-tailed Robin,Larvivora sibilans,Old World Flycatchers (Muscicapidae),yes,candidate_safe_research_grade,iNaturalist,research-grade exact taxon sound,iNat observation 238996351 / sound 1190049,https://www.inaturalist.org/observations/238996351,https://static.inaturalist.org/sounds/1190049.m4a?1725122988,CC-BY,https://creativecommons.org/licenses/by/4.0/,research-grade,"(c) Andrew Bazdyrev, some rights reserved (CC BY)",bird sound,yes,yes,no,yes,candidate,License-safe iNaturalist research-grade observation with exact taxon match; listen before shipping.,3
894,Rufous-tailed Rock-Thrush (Rock-thrush),Monticola saxatilis,Old World Flycatchers (Muscicapidae),yes,strict_safe_ab,xeno-canto,global,XC917397,https://xeno-canto.org/917397,https://xeno-canto.org/917397/download,CC BY-SA 4.0,https://creativecommons.org/licenses/by-sa/4.0/,A,Thomas SIGNEAU,song,yes,yes,yes,no,high,Exact scientific-name match from Xeno-canto with commercial-safe Creative Commons license.,1
1004,Rufous-winged Sparrow,Peucaea carpalis,Towhees and Sparrows (Passerellidae),yes,strict_safe_ab,xeno-canto,americas,XC411559,https://xeno-canto.org/411559,https://xeno-canto.org/411559/download,CC BY-SA 4.0,https://creativecommons.org/licenses/by-sa/4.0/,A,Justin Watts,song,yes,yes,yes,no,high,Exact scientific-name match from Xeno-canto with commercial-safe Creative Commons license.,2
998,Rustic Bunting,Emberiza rustica,Emberizids (Emberizidae),yes,strict_safe_commons_exact,Wikimedia Commons,exact scientific-name audio search,77546319,https://commons.wikimedia.org/wiki/File:Emberiza_rustica_-_Rustic_Bunting_XC462025.mp3,https://upload.wikimedia.org/wikipedia/commons/7/7b/Emberiza_rustica_-_Rustic_Bunting_XC462025.mp3?utm_source=commons.wikimedia.org&utm_campaign=imageinfo&utm_content=original,CC BY-SA 4.0,https://creativecommons.org/licenses/by-sa/4.0,metadata exact,Hannu Varkki,bird sound,yes,yes,yes,no,medium-high,Commons audio result with exact scientific-name match and commercial-safe license metadata.,1
1072,Rusty Blackbird,Euphagus carolinus,Blackbirds (Icteridae),yes,candidate_safe_research_grade,iNaturalist,research-grade exact taxon sound,iNat observation 352172771 / sound 1876303,https://www.inaturalist.org/observations/352172771,https://static.inaturalist.org/sounds/1876303.wav?1776916537,CC-BY,https://creativecommons.org/licenses/by/4.0/,research-grade,"(c) Sean Frey, some rights reserved (CC BY)",bird sound,yes,yes,no,yes,candidate,License-safe iNaturalist research-grade observation with exact taxon match; listen before shipping.,70
366,Sabine's Gull,Xema sabini,"Gulls, Terns, and Skimmers (Laridae)",yes,strict_safe_any_quality,xeno-canto,global,XC919304,https://xeno-canto.org/919304,https://xeno-canto.org/919304/download,CC0-1.0,https://creativecommons.org/publicdomain/zero/1.0/,C,Sonothèque ADVL,flight call,yes,yes,no,no,high,Exact scientific-name match from Xeno-canto with commercial-safe Creative Commons license.,1
1155,Saffron Finch,Sicalis flaveola,Tanagers and Allies (Thraupidae),yes,strict_safe_ab,xeno-canto,americas,XC840928,https://xeno-canto.org/840928,https://xeno-canto.org/840928/download,CC BY-SA 4.0,https://creativecommons.org/licenses/by-sa/4.0/,B,gerardo,uncertain,yes,yes,yes,no,high,Exact scientific-name match from Xeno-canto with commercial-safe Creative Commons license.,2
839,Sage Thrasher,Oreoscoptes montanus,Mockingbirds and Thrashers (Mimidae),no,missing,,,,,,,,,,,,,,,,,0
1029,Sagebrush Sparrow,Artemisiospiza nevadensis,Towhees and Sparrows (Passerellidae),yes,candidate_safe_research_grade,iNaturalist,research-grade exact taxon sound,iNat observation 151416777 / sound 616916,https://www.inaturalist.org/observations/151416777,https://static.inaturalist.org/sounds/616916.m4a?1679083554,CC-BY,https://creativecommons.org/licenses/by/4.0/,research-grade,"(c) River Ahlquist, some rights reserved (CC BY)",bird sound,yes,yes,no,yes,candidate,License-safe iNaturalist research-grade observation with exact taxon match; listen before shipping.,1
1034,Saltmarsh Sparrow,Ammospiza caudacuta,Towhees and Sparrows (Passerellidae),no,missing,,,,,,,,,,,,,,,,,0
407,Salvin's Albatross,Thalassarche salvini,Albatrosses (Diomedeidae),no,missing,,,,,,,,,,,,,,,,,0
267,Sanderling,Calidris alba,"Sandpipers, Phalaropes, and Allies (Scolopacidae)",yes,strict_safe_ab,xeno-canto,global,XC938622,https://xeno-canto.org/938622,https://xeno-canto.org/938622/download,CC0-1.0,https://creativecommons.org/publicdomain/zero/1.0/,A,Sonothèque ADVL,call,yes,yes,no,no,high,Exact scientific-name match from Xeno-canto with commercial-safe Creative Commons license.,9
188,Sandhill Crane,Antigone canadensis,Cranes (Gruidae),yes,strict_safe_ab,xeno-canto,americas,XC111491,https://xeno-canto.org/111491,https://xeno-canto.org/111491/download,CC BY-SA 3.0,https://creativecommons.org/licenses/by-sa/3.0/,A,Jonathon Jongsma,flight call,yes,yes,yes,no,high,Exact scientific-name match from Xeno-canto with commercial-safe Creative Commons license.,4
359,Sandwich Tern,Thalasseus sandvicensis,"Gulls, Terns, and Skimmers (Laridae)",yes,strict_safe_ab,xeno-canto,global,XC1042802,https://xeno-canto.org/1042802,https://xeno-canto.org/1042802/download,CC0-1.0,https://creativecommons.org/publicdomain/zero/1.0/,B,Sonothèque ADVL,call,yes,yes,no,no,high,Exact scientific-name match from Xeno-canto with commercial-safe Creative Commons license.,7
472,Sargasso Shearwater,Puffinus lherminieri,Shearwaters and Petrels (Procellariidae),no,missing,,,,,,,,,,,,,,,,,0
1037,Savannah Sparrow,Passerculus sandwichensis,Towhees and Sparrows (Passerellidae),yes,strict_safe_ab,xeno-canto,americas,XC613094,https://xeno-canto.org/613094,https://xeno-canto.org/613094/download,CC BY-SA 4.0,https://creativecommons.org/licenses/by-sa/4.0/,A,Doug Hynes,song,yes,yes,yes,no,high,Exact scientific-name match from Xeno-canto with commercial-safe Creative Commons license.,6
693,Say's Phoebe,Sayornis saya,Tyrant Flycatchers (Tyrannidae),yes,strict_safe_ab,xeno-canto,americas,XC717759,https://xeno-canto.org/717759,https://xeno-canto.org/717759/download,CC BY-SA 4.0,https://creativecommons.org/licenses/by-sa/4.0/,A,Diana Doyle,"call, dawn song, song",yes,yes,yes,no,high,Exact scientific-name match from Xeno-canto with commercial-safe Creative Commons license.,2
75,Scaled Quail,Callipepla squamata,New World Quail (Odontophoridae),no,missing,,,,,,,,,,,,,,,,,0
902,Scaly-breasted Munia,Lonchura punctulata,Waxbills (Estrildidae),yes,strict_safe_ab,xeno-canto,global,XC588179,https://xeno-canto.org/588179,https://xeno-canto.org/588179/download,CC BY-SA 4.0,https://creativecommons.org/licenses/by-sa/4.0/,A,K L Vinay,call,yes,yes,yes,no,high,Exact scientific-name match from Xeno-canto with commercial-safe Creative Commons license.,2
122,Scaly-naped Pigeon,Patagioenas squamosa,Pigeons and Doves (Columbidae),yes,candidate_safe_research_grade,iNaturalist,research-grade exact taxon sound,iNat observation 350164432 / sound 1866422,https://www.inaturalist.org/observations/350164432,https://static.inaturalist.org/sounds/1866422.wav?1776491289,CC-BY,https://creativecommons.org/licenses/by/4.0/,research-grade,"(c) Matteo Bellucci, some rights reserved (CC BY)",bird sound,yes,yes,no,yes,candidate,License-safe iNaturalist research-grade observation with exact taxon match; listen before shipping.,4
494,Scarlet Ibis,Eudocimus ruber,Ibises and Spoonbills (Threskiornithidae),no,missing,,,,,,,,,,,,,,,,,0
1136,Scarlet Tanager,Piranga olivacea,"Cardinals, Piranga Tanagers and Allies (Cardinalidae)",yes,strict_safe_ab,xeno-canto,americas,XC795439,https://xeno-canto.org/795439,https://xeno-canto.org/795439/download,CC BY-SA 4.0,https://creativecommons.org/licenses/by-sa/4.0/,A,steve,song,yes,yes,yes,no,high,Exact scientific-name match from Xeno-canto with commercial-safe Creative Commons license.,5
672,Scissor-tailed Flycatcher,Tyrannus forficatus,Tyrant Flycatchers (Tyrannidae),no,missing,,,,,,,,,,,,,,,,,0
457,Scopoli's Shearwater,Calonectris diomedea,Shearwaters and Petrels (Procellariidae),yes,strict_safe_ab,xeno-canto,global,XC919307,https://xeno-canto.org/919307,https://xeno-canto.org/919307/download,CC0-1.0,https://creativecommons.org/publicdomain/zero/1.0/,A,Carlo Fracasso,"duet, nocturnal flight call, song",yes,yes,no,no,high,Exact scientific-name match from Xeno-canto with commercial-safe Creative Commons license.,10
1065,Scott's Oriole,Icterus parisorum,Blackbirds (Icteridae),yes,strict_safe_ab,xeno-canto,americas,XC983515,https://xeno-canto.org/983515,https://xeno-canto.org/983515/download,CC BY-SA 4.0,https://creativecommons.org/licenses/by-sa/4.0/,A,steve,song,yes,yes,yes,no,high,Exact scientific-name match from Xeno-canto with commercial-safe Creative Commons license.,4
322,Scripps's Murrelet,Synthliboramphus scrippsi,"Auks, Murres, and Puffins (Alcidae)",no,missing,,,,,,,,,,,,,,,,,0
1032,Seaside Sparrow,Ammospiza maritima,Towhees and Sparrows (Passerellidae),yes,candidate_safe_research_grade,iNaturalist,research-grade exact taxon sound,iNat observation 304514550 / sound 1596548,https://www.inaturalist.org/observations/304514550,https://static.inaturalist.org/sounds/1596548.mp3?1754586243,CC-BY,https://creativecommons.org/licenses/by/4.0/,research-grade,"(c) Ryan F. Mandelbaum, some rights reserved (CC BY)",bird sound,yes,yes,no,yes,candidate,License-safe iNaturalist research-grade observation with exact taxon match; listen before shipping.,17
759,Sedge Warbler,Acrocephalus schoenobaenus,Reed Warblers (Acrocephalidae),yes,strict_safe_ab,xeno-canto,global,XC991105,https://xeno-canto.org/991105,https://xeno-canto.org/991105/download,CC BY 4.0,https://creativecommons.org/licenses/by/4.0/,A,Noé Ferrari,song,yes,yes,no,no,high,Exact scientific-name match from Xeno-canto with commercial-safe Creative Commons license.,24
828,Sedge Wren,Cistothorus stellaris,Wrens (Troglodytidae),yes,strict_safe_ab,xeno-canto,americas,XC561829,https://xeno-canto.org/561829,https://xeno-canto.org/561829/download,CC BY-SA 4.0,https://creativecommons.org/licenses/by-sa/4.0/,A,Justin Watts,song,yes,yes,yes,no,high,Exact scientific-name match from Xeno-canto with commercial-safe Creative Commons license.,13
226,Semipalmated Plover,Charadrius semipalmatus,Lapwings and Plovers (Charadriidae),yes,strict_safe_ab,xeno-canto,americas,XC1033230,https://xeno-canto.org/1033230,https://xeno-canto.org/1033230/download,CC BY-SA 4.0,https://creativecommons.org/licenses/by-sa/4.0/,B,Doug Hynes,call,yes,yes,yes,no,high,Exact scientific-name match from Xeno-canto with commercial-safe Creative Commons license.,2
277,Semipalmated Sandpiper,Calidris pusilla,"Sandpipers, Phalaropes, and Allies (Scolopacidae)",yes,strict_safe_commons_exact,Wikimedia Commons,exact scientific-name audio search,12307694,https://commons.wikimedia.org/wiki/File:Calidris_pusilla.ogg,https://upload.wikimedia.org/wikipedia/commons/b/be/Calidris_pusilla.ogg?utm_source=commons.wikimedia.org&utm_campaign=imageinfo&utm_content=original,CC BY 3.0,https://creativecommons.org/licenses/by/3.0,metadata exact,Tony Phillips,bird sound,yes,yes,no,no,medium-high,Commons audio result with exact scientific-name match and commercial-safe license metadata.,1
532,Sharp-shinned Hawk,Accipiter striatus,"Hawks, Kites, Eagles, and Allies (Accipitridae)",yes,strict_safe_commons_exact,Wikimedia Commons,exact scientific-name audio search,177269730,https://commons.wikimedia.org/wiki/File:De-Eckschwanzsperber.ogg,https://upload.wikimedia.org/wikipedia/commons/3/3a/De-Eckschwanzsperber.ogg?utm_source=commons.wikimedia.org&utm_campaign=imageinfo&utm_content=original,CC BY-SA 4.0,https://creativecommons.org/licenses/by-sa/4.0,metadata exact,Jeuwre,bird sound,yes,yes,yes,no,medium-high,Commons audio result with exact scientific-name match and commercial-safe license metadata.,2
89,Sharp-tailed Grouse,Tympanuchus phasianellus,"Partridges, Grouse, Turkeys, and Old World Quail (Phasianidae)",yes,candidate_safe_research_grade,iNaturalist,research-grade exact taxon sound,iNat observation 349493312 / sound 1856545,https://www.inaturalist.org/observations/349493312,https://static.inaturalist.org/sounds/1856545.m4a?1776078772,CC-BY-SA,https://creativecommons.org/licenses/by-sa/4.0/,research-grade,"(c) Meghan Cassidy, some rights reserved (CC BY-SA)",bird sound,yes,yes,yes,yes,candidate,License-safe iNaturalist research-grade observation with exact taxon match; listen before shipping.,4
260,Sharp-tailed Sandpiper,Calidris acuminata,"Sandpipers, Phalaropes, and Allies (Scolopacidae)",no,missing,,,,,,,,,,,,,,,,,0
1069,Shiny Cowbird,Molothrus bonariensis,Blackbirds (Icteridae),yes,strict_safe_ab,xeno-canto,americas,XC290057,https://xeno-canto.org/290057,https://xeno-canto.org/290057/download,CC BY-SA 4.0,https://creativecommons.org/licenses/by-sa/4.0/,A,Gabriele Magurno,song,yes,yes,yes,no,high,Exact scientific-name match from Xeno-canto with commercial-safe Creative Commons license.,10
279,Short-billed Dowitcher,Limnodromus griseus,"Sandpipers, Phalaropes, and Allies (Scolopacidae)",yes,candidate_safe_research_grade,iNaturalist,research-grade exact taxon sound,iNat observation 119716168 / sound 458097,https://www.inaturalist.org/observations/119716168,https://static.inaturalist.org/sounds/458097.wav?1654081346,CC-BY,https://creativecommons.org/licenses/by/4.0/,research-grade,"(c) Dan MacNeal, some rights reserved (CC BY)",bird sound,yes,yes,no,yes,candidate,License-safe iNaturalist research-grade observation with exact taxon match; listen before shipping.,2
380,Short-billed Gull,Larus brachyrhynchus,"Gulls, Terns, and Skimmers (Laridae)",yes,candidate_safe_research_grade,iNaturalist,research-grade exact taxon sound,iNat observation 289445439 / sound 1522879,https://www.inaturalist.org/observations/289445439,https://static.inaturalist.org/sounds/1522879.wav?1749878566,CC-BY,https://creativecommons.org/licenses/by/4.0/,research-grade,"(c) Michael Thaibinh, some rights reserved (CC BY)",bird sound,yes,yes,no,yes,candidate,License-safe iNaturalist research-grade observation with exact taxon match; listen before shipping.,4
581,Short-eared Owl,Asio flammeus,Typical Owls (Strigidae),yes,strict_safe_ab,xeno-canto,global,XC1105612,https://xeno-canto.org/1105612,https://xeno-canto.org/1105612/download,CC0-1.0,https://creativecommons.org/publicdomain/zero/1.0/,A,Kevin Guille,song,yes,yes,no,no,high,Exact scientific-name match from Xeno-canto with commercial-safe Creative Commons license.,4
414,Short-tailed Albatross,Phoebastria albatrus,Albatrosses (Diomedeidae),no,missing,,,,,,,,,,,,,,,,,0
555,Short-tailed Hawk,Buteo brachyurus,"Hawks, Kites, Eagles, and Allies (Accipitridae)",yes,strict_safe_ab,xeno-canto,americas,XC825871,https://xeno-canto.org/825871,https://xeno-canto.org/825871/download,CC0-1.0,https://creativecommons.org/publicdomain/zero/1.0/,B,Rosa Elena Albornoz,call,yes,yes,no,no,high,Exact scientific-name match from Xeno-canto with commercial-safe Creative Commons license.,1
462,Short-tailed Shearwater,Ardenna tenuirostris,Shearwaters and Petrels (Procellariidae),no,missing,,,,,,,,,,,,,,,,,0
908,Siberian Accentor,Prunella montanella,Accentors (Prunellidae),no,missing,,,,,,,,,,,,,,,,,0
885,Siberian Blue Robin,Larvivora cyane,Old World Flycatchers (Muscicapidae),no,missing,,,,,,,,,,,,,,,,,0
778,Siberian House-Martin,Delichon lagopodum,Swallows (Hirundinidae),no,missing,,,,,,,,,,,,,,,,,0
919,Siberian Pipit,Anthus japonicus,Wagtails and Pipits (Motacillidae),no,missing,,,,,,,,,,,,,,,,,0
888,Siberian Rubythroat,Calliope calliope,Old World Flycatchers (Muscicapidae),no,missing,,,,,,,,,,,,,,,,,0
231,Siberian Sand-Plover,Anarhynchus mongolus,Lapwings and Plovers (Charadriidae),no,missing,,,,,,,,,,,,,,,,,0
896,Siberian Stonechat,Saxicola maurus,Old World Flycatchers (Muscicapidae),no,missing,,,,,,,,,,,,,,,,,0
821,Sinaloa Wren,Thryophilus sinaloa,Wrens (Troglodytidae),no,missing,,,,,,,,,,,,,,,,,0
1133,Slate-throated Redstart,Myioborus miniatus,Wood-Warblers (Parulidae),yes,strict_safe_ab,xeno-canto,americas,XC251160,https://xeno-canto.org/251160,https://xeno-canto.org/251160/download,CC BY-SA 4.0,https://creativecommons.org/licenses/by-sa/4.0/,A,Niels Krabbe,song,yes,yes,yes,no,high,Exact scientific-name match from Xeno-canto with commercial-safe Creative Commons license.,11
391,Slaty-backed Gull,Larus schistisagus,"Gulls, Terns, and Skimmers (Laridae)",no,missing,,,,,,,,,,,,,,,,,0
247,Slender-billed Curlew,Numenius tenuirostris,"Sandpipers, Phalaropes, and Allies (Scolopacidae)",no,missing,,,,,,,,,,,,,,,,,0
650,Small-billed Elaenia,Elaenia parvirostris,Tyrant Flycatchers (Tyrannidae),no,missing,,,,,,,,,,,,,,,,,0
66,Smew,Mergellus albellus,"Ducks, Geese, and Swans (Anatidae)",no,missing,,,,,,,,,,,,,,,,,0
991,Smith's Longspur,Calcarius pictus,Longspurs and Snow Buntings (Calcariidae),no,missing,,,,,,,,,,,,,,,,,0
133,Smooth-billed Ani,Crotophaga ani,"Cuckoos, Roadrunners, and Anis (Cuculidae)",yes,strict_safe_ab,xeno-canto,americas,XC912265,https://xeno-canto.org/912265,https://xeno-canto.org/912265/download,CC BY 4.0,https://creativecommons.org/licenses/by/4.0/,B,JUAN ANTONIO ALONSO DE JUAN,song,yes,yes,no,no,high,Exact scientific-name match from Xeno-canto with commercial-safe Creative Commons license.,2
545,Snail Kite,Rostrhamus sociabilis,"Hawks, Kites, Eagles, and Allies (Accipitridae)",yes,strict_safe_ab,xeno-canto,americas,XC251465,https://xeno-canto.org/251465,https://xeno-canto.org/251465/download,CC BY-SA 4.0,https://creativecommons.org/licenses/by-sa/4.0/,A,Niels Krabbe,,yes,yes,yes,no,high,Exact scientific-name match from Xeno-canto with commercial-safe Creative Commons license.,2
993,Snow Bunting,Plectrophenax nivalis,Longspurs and Snow Buntings (Calcariidae),yes,strict_safe_ab,xeno-canto,global,XC950371,https://xeno-canto.org/950371,https://xeno-canto.org/950371/download,CC0-1.0,https://creativecommons.org/publicdomain/zero/1.0/,B,Sonothèque ADVL,"call, social calls",yes,yes,no,no,high,Exact scientific-name match from Xeno-canto with commercial-safe Creative Commons license.,8
4,Snow Goose,Anser caerulescens,"Ducks, Geese, and Swans (Anatidae)",yes,strict_safe_commons_exact,Wikimedia Commons,exact scientific-name audio search,81689503,https://commons.wikimedia.org/wiki/File:Chen_caerulescens_Lue0063_01.wav,https://upload.wikimedia.org/wikipedia/commons/e/ee/Chen_caerulescens_Lue0063_01.wav?utm_source=commons.wikimedia.org&utm_campaign=imageinfo&utm_content=original,CC BY-SA 3.0,https://creativecommons.org/licenses/by-sa/3.0,metadata exact,"Lütgens, Hans",bird sound,yes,yes,yes,no,medium-high,Commons audio result with exact scientific-name match and commercial-safe license metadata.,2
508,Snowy Egret,Egretta thula,"Bitterns, Herons, and Allies (Ardeidae)",yes,candidate_safe_research_grade,iNaturalist,research-grade exact taxon sound,iNat observation 127051012 / sound 503348,https://www.inaturalist.org/observations/127051012,https://static.inaturalist.org/sounds/503348.wav?1658290561,CC-BY,https://creativecommons.org/licenses/by/4.0/,research-grade,"(c) Pablo H Capovilla, some rights reserved (CC BY)",bird sound,yes,yes,no,yes,candidate,License-safe iNaturalist research-grade observation with exact taxon match; listen before shipping.,7
569,Snowy Owl,Bubo scandiacus,Typical Owls (Strigidae),yes,strict_safe_commons_exact,Wikimedia Commons,exact scientific-name audio search,116334268,https://commons.wikimedia.org/wiki/File:De-Schneeeule.ogg,https://upload.wikimedia.org/wikipedia/commons/2/24/De-Schneeeule.ogg?utm_source=commons.wikimedia.org&utm_campaign=imageinfo&utm_content=original,CC BY-SA 4.0,https://creativecommons.org/licenses/by-sa/4.0,metadata exact,Jeuwre,bird sound,yes,yes,yes,no,medium-high,Commons audio result with exact scientific-name match and commercial-safe license metadata.,1
236,Snowy Plover,Anarhynchus nivosus,Lapwings and Plovers (Charadriidae),yes,candidate_safe_research_grade,iNaturalist,research-grade exact taxon sound,iNat observation 74205514 / sound 189830,https://www.inaturalist.org/observations/74205514,https://static.inaturalist.org/sounds/189830.wav?1618717337,CC-BY,https://creativecommons.org/licenses/by/4.0/,research-grade,"(c) bobnieman, some rights reserved (CC BY)",bird sound,yes,yes,no,yes,candidate,License-safe iNaturalist research-grade observation with exact taxon match; listen before shipping.,1
659,Social Flycatcher,Myiozetetes similis,Tyrant Flycatchers (Tyrannidae),yes,strict_safe_ab,xeno-canto,americas,XC249866,https://xeno-canto.org/249866,https://xeno-canto.org/249866/download,CC BY-SA 4.0,https://creativecommons.org/licenses/by-sa/4.0/,A,Niels Krabbe,dawn song,yes,yes,yes,no,high,Exact scientific-name match from Xeno-canto with commercial-safe Creative Commons license.,10
292,Solitary Sandpiper,Tringa solitaria,"Sandpipers, Phalaropes, and Allies (Scolopacidae)",yes,strict_safe_ab,xeno-canto,americas,XC991724,https://xeno-canto.org/991724,https://xeno-canto.org/991724/download,CC BY-SA 4.0,https://creativecommons.org/licenses/by-sa/4.0/,A,Doug Hynes,call,yes,yes,yes,no,high,Exact scientific-name match from Xeno-canto with commercial-safe Creative Commons license.,1
284,Solitary Snipe,Gallinago solitaria,"Sandpipers, Phalaropes, and Allies (Scolopacidae)",no,missing,,,,,,,,,,,,,,,,,0
1038,Song Sparrow,Melospiza melodia,Towhees and Sparrows (Passerellidae),yes,strict_safe_ab,xeno-canto,americas,XC1005250,https://xeno-canto.org/1005250,https://xeno-canto.org/1005250/download,CC BY-SA 4.0,https://creativecommons.org/licenses/by-sa/4.0/,A,Ryan Douglas,song,yes,yes,yes,no,high,Exact scientific-name match from Xeno-canto with commercial-safe Creative Commons license.,22
871,Song Thrush,Turdus philomelos,Thrushes (Turdidae),yes,strict_safe_ab,xeno-canto,global,XC1088441,https://xeno-canto.org/1088441,https://xeno-canto.org/1088441/download,CC0-1.0,https://creativecommons.org/publicdomain/zero/1.0/,A,Lionel Triboulin,song,yes,yes,no,no,high,Exact scientific-name match from Xeno-canto with commercial-safe Creative Commons license.,66
88,Sooty Grouse,Dendragapus fuliginosus,"Partridges, Grouse, Turkeys, and Old World Quail (Phasianidae)",yes,candidate_safe_research_grade,iNaturalist,research-grade exact taxon sound,iNat observation 346272321 / sound 1831419,https://www.inaturalist.org/observations/346272321,https://static.inaturalist.org/sounds/1831419.m4a?1774917094,CC-BY,https://creativecommons.org/licenses/by/4.0/,research-grade,"(c) Isabella Hackett, some rights reserved (CC BY)",bird sound,yes,yes,no,yes,candidate,License-safe iNaturalist research-grade observation with exact taxon match; listen before shipping.,14
463,Sooty Shearwater,Ardenna grisea,Shearwaters and Petrels (Procellariidae),no,missing,,,,,,,,,,,,,,,,,0
340,Sooty Tern,Onychoprion fuscatus,"Gulls, Terns, and Skimmers (Laridae)",no,missing,,,,,,,,,,,,,,,,,0
200,Sora,Porzana carolina,"Rails, Gallinules, and Coots (Rallidae)",yes,strict_safe_ab,xeno-canto,americas,XC111155,https://xeno-canto.org/111155,https://xeno-canto.org/111155/download,CC BY-SA 3.0,https://creativecommons.org/licenses/by-sa/3.0/,B,Jonathon Jongsma,call,yes,yes,yes,no,high,Exact scientific-name match from Xeno-canto with commercial-safe Creative Commons license.,7
308,South Polar Skua,Stercorarius maccormicki,Skuas and Jaegers (Stercorariidae),yes,strict_safe_ab,xeno-canto,global,XC953125,https://xeno-canto.org/953125,https://xeno-canto.org/953125/download,CC BY-SA 4.0,https://creativecommons.org/licenses/by-sa/4.0/,A,steve,call,yes,yes,yes,no,high,Exact scientific-name match from Xeno-canto with commercial-safe Creative Commons license.,2
230,Southern Lapwing,Vanellus chilensis,Lapwings and Plovers (Charadriidae),yes,strict_safe_commons_exact,Wikimedia Commons,exact scientific-name audio search,1748773,https://commons.wikimedia.org/wiki/File:Vanellus_Chilensis.ogg,https://upload.wikimedia.org/wikipedia/commons/4/42/Vanellus_Chilensis.ogg?utm_source=commons.wikimedia.org&utm_campaign=imageinfo&utm_content=original,CC BY-SA 2.5,https://creativecommons.org/licenses/by-sa/2.5,metadata exact,Eurico Zimbres,bird sound,yes,yes,yes,no,medium-high,Commons audio result with exact scientific-name match and commercial-safe license metadata.,1
774,Southern Martin,Progne elegans,Swallows (Hirundinidae),no,missing,,,,,,,,,,,,,,,,,0
53,Spectacled Eider,Somateria fischeri,"Ducks, Geese, and Swans (Anatidae)",no,missing,,,,,,,,,,,,,,,,,0
265,Spoon-billed Sandpiper,Calidris pygmaea (pygmea),"Sandpipers, Phalaropes, and Allies (Scolopacidae)",no,missing,,,,,,,,,,,,,,,,,0
1060,Spot-breasted Oriole,Icterus pectoralis,Blackbirds (Icteridae),no,missing,,,,,,,,,,,,,,,,,0
125,Spotted Dove,Spilopelia chinensis,Pigeons and Doves (Columbidae),yes,strict_safe_any_quality,xeno-canto,global,XC497557,https://xeno-canto.org/497557,https://xeno-canto.org/497557/download,CC BY-SA 4.0,https://creativecommons.org/licenses/by-sa/4.0/,C,Peter Russell,call,yes,yes,yes,no,high,Exact scientific-name match from Xeno-canto with commercial-safe Creative Commons license.,3
881,Spotted Flycatcher,Muscicapa striata,Old World Flycatchers (Muscicapidae),yes,strict_safe_ab,xeno-canto,global,XC730613,https://xeno-canto.org/730613,https://xeno-canto.org/730613/download,CC0-1.0,https://creativecommons.org/publicdomain/zero/1.0/,A,Sonothèque ADVL,song,yes,yes,no,no,high,Exact scientific-name match from Xeno-canto with commercial-safe Creative Commons license.,29
575,Spotted Owl,Strix occidentalis,Typical Owls (Strigidae),yes,strict_safe_public_domain,National Park Service,official public-domain page,,https://www.nps.gov/subjects/sound/gallery.htm,,Public domain / NPS credit requested,https://www.nps.gov/subjects/sound/gallery.htm,official,National Park Service,bird sound,yes,yes,no,no,high,Official NPS public-domain sound listing; exact/common-name normalized match.,1
192,Spotted Rail,Pardirallus maculatus,"Rails, Gallinules, and Coots (Rallidae)",yes,strict_safe_ab,xeno-canto,americas,XC251307,https://xeno-canto.org/251307,https://xeno-canto.org/251307/download,CC BY-SA 4.0,https://creativecommons.org/licenses/by-sa/4.0/,B,Niels Krabbe,"call, calls",yes,yes,yes,no,high,Exact scientific-name match from Xeno-canto with commercial-safe Creative Commons license.,1
297,Spotted Redshank,Tringa erythropus,"Sandpipers, Phalaropes, and Allies (Scolopacidae)",yes,strict_safe_ab,xeno-canto,global,XC934581,https://xeno-canto.org/934581,https://xeno-canto.org/934581/download,CC0-1.0,https://creativecommons.org/publicdomain/zero/1.0/,B,Sonothèque ADVL,flight call,yes,yes,no,no,high,Exact scientific-name match from Xeno-canto with commercial-safe Creative Commons license.,9
290,Spotted Sandpiper,Actitis macularius,"Sandpipers, Phalaropes, and Allies (Scolopacidae)",yes,strict_safe_ab,xeno-canto,americas,XC1032430,https://xeno-canto.org/1032430,https://xeno-canto.org/1032430/download,CC0-1.0,https://creativecommons.org/publicdomain/zero/1.0/,A,Gean Carlo Valdés,call,yes,yes,no,no,high,Exact scientific-name match from Xeno-canto with commercial-safe Creative Commons license.,5
1046,Spotted Towhee,Pipilo maculatus,Towhees and Sparrows (Passerellidae),yes,strict_safe_ab,xeno-canto,americas,XC717736,https://xeno-canto.org/717736,https://xeno-canto.org/717736/download,CC BY-SA 4.0,https://creativecommons.org/licenses/by-sa/4.0/,A,Diana Doyle,song,yes,yes,yes,no,high,Exact scientific-name match from Xeno-canto with commercial-safe Creative Commons license.,16
921,Sprague's Pipit,Anthus spragueii,Wagtails and Pipits (Motacillidae),yes,candidate_safe_research_grade,iNaturalist,research-grade exact taxon sound,iNat observation 297224037 / sound 1565225,https://www.inaturalist.org/observations/297224037,https://static.inaturalist.org/sounds/1565225.m4a?1752305985,CC-BY,https://creativecommons.org/licenses/by/4.0/,research-grade,"(c) Jared Shorma, some rights reserved (CC BY)",bird sound,yes,yes,no,yes,candidate,License-safe iNaturalist research-grade observation with exact taxon match; listen before shipping.,7
81,Spruce Grouse,Canachites canadensis,"Partridges, Grouse, Turkeys, and Old World Quail (Phasianidae)",yes,candidate_safe_research_grade,iNaturalist,research-grade exact taxon sound,iNat observation 298221801 / sound 1609555,https://www.inaturalist.org/observations/298221801,https://static.inaturalist.org/sounds/1609555.wav?1755627041,CC-BY,https://creativecommons.org/licenses/by/4.0/,research-grade,"(c) Dan MacNeal, some rights reserved (CC BY)",bird sound,yes,yes,no,yes,candidate,License-safe iNaturalist research-grade observation with exact taxon match; listen before shipping.,4
450,Stejneger's Petrel,Pterodroma longirostris,Shearwaters and Petrels (Procellariidae),no,missing,,,,,,,,,,,,,,,,,0
59,Stejneger's Scoter,Melanitta stejnegeri,"Ducks, Geese, and Swans (Anatidae)",no,missing,,,,,,,,,,,,,,,,,0
51,Steller's Eider,Polysticta stelleri,"Ducks, Geese, and Swans (Anatidae)",no,missing,,,,,,,,,,,,,,,,,0
724,Steller's Jay,Cyanocitta stelleri,Jays and Crows (Corvidae),yes,strict_safe_ab,xeno-canto,americas,XC644895,https://xeno-canto.org/644895,https://xeno-canto.org/644895/download,CC BY-SA 4.0,https://creativecommons.org/licenses/by-sa/4.0/,A,Diana Doyle,begging call,yes,yes,yes,no,high,Exact scientific-name match from Xeno-canto with commercial-safe Creative Commons license.,7
542,Steller's Sea-Eagle,Haliaeetus pelagicus,"Hawks, Kites, Eagles, and Allies (Accipitridae)",yes,strict_safe_commons_exact,Wikimedia Commons,exact scientific-name audio search,137851854,https://commons.wikimedia.org/wiki/File:De-Riesenseeadler.ogg,https://upload.wikimedia.org/wikipedia/commons/2/22/De-Riesenseeadler.ogg?utm_source=commons.wikimedia.org&utm_campaign=imageinfo&utm_content=original,CC BY-SA 4.0,https://creativecommons.org/licenses/by-sa/4.0,metadata exact,Jeuwre,bird sound,yes,yes,yes,no,medium-high,Commons audio result with exact scientific-name match and commercial-safe license metadata.,1
261,Stilt Sandpiper,Calidris himantopus,"Sandpipers, Phalaropes, and Allies (Scolopacidae)",no,missing,,,,,,,,,,,,,,,,,0
1058,Streak-backed Oriole,Icterus pustulatus,Blackbirds (Icteridae),yes,strict_safe_ab,xeno-canto,americas,XC870816,https://xeno-canto.org/870816,https://xeno-canto.org/870816/download,CC0-1.0,https://creativecommons.org/publicdomain/zero/1.0/,B,Ana Rebeca Martinez Martinez,call,yes,yes,no,no,high,Exact scientific-name match from Xeno-canto with commercial-safe Creative Commons license.,1
456,Streaked Shearwater,Calonectris leucomelas,Shearwaters and Petrels (Procellariidae),no,missing,,,,,,,,,,,,,,,,,0
580,Stygian Owl,Asio stygius,Typical Owls (Strigidae),no,missing,,,,,,,,,,,,,,,,,0
660,Sulphur-bellied Flycatcher,Myiodynastes luteiventris,Tyrant Flycatchers (Tyrannidae),yes,candidate_safe_research_grade,iNaturalist,research-grade exact taxon sound,iNat observation 335213317 / sound 1744341,https://www.inaturalist.org/observations/335213317,https://static.inaturalist.org/sounds/1744341.mp3?1768745601,CC-BY,https://creativecommons.org/licenses/by/4.0/,research-grade,"(c) Guy Babineau, some rights reserved (CC BY)",bird sound,yes,yes,no,yes,candidate,License-safe iNaturalist research-grade observation with exact taxon match; listen before shipping.,13
1135,Summer Tanager,Piranga rubra,"Cardinals, Piranga Tanagers and Allies (Cardinalidae)",yes,strict_safe_ab,xeno-canto,americas,XC320483,https://xeno-canto.org/320483,https://xeno-canto.org/320483/download,CC BY-SA 4.0,https://creativecommons.org/licenses/by-sa/4.0/,A,Jonathon Jongsma,call,yes,yes,yes,no,high,Exact scientific-name match from Xeno-canto with commercial-safe Creative Commons license.,4
186,Sungrebe,Heliornis fulica,Sungrebes (Heliornithidae),no,missing,,,,,,,,,,,,,,,,,0
57,Surf Scoter,Melanitta perspicillata,"Ducks, Geese, and Swans (Anatidae)",no,missing,,,,,,,,,,,,,,,,,0
257,Surfbird,Calidris virgata,"Sandpipers, Phalaropes, and Allies (Scolopacidae)",no,missing,,,,,,,,,,,,,,,,,0
556,Swainson's Hawk,Buteo swainsoni,"Hawks, Kites, Eagles, and Allies (Accipitridae)",yes,strict_safe_ab,xeno-canto,americas,XC493363,https://xeno-canto.org/493363,https://xeno-canto.org/493363/download,CC BY-SA 4.0,https://creativecommons.org/licenses/by-sa/4.0/,B,Diana Doyle,"begging call, call",yes,yes,yes,no,high,Exact scientific-name match from Xeno-canto with commercial-safe Creative Commons license.,1
861,Swainson's Thrush,Catharus ustulatus,Thrushes (Turdidae),yes,strict_safe_ab,xeno-canto,americas,XC613535,https://xeno-canto.org/613535,https://xeno-canto.org/613535/download,CC BY-SA 4.0,https://creativecommons.org/licenses/by-sa/4.0/,A,Doug Hynes,song,yes,yes,yes,no,high,Exact scientific-name match from Xeno-canto with commercial-safe Creative Commons license.,10
1086,Swainson's Warbler,Limnothlypis swainsonii,Wood-Warblers (Parulidae),no,missing,,,,,,,,,,,,,,,,,0
362,Swallow-tailed Gull,Creagrus furcatus,"Gulls, Terns, and Skimmers (Laridae)",yes,strict_safe_commons_exact,Wikimedia Commons,exact scientific-name audio search,56784611,https://commons.wikimedia.org/wiki/File:De-Gabelschwanzm%C3%B6we.ogg,https://upload.wikimedia.org/wikipedia/commons/0/06/De-Gabelschwanzm%C3%B6we.ogg?utm_source=commons.wikimedia.org&utm_campaign=imageinfo&utm_content=original,CC BY-SA 4.0,https://creativecommons.org/licenses/by-sa/4.0,metadata exact,Jeuwre,bird sound,yes,yes,yes,no,medium-high,Commons audio result with exact scientific-name match and commercial-safe license metadata.,1
528,Swallow-tailed Kite,Elanoides forficatus,"Hawks, Kites, Eagles, and Allies (Accipitridae)",no,missing,,,,,,,,,,,,,,,,,0
1040,Swamp Sparrow,Melospiza georgiana,Towhees and Sparrows (Passerellidae),yes,strict_safe_ab,xeno-canto,americas,XC613096,https://xeno-canto.org/613096,https://xeno-canto.org/613096/download,CC BY-SA 4.0,https://creativecommons.org/licenses/by-sa/4.0/,A,Doug Hynes,song,yes,yes,yes,no,high,Exact scientific-name match from Xeno-canto with commercial-safe Creative Commons license.,5
421,Swinhoe's Storm-Petrel,Hydrobates monorhis,Northern Storm-Petrels (Hydrobatidae),no,missing,,,,,,,,,,,,,,,,,0
451,Tahiti Petrel,Pseudobulweria rostrata,Shearwaters and Petrels (Procellariidae),no,missing,,,,,,,,,,,,,,,,,0
9,Taiga Bean-Goose,Anser fabalis,"Ducks, Geese, and Swans (Anatidae)",yes,candidate_safe_research_grade,iNaturalist,research-grade exact taxon sound,iNat observation 264962663 / sound 1329981,https://www.inaturalist.org/observations/264962663,https://static.inaturalist.org/sounds/1329981.mp3?1741707630,CC-BY,https://creativecommons.org/licenses/by/4.0/,research-grade,"(c) Andrejus Gaidamavičius, some rights reserved (CC BY)",bird sound,yes,yes,no,yes,candidate,License-safe iNaturalist research-grade observation with exact taxon match; listen before shipping.,1
892,Taiga Flycatcher,Ficedula albicilla,Old World Flycatchers (Muscicapidae),yes,strict_safe_any_quality,xeno-canto,global,XC931734,https://xeno-canto.org/931734,https://xeno-canto.org/931734/download,CC BY-SA 4.0,https://creativecommons.org/licenses/by-sa/4.0/,C,Jochem Verweij,call,yes,yes,yes,no,high,Exact scientific-name match from Xeno-canto with commercial-safe Creative Commons license.,1
736,Tamaulipas Crow,Corvus imparatus,Jays and Crows (Corvidae),yes,strict_safe_commons_exact,Wikimedia Commons,exact scientific-name audio search,181490381,https://commons.wikimedia.org/wiki/File:Corvus_imparatus_601525.oga,https://upload.wikimedia.org/wikipedia/commons/f/f0/Corvus_imparatus_601525.oga?utm_source=commons.wikimedia.org&utm_campaign=imageinfo&utm_content=original,CC BY 4.0,https://creativecommons.org/licenses/by/4.0,metadata exact,Tereso Hernández Morales,bird sound,yes,yes,no,no,medium-high,Commons audio result with exact scientific-name match and commercial-safe license metadata.,1
1068,Tawny-shouldered Blackbird,Agelaius humeralis,Blackbirds (Icteridae),no,missing,,,,,,,,,,,,,,,,,0
263,Temminck's Stint,Calidris temminckii,"Sandpipers, Phalaropes, and Allies (Scolopacidae)",yes,strict_safe_any_quality,xeno-canto,global,XC1040134,https://xeno-canto.org/1040134,https://xeno-canto.org/1040134/download,CC0-1.0,https://creativecommons.org/publicdomain/zero/1.0/,D,Sonothèque ADVL,nocturnal flight call,yes,yes,no,no,high,Exact scientific-name match from Xeno-canto with commercial-safe Creative Commons license.,1
1088,Tennessee Warbler,Leiothlypis peregrina,Wood-Warblers (Parulidae),yes,strict_safe_ab,xeno-canto,americas,XC315845,https://xeno-canto.org/315845,https://xeno-canto.org/315845/download,CC BY-SA 4.0,https://creativecommons.org/licenses/by-sa/4.0/,A,Jonathon Jongsma,song,yes,yes,yes,no,high,Exact scientific-name match from Xeno-canto with commercial-safe Creative Commons license.,6
288,Terek Sandpiper,Xenus cinereus,"Sandpipers, Phalaropes, and Allies (Scolopacidae)",yes,strict_safe_any_quality,xeno-canto,global,XC926291,https://xeno-canto.org/926291,https://xeno-canto.org/926291/download,CC BY-SA 4.0,https://creativecommons.org/licenses/by-sa/4.0/,C,Jochem Verweij,flight call,yes,yes,yes,no,high,Exact scientific-name match from Xeno-canto with commercial-safe Creative Commons license.,1
667,Thick-billed Kingbird,Tyrannus crassirostris,Tyrant Flycatchers (Tyrannidae),no,missing,,,,,,,,,,,,,,,,,0
992,Thick-billed Longspur,Rhynchophanes mccownii,Longspurs and Snow Buntings (Calcariidae),yes,strict_safe_commons_exact,Wikimedia Commons,exact scientific-name audio search,181257000,https://commons.wikimedia.org/wiki/File:Rhynchophanes_mccownii_961960.wav,https://upload.wikimedia.org/wikipedia/commons/5/5e/Rhynchophanes_mccownii_961960.wav?utm_source=commons.wikimedia.org&utm_campaign=imageinfo&utm_content=original,CC BY 4.0,https://creativecommons.org/licenses/by/4.0,metadata exact,Spencer Hurt,bird sound,yes,yes,no,no,medium-high,Commons audio result with exact scientific-name match and commercial-safe license metadata.,1
314,Thick-billed Murre,Uria lomvia,"Auks, Murres, and Puffins (Alcidae)",yes,strict_safe_ab,xeno-canto,global,XC817317,https://xeno-canto.org/817317,https://xeno-canto.org/817317/download,CC BY-SA 4.0,https://creativecommons.org/licenses/by-sa/4.0/,A,steve,call,yes,yes,yes,no,high,Exact scientific-name match from Xeno-canto with commercial-safe Creative Commons license.,1
637,Thick-billed Parrot,Rhynchopsitta pachyrhyncha,"Parakeets, Macaws, Amazons, and Parrots (Psittacidae)",yes,strict_safe_commons_exact,Wikimedia Commons,exact scientific-name audio search,142592989,https://commons.wikimedia.org/wiki/File:De-Arasittich.ogg,https://upload.wikimedia.org/wikipedia/commons/0/09/De-Arasittich.ogg?utm_source=commons.wikimedia.org&utm_campaign=imageinfo&utm_content=original,CC BY-SA 4.0,https://creativecommons.org/licenses/by-sa/4.0,metadata exact,Jeuwre,bird sound,yes,yes,yes,no,medium-high,Commons audio result with exact scientific-name match and commercial-safe license metadata.,1
697,Thick-billed Vireo,Vireo crassirostris,Vireos (Vireonidae),yes,candidate_safe_research_grade,iNaturalist,research-grade exact taxon sound,iNat observation 332753237 / sound 1743923,https://www.inaturalist.org/observations/332753237,https://static.inaturalist.org/sounds/1743923.wav?1768704138,CC0,https://creativecommons.org/publicdomain/zero/1.0/,research-grade,no rights reserved,bird sound,yes,yes,no,yes,candidate,License-safe iNaturalist research-grade observation with exact taxon match; listen before shipping.,7
756,Thick-billed Warbler,Arundinax aedon,Reed Warblers (Acrocephalidae),no,missing,,,,,,,,,,,,,,,,,0
849,Townsend's Solitaire,Myadestes townsendi,Thrushes (Turdidae),yes,strict_safe_public_domain,National Park Service,official public-domain page,,https://www.nps.gov/yell/learn/photosmultimedia/soundlibrary.htm,,Public domain / NPS credit requested,https://www.nps.gov/subjects/sound/gallery.htm,official,National Park Service,bird sound,yes,yes,no,no,high,Official NPS public-domain sound listing; exact/common-name normalized match.,1
423,Townsend's Storm-Petrel,Hydrobates socorroensis,Northern Storm-Petrels (Hydrobatidae),no,missing,,,,,,,,,,,,,,,,,0
1122,Townsend's Warbler,Setophaga townsendi,Wood-Warblers (Parulidae),yes,strict_safe_any_quality,xeno-canto,americas,XC910051,https://xeno-canto.org/910051,https://xeno-canto.org/910051/download,CC0-1.0,https://creativecommons.org/publicdomain/zero/1.0/,C,NPS Alaska,song,yes,yes,no,no,high,Exact scientific-name match from Xeno-canto with commercial-safe Creative Commons license.,1
915,Tree Pipit,Anthus trivialis,Wagtails and Pipits (Motacillidae),yes,strict_safe_ab,xeno-canto,global,XC818522,https://xeno-canto.org/818522,https://xeno-canto.org/818522/download,CC0-1.0,https://creativecommons.org/publicdomain/zero/1.0/,B,Sonothèque ADVL,song,yes,yes,no,no,high,Exact scientific-name match from Xeno-canto with commercial-safe Creative Commons license.,41
766,Tree Swallow,Tachycineta bicolor,Swallows (Hirundinidae),yes,strict_safe_ab,xeno-canto,americas,XC935597,https://xeno-canto.org/935597,https://xeno-canto.org/935597/download,CC BY-SA 4.0,https://creativecommons.org/licenses/by-sa/4.0/,A,Doug Hynes,"call, song",yes,yes,yes,no,high,Exact scientific-name match from Xeno-canto with commercial-safe Creative Commons license.,6
1067,Tricolored Blackbird,Agelaius tricolor,Blackbirds (Icteridae),yes,candidate_safe_research_grade,iNaturalist,research-grade exact taxon sound,iNat observation 345426168 / sound 1825125,https://www.inaturalist.org/observations/345426168,https://static.inaturalist.org/sounds/1825125.m4a?1774591093,CC-BY,https://creativecommons.org/licenses/by/4.0/,research-grade,"(c) Ryan Donnelly, some rights reserved (CC BY)",bird sound,yes,yes,no,yes,candidate,License-safe iNaturalist research-grade observation with exact taxon match; listen before shipping.,8
505,Tricolored Heron,Egretta tricolor,"Bitterns, Herons, and Allies (Ardeidae)",no,missing,,,,,,,,,,,,,,,,,0
903,Tricolored Munia,Lonchura malacca,Waxbills (Estrildidae),no,missing,,,,,,,,,,,,,,,,,0
436,Trindade Petrel,Pterodroma arminjoniana,Shearwaters and Petrels (Procellariidae),no,missing,,,,,,,,,,,,,,,,,0
429,Tristram's Storm-Petrel,Hydrobates tristrami,Northern Storm-Petrels (Hydrobatidae),no,missing,,,,,,,,,,,,,,,,,0
664,Tropical Kingbird,Tyrannus melancholicus,Tyrant Flycatchers (Tyrannidae),yes,strict_safe_ab,xeno-canto,americas,XC251728,https://xeno-canto.org/251728,https://xeno-canto.org/251728/download,CC BY-SA 4.0,https://creativecommons.org/licenses/by-sa/4.0/,A,Niels Krabbe,call,yes,yes,yes,no,high,Exact scientific-name match from Xeno-canto with commercial-safe Creative Commons license.,4
1106,Tropical Parula,Setophaga pitiayumi,Wood-Warblers (Parulidae),yes,strict_safe_ab,xeno-canto,americas,XC243096,https://xeno-canto.org/243096,https://xeno-canto.org/243096/download,CC BY-SA 4.0,https://creativecommons.org/licenses/by-sa/4.0/,A,Niels Krabbe,song,yes,yes,yes,no,high,Exact scientific-name match from Xeno-canto with commercial-safe Creative Commons license.,6
18,Trumpeter Swan,Cygnus buccinator,"Ducks, Geese, and Swans (Anatidae)",yes,strict_safe_ab,xeno-canto,americas,XC413784,https://xeno-canto.org/413784,https://xeno-canto.org/413784/download,CC BY-SA 4.0,https://creativecommons.org/licenses/by-sa/4.0/,A,Jonathon Jongsma,call,yes,yes,yes,no,high,Exact scientific-name match from Xeno-canto with commercial-safe Creative Commons license.,2
48,Tufted Duck,Aythya fuligula,"Ducks, Geese, and Swans (Anatidae)",yes,strict_safe_any_quality,xeno-canto,global,XC1041327,https://xeno-canto.org/1041327,https://xeno-canto.org/1041327/download,CC0-1.0,https://creativecommons.org/publicdomain/zero/1.0/,C,Sonothèque ADVL,flight call,yes,yes,no,no,high,Exact scientific-name match from Xeno-canto with commercial-safe Creative Commons license.,2
674,Tufted Flycatcher,Mitrephanes phaeocercus,Tyrant Flycatchers (Tyrannidae),yes,strict_safe_ab,xeno-canto,americas,XC251136,https://xeno-canto.org/251136,https://xeno-canto.org/251136/download,CC BY-SA 4.0,https://creativecommons.org/licenses/by-sa/4.0/,B,Niels Krabbe,call,yes,yes,yes,no,high,Exact scientific-name match from Xeno-canto with commercial-safe Creative Commons license.,3
334,Tufted Puffin,Fratercula cirrhata,"Auks, Murres, and Puffins (Alcidae)",no,missing,,,,,,,,,,,,,,,,,0
752,Tufted Titmouse,Baeolophus bicolor,Chickadees and Titmice (Paridae),yes,strict_safe_ab,xeno-canto,americas,XC884288,https://xeno-canto.org/884288,https://xeno-canto.org/884288/download,CC BY-SA 4.0,https://creativecommons.org/licenses/by-sa/4.0/,A,steve,song,yes,yes,yes,no,high,Exact scientific-name match from Xeno-canto with commercial-safe Creative Commons license.,2
10,Tundra Bean-Goose,Anser serrirostris,"Ducks, Geese, and Swans (Anatidae)",yes,strict_safe_any_quality,xeno-canto,global,XC918829,https://xeno-canto.org/918829,https://xeno-canto.org/918829/download,CC0-1.0,https://creativecommons.org/publicdomain/zero/1.0/,C,Sonothèque ADVL,flight call,yes,yes,no,no,high,Exact scientific-name match from Xeno-canto with commercial-safe Creative Commons license.,1
19,Tundra Swan,Cygnus columbianus,"Ducks, Geese, and Swans (Anatidae)",yes,strict_safe_ab,xeno-canto,americas,XC972031,https://xeno-canto.org/972031,https://xeno-canto.org/972031/download,CC BY-SA 4.0,https://creativecommons.org/licenses/by-sa/4.0/,B,steve,call,yes,yes,yes,no,high,Exact scientific-name match from Xeno-canto with commercial-safe Creative Commons license.,1
523,Turkey Vulture,Cathartes aura,New World Vultures (Cathartidae),yes,strict_safe_commons_exact,Wikimedia Commons,exact scientific-name audio search,182624492,https://commons.wikimedia.org/wiki/File:De-Truthahngeier.ogg,https://upload.wikimedia.org/wikipedia/commons/8/8f/De-Truthahngeier.ogg?utm_source=commons.wikimedia.org&utm_campaign=imageinfo&utm_content=original,CC BY-SA 4.0,https://creativecommons.org/licenses/by-sa/4.0,metadata exact,Jeuwre,bird sound,yes,yes,yes,no,medium-high,Commons audio result with exact scientific-name match and commercial-safe license metadata.,2
939,Ula-ai-hawane,Ciridops anna,Fringilline and Cardueline Finches and Allies (Fringillidae),no,missing,,,,,,,,,,,,,,,,,0
239,Upland Sandpiper,Bartramia longicauda,"Sandpipers, Phalaropes, and Allies (Scolopacidae)",yes,strict_safe_ab,xeno-canto,americas,XC104531,https://xeno-canto.org/104531,https://xeno-canto.org/104531/download,CC BY-SA 3.0,https://creativecommons.org/licenses/by-sa/3.0/,B,Jonathon Jongsma,call,yes,yes,yes,no,high,Exact scientific-name match from Xeno-canto with commercial-safe Creative Commons license.,2
1149,Varied Bunting,Passerina versicolor,"Cardinals, Piranga Tanagers and Allies (Cardinalidae)",yes,candidate_safe_research_grade,iNaturalist,research-grade exact taxon sound,iNat observation 335283546 / sound 1745290,https://www.inaturalist.org/observations/335283546,https://static.inaturalist.org/sounds/1745290.mp3?1768778437,CC-BY,https://creativecommons.org/licenses/by/4.0/,research-grade,"(c) Guy Babineau, some rights reserved (CC BY)",bird sound,yes,yes,no,yes,candidate,License-safe iNaturalist research-grade observation with exact taxon match; listen before shipping.,5
877,Varied Thrush,Ixoreus naevius,Thrushes (Turdidae),yes,candidate_safe_research_grade,iNaturalist,research-grade exact taxon sound,iNat observation 358998516 / sound 1931419,https://www.inaturalist.org/observations/358998516,https://static.inaturalist.org/sounds/1931419.m4a?1778093981,CC-BY,https://creativecommons.org/licenses/by/4.0/,research-grade,"(c) Sean Vanderluit, some rights reserved (CC BY)",bird sound,yes,yes,no,yes,candidate,License-safe iNaturalist research-grade observation with exact taxon match; listen before shipping.,196
662,Variegated Flycatcher,Empidonomus varius,Tyrant Flycatchers (Tyrannidae),yes,candidate_safe_research_grade,iNaturalist,research-grade exact taxon sound,iNat observation 334928342 / sound 1742285,https://www.inaturalist.org/observations/334928342,https://static.inaturalist.org/sounds/1742285.wav?1768552722,CC-BY,https://creativecommons.org/licenses/by/4.0/,research-grade,"(c) Fabrício Mil Homens Riella, some rights reserved (CC BY)",bird sound,yes,yes,no,yes,candidate,License-safe iNaturalist research-grade observation with exact taxon match; listen before shipping.,3
155,Vaux's Swift,Chaetura vauxi,Swifts (Apodidae),no,missing,,,,,,,,,,,,,,,,,0
858,Veery,Catharus fuscescens,Thrushes (Turdidae),yes,strict_safe_ab,xeno-canto,americas,XC139380,https://xeno-canto.org/139380,https://xeno-canto.org/139380/download,CC BY-SA 3.0,https://creativecommons.org/licenses/by-sa/3.0/,A,Jonathon Jongsma,call,yes,yes,yes,no,high,Exact scientific-name match from Xeno-canto with commercial-safe Creative Commons license.,7
386,Vega Gull,Larus vegae,"Gulls, Terns, and Skimmers (Laridae)",no,missing,,,,,,,,,,,,,,,,,0
741,Verdin,Auriparus flaviceps,Verdin (Remizidae),yes,strict_safe_commons_exact,Wikimedia Commons,exact scientific-name audio search,189892644,https://commons.wikimedia.org/wiki/File:La_Pona_(20-04-2026)_-_aves_y_otros_sonidos.wav,https://upload.wikimedia.org/wikipedia/commons/4/43/La_Pona_%2820-04-2026%29_-_aves_y_otros_sonidos.wav?utm_source=commons.wikimedia.org&utm_campaign=imageinfo&utm_content=original,CC BY-SA 4.0,https://creativecommons.org/licenses/by-sa/4.0,metadata exact,Luisalvaz,bird sound,yes,yes,yes,no,medium-high,Commons audio result with exact scientific-name match and commercial-safe license metadata.,4
694,Vermilion Flycatcher,Pyrocephalus rubinus,Tyrant Flycatchers (Tyrannidae),yes,strict_safe_commons_exact,Wikimedia Commons,exact scientific-name audio search,132264482,https://commons.wikimedia.org/wiki/File:Pyrocephalus_rubinus_audio_(162596086).wav,https://upload.wikimedia.org/wikipedia/commons/0/00/Pyrocephalus_rubinus_audio_%28162596086%29.wav?utm_source=commons.wikimedia.org&utm_campaign=imageinfo&utm_content=original,CC BY-SA 4.0,https://creativecommons.org/licenses/by-sa/4.0,metadata exact,Pablo H Capovilla,bird sound,yes,yes,yes,no,medium-high,Commons audio result with exact scientific-name match and commercial-safe license metadata.,3
1030,Vesper Sparrow,Pooecetes gramineus,Towhees and Sparrows (Passerellidae),yes,strict_safe_ab,xeno-canto,americas,XC175260,https://xeno-canto.org/175260,https://xeno-canto.org/175260/download,CC BY-SA 4.0,https://creativecommons.org/licenses/by-sa/4.0/,A,Jonathon Jongsma,song,yes,yes,yes,no,high,Exact scientific-name match from Xeno-canto with commercial-safe Creative Commons license.,7
182,Violet-crowned Hummingbird,Ramosomyia violiceps,Hummingbirds (Trochilidae),no,missing,,,,,,,,,,,,,,,,,0
768,Violet-green Swallow,Tachycineta thalassina,Swallows (Hirundinidae),yes,strict_safe_ab,xeno-canto,americas,XC550991,https://xeno-canto.org/550991,https://xeno-canto.org/550991/download,CC BY-SA 4.0,https://creativecommons.org/licenses/by-sa/4.0/,B,Peter Wilton,call,yes,yes,yes,no,high,Exact scientific-name match from Xeno-canto with commercial-safe Creative Commons license.,1
198,Virginia Rail,Rallus limicola,"Rails, Gallinules, and Coots (Rallidae)",yes,strict_safe_ab,xeno-canto,americas,XC111114,https://xeno-canto.org/111114,https://xeno-canto.org/111114/download,CC BY-SA 3.0,https://creativecommons.org/licenses/by-sa/3.0/,B,Jonathon Jongsma,call,yes,yes,yes,no,high,Exact scientific-name match from Xeno-canto with commercial-safe Creative Commons license.,2
1093,Virginia's Warbler,Leiothlypis virginiae,Wood-Warblers (Parulidae),yes,candidate_safe_research_grade,iNaturalist,research-grade exact taxon sound,iNat observation 291362718 / sound 1534333,https://www.inaturalist.org/observations/291362718,https://static.inaturalist.org/sounds/1534333.m4a?1750470347,CC0,https://creativecommons.org/publicdomain/zero/1.0/,research-grade,no rights reserved,bird sound,yes,yes,no,yes,candidate,License-safe iNaturalist research-grade observation with exact taxon match; listen before shipping.,11
410,Wandering Albatross (sp.),Diomedea exulans (sp.),Albatrosses (Diomedeidae),no,missing,,,,,,,,,,,,,,,,,0
294,Wandering Tattler,Tringa incana,"Sandpipers, Phalaropes, and Allies (Scolopacidae)",yes,candidate_safe_research_grade,iNaturalist,research-grade exact taxon sound,iNat observation 340219682 / sound 1779019,https://www.inaturalist.org/observations/340219682,https://static.inaturalist.org/sounds/1779019.m4a?1772057723,CC-BY,https://creativecommons.org/licenses/by/4.0/,research-grade,"(c) Gabriel, some rights reserved (CC BY)",bird sound,yes,yes,no,yes,candidate,License-safe iNaturalist research-grade observation with exact taxon match; listen before shipping.,3
795,Warbling White-eye,Zosterops japonicus,White-eyes (Zosteropidae),yes,strict_safe_ab,xeno-canto,global,XC176944,https://xeno-canto.org/176944,https://xeno-canto.org/176944/download,CC BY-SA 4.0,https://creativecommons.org/licenses/by-sa/4.0/,B,Peter Wilton,"call, flight call",yes,yes,yes,no,high,Exact scientific-name match from Xeno-canto with commercial-safe Creative Commons license.,2
413,Waved Albatross,Phoebastria irrorata,Albatrosses (Diomedeidae),no,missing,,,,,,,,,,,,,,,,,0
427,Wedge-rumped Storm-Petrel,Hydrobates tethys,Northern Storm-Petrels (Hydrobatidae),no,missing,,,,,,,,,,,,,,,,,0
460,Wedge-tailed Shearwater,Ardenna pacifica,Shearwaters and Petrels (Procellariidae),yes,strict_safe_commons_exact,Wikimedia Commons,exact scientific-name audio search,5982463,https://commons.wikimedia.org/wiki/File:Wedge-tailed_Shearwater07_audio.ogg,https://upload.wikimedia.org/wikipedia/commons/3/3b/Wedge-tailed_Shearwater07_audio.ogg?utm_source=commons.wikimedia.org&utm_campaign=imageinfo&utm_content=original,CC BY-SA 3.0,https://creativecommons.org/licenses/by-sa/3.0,metadata exact,Aviceda,bird sound,yes,yes,yes,no,medium-high,Commons audio result with exact scientific-name match and commercial-safe license metadata.,1
847,Western Bluebird,Sialia mexicana,Thrushes (Turdidae),yes,strict_safe_ab,xeno-canto,americas,XC322143,https://xeno-canto.org/322143,https://xeno-canto.org/322143/download,CC BY-SA 4.0,https://creativecommons.org/licenses/by-sa/4.0/,B,Ryan Winkleman,song,yes,yes,yes,no,high,Exact scientific-name match from Xeno-canto with commercial-safe Creative Commons license.,2
517,Western Cattle-Egret,Ardea ibis,"Bitterns, Herons, and Allies (Ardeidae)",yes,strict_safe_commons_exact,Wikimedia Commons,exact scientific-name audio search,18706574,https://commons.wikimedia.org/wiki/File:Cattle_Egret.ogg,https://upload.wikimedia.org/wikipedia/commons/5/58/Cattle_Egret.ogg?utm_source=commons.wikimedia.org&utm_campaign=imageinfo&utm_content=original,CC BY-SA 3.0,http://creativecommons.org/licenses/by-sa/3.0/,metadata exact,"Speaker: PopularOutcast

Authors of the article",bird sound,yes,yes,yes,no,medium-high,Commons audio result with exact scientific-name match and commercial-safe license metadata.,3
689,Western Flycatcher,Empidonax difficilis,Tyrant Flycatchers (Tyrannidae),yes,strict_safe_any_quality,xeno-canto,americas,XC551978,https://xeno-canto.org/551978,https://xeno-canto.org/551978/download,CC BY-SA 4.0,https://creativecommons.org/licenses/by-sa/4.0/,C,radrat,call,yes,yes,yes,no,high,Exact scientific-name match from Xeno-canto with commercial-safe Creative Commons license.,1
108,Western Grebe,Aechmophorus occidentalis,Grebes (Podicipedidae),no,missing,,,,,,,,,,,,,,,,,0
382,Western Gull,Larus occidentalis,"Gulls, Terns, and Skimmers (Laridae)",yes,strict_safe_public_domain,National Park Service,official public-domain page,,https://www.nps.gov/subjects/sound/gallery.htm,,Public domain / NPS credit requested,https://www.nps.gov/subjects/sound/gallery.htm,official,National Park Service,bird sound,yes,yes,no,no,high,Official NPS public-domain sound listing; exact/common-name normalized match.,1
668,Western Kingbird,Tyrannus verticalis,Tyrant Flycatchers (Tyrannidae),yes,candidate_safe_research_grade,iNaturalist,research-grade exact taxon sound,iNat observation 294863925 / sound 1552967,https://www.inaturalist.org/observations/294863925,https://static.inaturalist.org/sounds/1552967.wav?1751556170,CC-BY,https://creativecommons.org/licenses/by/4.0/,research-grade,"(c) Pablo F. Domínguez, some rights reserved (CC BY)",bird sound,yes,yes,no,yes,candidate,License-safe iNaturalist research-grade observation with exact taxon match; listen before shipping.,22
538,Western Marsh Harrier,Circus aeruginosus,"Hawks, Kites, Eagles, and Allies (Accipitridae)",yes,strict_safe_ab,xeno-canto,global,XC705925,https://xeno-canto.org/705925,https://xeno-canto.org/705925/download,CC0-1.0,https://creativecommons.org/publicdomain/zero/1.0/,B,Sonothèque ADVL,call,yes,yes,no,no,high,Exact scientific-name match from Xeno-canto with commercial-safe Creative Commons license.,4
1054,Western Meadowlark,Sturnella neglecta,Blackbirds (Icteridae),yes,strict_safe_ab,xeno-canto,americas,XC254455,https://xeno-canto.org/254455,https://xeno-canto.org/254455/download,CC BY-SA 4.0,https://creativecommons.org/licenses/by-sa/4.0/,A,Jonathon Jongsma,song,yes,yes,yes,no,high,Exact scientific-name match from Xeno-canto with commercial-safe Creative Commons license.,8
510,Western Reef-Heron,Egretta gularis,"Bitterns, Herons, and Allies (Ardeidae)",no,missing,,,,,,,,,,,,,,,,,0
278,Western Sandpiper,Calidris mauri,"Sandpipers, Phalaropes, and Allies (Scolopacidae)",yes,strict_safe_commons_exact,Wikimedia Commons,exact scientific-name audio search,18975830,https://commons.wikimedia.org/wiki/File:Calidris_mauri.ogg,https://upload.wikimedia.org/wikipedia/commons/6/6b/Calidris_mauri.ogg?utm_source=commons.wikimedia.org&utm_campaign=imageinfo&utm_content=original,CC BY-SA 3.0,https://creativecommons.org/licenses/by-sa/3.0,metadata exact,"Vladimir Yu. Arkhipov, Arkhivov",bird sound,yes,yes,yes,no,medium-high,Commons audio result with exact scientific-name match and commercial-safe license metadata.,1
566,Western Screech-Owl,Megascops kennicottii,Typical Owls (Strigidae),yes,strict_safe_any_quality,xeno-canto,americas,XC795450,https://xeno-canto.org/795450,https://xeno-canto.org/795450/download,CC BY-SA 4.0,https://creativecommons.org/licenses/by-sa/4.0/,C,steve,song,yes,yes,yes,no,high,Exact scientific-name match from Xeno-canto with commercial-safe Creative Commons license.,2
1048,Western Spindalis,Spindalis zena,Spindalises (Spindalidae),no,missing,,,,,,,,,,,,,,,,,0
1137,Western Tanager,Piranga ludoviciana,"Cardinals, Piranga Tanagers and Allies (Cardinalidae)",yes,strict_safe_ab,xeno-canto,americas,XC254618,https://xeno-canto.org/254618,https://xeno-canto.org/254618/download,CC BY-SA 4.0,https://creativecommons.org/licenses/by-sa/4.0/,B,Jonathon Jongsma,song,yes,yes,yes,no,high,Exact scientific-name match from Xeno-canto with commercial-safe Creative Commons license.,1
707,Western Warbling-Vireo,Vireo swainsoni,Vireos (Vireonidae),no,missing,,,,,,,,,,,,,,,,,0
677,Western Wood-Pewee,Contopus sordidulus,Tyrant Flycatchers (Tyrannidae),yes,strict_safe_ab,xeno-canto,americas,XC254458,https://xeno-canto.org/254458,https://xeno-canto.org/254458/download,CC BY-SA 4.0,https://creativecommons.org/licenses/by-sa/4.0/,A,Jonathon Jongsma,song,yes,yes,yes,no,high,Exact scientific-name match from Xeno-canto with commercial-safe Creative Commons license.,7
329,Whiskered Auklet,Aethia pygmaea,"Auks, Murres, and Puffins (Alcidae)",no,missing,,,,,,,,,,,,,,,,,0
565,Whiskered Screech-Owl,Megascops trichopsis,Typical Owls (Strigidae),yes,strict_safe_ab,xeno-canto,americas,XC1005244,https://xeno-canto.org/1005244,https://xeno-canto.org/1005244/download,CC BY-SA 4.0,https://creativecommons.org/licenses/by-sa/4.0/,A,Ryan Douglas,,yes,yes,yes,no,high,Exact scientific-name match from Xeno-canto with commercial-safe Creative Commons license.,1
352,Whiskered Tern,Chlidonias hybrida,"Gulls, Terns, and Skimmers (Laridae)",no,missing,,,,,,,,,,,,,,,,,0
493,White Ibis,Eudocimus albus,Ibises and Spoonbills (Threskiornithidae),yes,candidate_safe_research_grade,iNaturalist,research-grade exact taxon sound,iNat observation 107582585 / sound 362953,https://www.inaturalist.org/observations/107582585,https://static.inaturalist.org/sounds/362953.wav?1645993837,CC-BY,https://creativecommons.org/licenses/by/4.0/,research-grade,"(c) Jonathan Layman, some rights reserved (CC BY)",bird sound,yes,yes,no,yes,candidate,License-safe iNaturalist research-grade observation with exact taxon match; listen before shipping.,2
914,White Wagtail,Motacilla alba,Wagtails and Pipits (Motacillidae),yes,strict_safe_ab,xeno-canto,global,XC1100607,https://xeno-canto.org/1100607,https://xeno-canto.org/1100607/download,CC0-1.0,https://creativecommons.org/publicdomain/zero/1.0/,B,Sonothèque ADVL,"call, song",yes,yes,no,no,high,Exact scientific-name match from Xeno-canto with commercial-safe Creative Commons license.,10
811,White-breasted Nuthatch,Sitta carolinensis,Nuthatches (Sittidae),yes,strict_safe_ab,xeno-canto,americas,XC121070,https://xeno-canto.org/121070,https://xeno-canto.org/121070/download,CC BY-SA 3.0,https://creativecommons.org/licenses/by-sa/3.0/,A,Jonathon Jongsma,song,yes,yes,yes,no,high,Exact scientific-name match from Xeno-canto with commercial-safe Creative Commons license.,4
405,White-capped Albatross,Thalassarche cauta,Albatrosses (Diomedeidae),no,missing,,,,,,,,,,,,,,,,,0
41,White-cheeked Pintail,Anas bahamensis,"Ducks, Geese, and Swans (Anatidae)",no,missing,,,,,,,,,,,,,,,,,0
454,White-chinned Petrel,Procellaria aequinoctialis,Shearwaters and Petrels (Procellariidae),no,missing,,,,,,,,,,,,,,,,,0
153,White-collared Swift,Streptoprocne zonaris,Swifts (Apodidae),yes,strict_safe_ab,xeno-canto,americas,XC251570,https://xeno-canto.org/251570,https://xeno-canto.org/251570/download,CC BY-SA 4.0,https://creativecommons.org/licenses/by-sa/4.0/,B,Niels Krabbe,"call, chase call",yes,yes,yes,no,high,Exact scientific-name match from Xeno-canto with commercial-safe Creative Commons license.,5
651,White-crested Elaenia,Elaenia albiceps,Tyrant Flycatchers (Tyrannidae),yes,strict_safe_ab,xeno-canto,americas,XC250809,https://xeno-canto.org/250809,https://xeno-canto.org/250809/download,CC BY-SA 4.0,https://creativecommons.org/licenses/by-sa/4.0/,A,Niels Krabbe,dawn song,yes,yes,yes,no,high,Exact scientific-name match from Xeno-canto with commercial-safe Creative Commons license.,11
123,White-crowned Pigeon,Patagioenas leucocephala,Pigeons and Doves (Columbidae),no,missing,,,,,,,,,,,,,,,,,0
1024,White-crowned Sparrow,Zonotrichia leucophrys,Towhees and Sparrows (Passerellidae),yes,strict_safe_ab,xeno-canto,americas,XC565001,https://xeno-canto.org/565001,https://xeno-canto.org/565001/download,CC BY-SA 4.0,https://creativecommons.org/licenses/by-sa/4.0/,A,Doug Hynes,song,yes,yes,yes,no,high,Exact scientific-name match from Xeno-canto with commercial-safe Creative Commons license.,9
180,White-eared Hummingbird,Basilinna leucotis,Hummingbirds (Trochilidae),no,missing,,,,,,,,,,,,,,,,,0
696,White-eyed Vireo,Vireo griseus,Vireos (Vireonidae),yes,strict_safe_ab,xeno-canto,americas,XC799650,https://xeno-canto.org/799650,https://xeno-canto.org/799650/download,CC BY-SA 4.0,https://creativecommons.org/licenses/by-sa/4.0/,A,steve,song,yes,yes,yes,no,high,Exact scientific-name match from Xeno-canto with commercial-safe Creative Commons license.,22
496,White-faced Ibis,Plegadis chihi,Ibises and Spoonbills (Threskiornithidae),yes,candidate_safe_research_grade,iNaturalist,research-grade exact taxon sound,iNat observation 291829946 / sound 1537800,https://www.inaturalist.org/observations/291829946,https://static.inaturalist.org/sounds/1537800.wav?1750650002,CC0,https://creativecommons.org/publicdomain/zero/1.0/,research-grade,no rights reserved,bird sound,yes,yes,no,yes,candidate,License-safe iNaturalist research-grade observation with exact taxon match; listen before shipping.,2
416,White-faced Storm-Petrel,Pelagodroma marina,Southern Storm-Petrels (Oceanitidae),no,missing,,,,,,,,,,,,,,,,,0
611,White-headed Woodpecker,Dryobates albolarvatus,Woodpeckers and Allies (Picidae),no,missing,,,,,,,,,,,,,,,,,0
444,White-necked Petrel,Pterodroma cervicalis,Shearwaters and Petrels (Procellariidae),no,missing,,,,,,,,,,,,,,,,,0
274,White-rumped Sandpiper,Calidris fuscicollis,"Sandpipers, Phalaropes, and Allies (Scolopacidae)",yes,candidate_safe_research_grade,iNaturalist,research-grade exact taxon sound,iNat observation 120646807 / sound 464264,https://www.inaturalist.org/observations/120646807,https://static.inaturalist.org/sounds/464264.wav?1654598955,CC-BY,https://creativecommons.org/licenses/by/4.0/,research-grade,"(c) Dan MacNeal, some rights reserved (CC BY)",bird sound,yes,yes,no,yes,candidate,License-safe iNaturalist research-grade observation with exact taxon match; listen before shipping.,1
883,White-rumped Shama,Copsychus malabaricus,Old World Flycatchers (Muscicapidae),yes,strict_safe_commons_exact,Wikimedia Commons,exact scientific-name audio search,5869950,https://commons.wikimedia.org/wiki/File:ShamaJavadi.ogg,https://upload.wikimedia.org/wikipedia/commons/e/e4/ShamaJavadi.ogg?utm_source=commons.wikimedia.org&utm_campaign=imageinfo&utm_content=original,CC BY-SA 3.0,https://creativecommons.org/licenses/by-sa/3.0,metadata exact,L. Shyamal,bird sound,yes,yes,yes,no,medium-high,Commons audio result with exact scientific-name match and commercial-safe license metadata.,1
541,White-tailed Eagle,Haliaeetus albicilla,"Hawks, Kites, Eagles, and Allies (Accipitridae)",yes,strict_safe_commons_exact,Wikimedia Commons,exact scientific-name audio search,61967852,https://commons.wikimedia.org/wiki/File:De-Seeadler.ogg,https://upload.wikimedia.org/wikipedia/commons/0/00/De-Seeadler.ogg?utm_source=commons.wikimedia.org&utm_campaign=imageinfo&utm_content=original,CC BY-SA 4.0,https://creativecommons.org/licenses/by-sa/4.0,metadata exact,Jeuwre,bird sound,yes,yes,yes,no,medium-high,Commons audio result with exact scientific-name match and commercial-safe license metadata.,1
550,White-tailed Hawk,Geranoaetus albicaudatus,"Hawks, Kites, Eagles, and Allies (Accipitridae)",no,missing,,,,,,,,,,,,,,,,,0
525,White-tailed Kite,Elanus leucurus,"Hawks, Kites, Eagles, and Allies (Accipitridae)",no,missing,,,,,,,,,,,,,,,,,0
84,White-tailed Ptarmigan,Lagopus leucura,"Partridges, Grouse, Turkeys, and Old World Quail (Phasianidae)",yes,candidate_safe_research_grade,iNaturalist,research-grade exact taxon sound,iNat observation 239557020 / sound 1192182,https://www.inaturalist.org/observations/239557020,https://static.inaturalist.org/sounds/1192182.mpga?1725339132,CC-BY,https://creativecommons.org/licenses/by/4.0/,research-grade,"(c) James Tetreau, some rights reserved (CC BY)",bird sound,yes,yes,no,yes,candidate,License-safe iNaturalist research-grade observation with exact taxon match; listen before shipping.,3
396,White-tailed Tropicbird,Phaethon lepturus,Tropicbirds (Phaethontidae),no,missing,,,,,,,,,,,,,,,,,0
156,White-throated Needletail,Hirundapus caudacutus,Swifts (Apodidae),no,missing,,,,,,,,,,,,,,,,,0
1027,White-throated Sparrow,Zonotrichia albicollis,Towhees and Sparrows (Passerellidae),yes,strict_safe_ab,xeno-canto,americas,XC993033,https://xeno-canto.org/993033,https://xeno-canto.org/993033/download,CC BY-SA 4.0,https://creativecommons.org/licenses/by-sa/4.0/,A,Doug Hynes,song,yes,yes,yes,no,high,Exact scientific-name match from Xeno-canto with commercial-safe Creative Commons license.,6
160,White-throated Swift,Aeronautes saxatalis,Swifts (Apodidae),yes,candidate_safe_research_grade,iNaturalist,research-grade exact taxon sound,iNat observation 348220686 / sound 1846802,https://www.inaturalist.org/observations/348220686,https://static.inaturalist.org/sounds/1846802.wav?1775623018,CC-BY,https://creativecommons.org/licenses/by/4.0/,research-grade,"(c) Kalvin Chan, some rights reserved (CC BY)",bird sound,yes,yes,no,yes,candidate,License-safe iNaturalist research-grade observation with exact taxon match; listen before shipping.,20
873,White-throated Thrush,Turdus assimilis,Thrushes (Turdidae),yes,candidate_safe_research_grade,iNaturalist,research-grade exact taxon sound,iNat observation 332358455 / sound 1726127,https://www.inaturalist.org/observations/332358455,https://static.inaturalist.org/sounds/1726127.wav?1766880316,CC-BY,https://creativecommons.org/licenses/by/4.0/,research-grade,"(c) Tommy Andriollo, some rights reserved (CC BY)",bird sound,yes,yes,no,yes,candidate,License-safe iNaturalist research-grade observation with exact taxon match; listen before shipping.,2
116,White-tipped Dove,Leptotila verreauxi,Pigeons and Doves (Columbidae),yes,strict_safe_ab,xeno-canto,americas,XC891586,https://xeno-canto.org/891586,https://xeno-canto.org/891586/download,CC BY-SA 4.0,https://creativecommons.org/licenses/by-sa/4.0/,B,steve,song,yes,yes,yes,no,high,Exact scientific-name match from Xeno-canto with commercial-safe Creative Commons license.,4
981,White-winged Crossbill,Loxia leucoptera,Fringilline and Cardueline Finches and Allies (Fringillidae),yes,strict_safe_ab,xeno-canto,americas,XC613110,https://xeno-canto.org/613110,https://xeno-canto.org/613110/download,CC BY-SA 4.0,https://creativecommons.org/licenses/by-sa/4.0/,A,Doug Hynes,song,yes,yes,yes,no,high,Exact scientific-name match from Xeno-canto with commercial-safe Creative Commons license.,1
117,White-winged Dove,Zenaida asiatica,Pigeons and Doves (Columbidae),yes,strict_safe_commons_exact,Wikimedia Commons,exact scientific-name audio search,189887064,https://commons.wikimedia.org/wiki/File:La_Pona_(20-04-2026)_-_aves_y_sonidos_antropoc%C3%A9ntricos.wav,https://upload.wikimedia.org/wikipedia/commons/d/dd/La_Pona_%2820-04-2026%29_-_aves_y_sonidos_antropoc%C3%A9ntricos.wav?utm_source=commons.wikimedia.org&utm_campaign=imageinfo&utm_content=original,CC BY-SA 4.0,https://creativecommons.org/licenses/by-sa/4.0,metadata exact,Luisalvaz,bird sound,yes,yes,yes,no,medium-high,Commons audio result with exact scientific-name match and commercial-safe license metadata.,5
638,White-winged Parakeet,Brotogeris versicolurus,"Parakeets, Macaws, Amazons, and Parrots (Psittacidae)",yes,candidate_safe_research_grade,iNaturalist,research-grade exact taxon sound,iNat observation 220474460 / sound 1077652,https://www.inaturalist.org/observations/220474460,https://static.inaturalist.org/sounds/1077652.m4a?1717511397,CC-BY,https://creativecommons.org/licenses/by/4.0/,research-grade,"(c) Antonio W. Salas, some rights reserved (CC BY)",bird sound,yes,yes,no,yes,candidate,License-safe iNaturalist research-grade observation with exact taxon match; listen before shipping.,2
58,White-winged Scoter,Melanitta deglandi,"Ducks, Geese, and Swans (Anatidae)",no,missing,,,,,,,,,,,,,,,,,0
351,White-winged Tern,Chlidonias leucopterus,"Gulls, Terns, and Skimmers (Laridae)",yes,candidate_safe_research_grade,iNaturalist,research-grade exact taxon sound,iNat observation 255856649 / sound 1271084,https://www.inaturalist.org/observations/255856649,https://static.inaturalist.org/sounds/1271084.wav?1734859719,CC-BY,https://creativecommons.org/licenses/by/4.0/,research-grade,"(c) Sam Hambly, some rights reserved (CC BY)",bird sound,yes,yes,no,yes,candidate,License-safe iNaturalist research-grade observation with exact taxon match; listen before shipping.,3
20,Whooper Swan,Cygnus cygnus,"Ducks, Geese, and Swans (Anatidae)",yes,strict_safe_ab,xeno-canto,global,XC677948,https://xeno-canto.org/677948,https://xeno-canto.org/677948/download,CC BY-SA 4.0,https://creativecommons.org/licenses/by-sa/4.0/,B,Max Karlsson,song,yes,yes,yes,no,high,Exact scientific-name match from Xeno-canto with commercial-safe Creative Commons license.,9
191,Whooping Crane,Grus americana,Cranes (Gruidae),yes,candidate_safe_research_grade,iNaturalist,research-grade exact taxon sound,iNat observation 357779153 / sound 1922278,https://www.inaturalist.org/observations/357779153,https://static.inaturalist.org/sounds/1922278.mp3?1777780028,CC-BY,https://creativecommons.org/licenses/by/4.0/,research-grade,"(c) sofi v, some rights reserved (CC BY)",bird sound,yes,yes,no,yes,candidate,License-safe iNaturalist research-grade observation with exact taxon match; listen before shipping.,3
79,Wild Turkey,Meleagris gallopavo,"Partridges, Grouse, Turkeys, and Old World Quail (Phasianidae)",yes,strict_safe_ab,xeno-canto,americas,XC136045,https://xeno-canto.org/136045,https://xeno-canto.org/136045/download,CC BY-SA 3.0,https://creativecommons.org/licenses/by-sa/3.0/,A,Jonathon Jongsma,song,yes,yes,yes,no,high,Exact scientific-name match from Xeno-canto with commercial-safe Creative Commons license.,6
296,Willet,Tringa semipalmata,"Sandpipers, Phalaropes, and Allies (Scolopacidae)",yes,strict_safe_ab,xeno-canto,americas,XC1025075,https://xeno-canto.org/1025075,https://xeno-canto.org/1025075/download,CC BY-SA 4.0,https://creativecommons.org/licenses/by-sa/4.0/,B,Doug Hynes,call,yes,yes,yes,no,high,Exact scientific-name match from Xeno-canto with commercial-safe Creative Commons license.,1
599,Williamson's Sapsucker,Sphyrapicus thyroideus,Woodpeckers and Allies (Picidae),yes,candidate_safe_research_grade,iNaturalist,research-grade exact taxon sound,iNat observation 220183569 / sound 1075114,https://www.inaturalist.org/observations/220183569,https://static.inaturalist.org/sounds/1075114.mp3?1717388974,CC-BY,https://creativecommons.org/licenses/by/4.0/,research-grade,"(c) William Harmon, some rights reserved (CC BY)",bird sound,yes,yes,no,yes,candidate,License-safe iNaturalist research-grade observation with exact taxon match; listen before shipping.,6
683,Willow Flycatcher,Empidonax traillii,Tyrant Flycatchers (Tyrannidae),yes,strict_safe_ab,xeno-canto,americas,XC134878,https://xeno-canto.org/134878,https://xeno-canto.org/134878/download,CC BY-SA 3.0,https://creativecommons.org/licenses/by-sa/3.0/,A,Jonathon Jongsma,song,yes,yes,yes,no,high,Exact scientific-name match from Xeno-canto with commercial-safe Creative Commons license.,8
82,Willow Ptarmigan,Lagopus lagopus,"Partridges, Grouse, Turkeys, and Old World Quail (Phasianidae)",yes,strict_safe_any_quality,xeno-canto,global,XC1092073,https://xeno-canto.org/1092073,https://xeno-canto.org/1092073/download,CC BY-SA 4.0,https://creativecommons.org/licenses/by-sa/4.0/,C,Jimmy Utterström,song,yes,yes,yes,no,high,Exact scientific-name match from Xeno-canto with commercial-safe Creative Commons license.,2
783,Willow Warbler,Phylloscopus trochilus,Leaf Warblers (Phylloscopidae),yes,strict_safe_ab,xeno-canto,global,XC989893,https://xeno-canto.org/989893,https://xeno-canto.org/989893/download,CC BY 4.0,https://creativecommons.org/licenses/by/4.0/,A,Noé Ferrari,song,yes,yes,no,no,high,Exact scientific-name match from Xeno-canto with commercial-safe Creative Commons license.,19
303,Wilson's Phalarope,Phalaropus tricolor,"Sandpipers, Phalaropes, and Allies (Scolopacidae)",no,missing,,,,,,,,,,,,,,,,,0
233,Wilson's Plover,Anarhynchus wilsonia,Lapwings and Plovers (Charadriidae),yes,candidate_safe_research_grade,iNaturalist,research-grade exact taxon sound,iNat observation 219990065 / sound 1073825,https://www.inaturalist.org/observations/219990065,https://static.inaturalist.org/sounds/1073825.wav?1717335852,CC-BY,https://creativecommons.org/licenses/by/4.0/,research-grade,"(c) er-birds, some rights reserved (CC BY)",bird sound,yes,yes,no,yes,candidate,License-safe iNaturalist research-grade observation with exact taxon match; listen before shipping.,1
287,Wilson's Snipe,Gallinago delicata,"Sandpipers, Phalaropes, and Allies (Scolopacidae)",yes,strict_safe_ab,xeno-canto,americas,XC609619,https://xeno-canto.org/609619,https://xeno-canto.org/609619/download,CC BY-SA 4.0,https://creativecommons.org/licenses/by-sa/4.0/,A,Doug Hynes,song,yes,yes,yes,no,high,Exact scientific-name match from Xeno-canto with commercial-safe Creative Commons license.,1
415,Wilson's Storm-Petrel,Oceanites oceanicus,Southern Storm-Petrels (Oceanitidae),yes,strict_safe_ab,xeno-canto,global,XC863014,https://xeno-canto.org/863014,https://xeno-canto.org/863014/download,CC0-1.0,https://creativecommons.org/publicdomain/zero/1.0/,A,Kevin Guille,"song, Song during breeding, individual under rocks",yes,yes,no,no,high,Exact scientific-name match from Xeno-canto with commercial-safe Creative Commons license.,2
1130,Wilson's Warbler,Cardellina pusilla,Wood-Warblers (Parulidae),yes,strict_safe_ab,xeno-canto,americas,XC543746,https://xeno-canto.org/543746,https://xeno-canto.org/543746/download,CC BY-SA 4.0,https://creativecommons.org/licenses/by-sa/4.0/,B,Peter Wilton,song,yes,yes,yes,no,high,Exact scientific-name match from Xeno-canto with commercial-safe Creative Commons license.,3
827,Winter Wren,Troglodytes hiemalis,Wrens (Troglodytidae),yes,strict_safe_ab,xeno-canto,americas,XC920776,https://xeno-canto.org/920776,https://xeno-canto.org/920776/download,CC BY-SA 4.0,https://creativecommons.org/licenses/by-sa/4.0/,A,Doug Hynes,song,yes,yes,yes,no,high,Exact scientific-name match from Xeno-canto with commercial-safe Creative Commons license.,5
24,Wood Duck,Aix sponsa,"Ducks, Geese, and Swans (Anatidae)",yes,strict_safe_ab,xeno-canto,americas,XC177728,https://xeno-canto.org/177728,https://xeno-canto.org/177728/download,CC BY-SA 4.0,https://creativecommons.org/licenses/by-sa/4.0/,B,Jonathon Jongsma,call,yes,yes,yes,no,high,Exact scientific-name match from Xeno-canto with commercial-safe Creative Commons license.,3
301,Wood Sandpiper,Tringa glareola,"Sandpipers, Phalaropes, and Allies (Scolopacidae)",yes,strict_safe_ab,xeno-canto,global,XC816813,https://xeno-canto.org/816813,https://xeno-canto.org/816813/download,CC0-1.0,https://creativecommons.org/publicdomain/zero/1.0/,B,Sonothèque ADVL,call,yes,yes,no,no,high,Exact scientific-name match from Xeno-canto with commercial-safe Creative Commons license.,12
475,Wood Stork,Mycteria americana,Storks (Ciconiidae),yes,strict_safe_commons_exact,Wikimedia Commons,exact scientific-name audio search,82505511,https://commons.wikimedia.org/wiki/File:De-Waldstorch.ogg,https://upload.wikimedia.org/wikipedia/commons/f/f6/De-Waldstorch.ogg?utm_source=commons.wikimedia.org&utm_campaign=imageinfo&utm_content=original,CC BY-SA 4.0,https://creativecommons.org/licenses/by-sa/4.0,metadata exact,Jeuwre,bird sound,yes,yes,yes,no,medium-high,Commons audio result with exact scientific-name match and commercial-safe license metadata.,2
863,Wood Thrush,Hylocichla mustelina,Thrushes (Turdidae),yes,strict_safe_ab,xeno-canto,americas,XC1103243,https://xeno-canto.org/1103243,https://xeno-canto.org/1103243/download,CC0-1.0,https://creativecommons.org/publicdomain/zero/1.0/,A,Philip Vanbergen,song,yes,yes,no,no,high,Exact scientific-name match from Xeno-canto with commercial-safe Creative Commons license.,16
785,Wood Warbler,Phylloscopus sibilatrix,Leaf Warblers (Phylloscopidae),yes,strict_safe_ab,xeno-canto,global,XC901629,https://xeno-canto.org/901629,https://xeno-canto.org/901629/download,CC BY-SA 4.0,https://creativecommons.org/licenses/by-sa/4.0/,A,Jochem verweij,"call, song, subsong, Zangvlucht",yes,yes,yes,no,high,Exact scientific-name match from Xeno-canto with commercial-safe Creative Commons license.,13
729,Woodhouse's Scrub-Jay,Aphelocoma woodhouseii,Jays and Crows (Corvidae),no,missing,,,,,,,,,,,,,,,,,0
1078,Worm-eating Warbler,Helmitheros vermivorum,Wood-Warblers (Parulidae),yes,candidate_safe_research_grade,iNaturalist,research-grade exact taxon sound,iNat observation 358920280 / sound 1930890,https://www.inaturalist.org/observations/358920280,https://static.inaturalist.org/sounds/1930890.m4a?1778077089,CC-BY,https://creativecommons.org/licenses/by/4.0/,research-grade,"(c) Jim Arrigoni, some rights reserved (CC BY)",bird sound,yes,yes,no,yes,candidate,License-safe iNaturalist research-grade observation with exact taxon match; listen before shipping.,93
1019,Worthen's Sparrow,Spizella wortheni,Towhees and Sparrows (Passerellidae),no,missing,,,,,,,,,,,,,,,,,0
794,Wrentit,Chamaea fasciata,Sylviid Warblers (Sylviidae),yes,strict_safe_ab,xeno-canto,americas,XC109853,https://xeno-canto.org/109853,https://xeno-canto.org/109853/download,CC BY-SA 3.0,https://creativecommons.org/licenses/by-sa/3.0/,B,Jonathon Jongsma,song,yes,yes,yes,no,high,Exact scientific-name match from Xeno-canto with commercial-safe Creative Commons license.,2
181,Xantus's Hummingbird,Basilinna xantusii,Hummingbirds (Trochilidae),no,missing,,,,,,,,,,,,,,,,,0
503,Yellow Bittern,Botaurus sinensis,"Bitterns, Herons, and Allies (Ardeidae)",no,missing,,,,,,,,,,,,,,,,,0
1142,Yellow Grosbeak,Pheucticus chrysopeplus,"Cardinals, Piranga Tanagers and Allies (Cardinalidae)",no,missing,,,,,,,,,,,,,,,,,0
208,Yellow Rail,Coturnicops noveboracensis,"Rails, Gallinules, and Coots (Rallidae)",yes,strict_safe_ab,xeno-canto,americas,XC561828,https://xeno-canto.org/561828,https://xeno-canto.org/561828/download,CC BY-SA 4.0,https://creativecommons.org/licenses/by-sa/4.0/,A,Justin Watts,call,yes,yes,yes,no,high,Exact scientific-name match from Xeno-canto with commercial-safe Creative Commons license.,2
680,Yellow-bellied Flycatcher,Empidonax flaviventris,Tyrant Flycatchers (Tyrannidae),yes,strict_safe_ab,xeno-canto,americas,XC938752,https://xeno-canto.org/938752,https://xeno-canto.org/938752/download,CC BY-SA 4.0,https://creativecommons.org/licenses/by-sa/4.0/,A,Doug Hynes,call,yes,yes,yes,no,high,Exact scientific-name match from Xeno-canto with commercial-safe Creative Commons license.,2
600,Yellow-bellied Sapsucker,Sphyrapicus varius,Woodpeckers and Allies (Picidae),yes,strict_safe_ab,xeno-canto,americas,XC870691,https://xeno-canto.org/870691,https://xeno-canto.org/870691/download,CC BY-SA 4.0,https://creativecommons.org/licenses/by-sa/4.0/,A,steve,call,yes,yes,yes,no,high,Exact scientific-name match from Xeno-canto with commercial-safe Creative Commons license.,7
1153,Yellow-billed Cardinal,Paroaria capitata,Tanagers and Allies (Thraupidae),yes,candidate_safe_research_grade,iNaturalist,research-grade exact taxon sound,iNat observation 344386393 / sound 1817502,https://www.inaturalist.org/observations/344386393,https://static.inaturalist.org/sounds/1817502.mp3?1774172482,CC-BY,https://creativecommons.org/licenses/by/4.0/,research-grade,"(c) Damien Wallace, some rights reserved (CC BY)",bird sound,yes,yes,no,yes,candidate,License-safe iNaturalist research-grade observation with exact taxon match; listen before shipping.,2
139,Yellow-billed Cuckoo,Coccyzus americanus,"Cuckoos, Roadrunners, and Anis (Cuculidae)",yes,strict_safe_ab,xeno-canto,americas,XC1006906,https://xeno-canto.org/1006906,https://xeno-canto.org/1006906/download,CC BY-SA 4.0,https://creativecommons.org/licenses/by-sa/4.0/,B,Ryan Douglas,,yes,yes,yes,no,high,Exact scientific-name match from Xeno-canto with commercial-safe Creative Commons license.,3
403,Yellow-billed Loon,Gavia adamsii,Loons (Gaviidae),yes,candidate_safe_research_grade,iNaturalist,research-grade exact taxon sound,iNat observation 15461333 / sound 25383,https://www.inaturalist.org/observations/15461333,https://static.inaturalist.org/sounds/25383.m4a?1648690088,CC-BY,https://creativecommons.org/licenses/by/4.0/,research-grade,"(c) Mathew Zappa, some rights reserved (CC BY)",bird sound,yes,yes,no,yes,candidate,License-safe iNaturalist research-grade observation with exact taxon match; listen before shipping.,1
733,Yellow-billed Magpie,Pica nuttalli,Jays and Crows (Corvidae),yes,candidate_safe_research_grade,iNaturalist,research-grade exact taxon sound,iNat observation 295135758 / sound 1554466,https://www.inaturalist.org/observations/295135758,https://static.inaturalist.org/sounds/1554466.mp3?1751644237,CC-BY,https://creativecommons.org/licenses/by/4.0/,research-grade,"(c) Jonas Katona, some rights reserved (CC BY)",bird sound,yes,yes,no,yes,candidate,License-safe iNaturalist research-grade observation with exact taxon match; listen before shipping.,6
1000,Yellow-breasted Bunting,Emberiza aureola,Emberizids (Emberizidae),yes,candidate_safe_research_grade,iNaturalist,research-grade exact taxon sound,iNat observation 262270321 / sound 1310279,https://www.inaturalist.org/observations/262270321,https://static.inaturalist.org/sounds/1310279.wav?1739972638,CC-BY,https://creativecommons.org/licenses/by/4.0/,research-grade,"(c) Sam Hambly, some rights reserved (CC BY)",bird sound,yes,yes,no,yes,candidate,License-safe iNaturalist research-grade observation with exact taxon match; listen before shipping.,1
1049,Yellow-breasted Chat,Icteria virens,Yellow-breasted Chats (Icteriidae),yes,strict_safe_ab,xeno-canto,americas,XC254466,https://xeno-canto.org/254466,https://xeno-canto.org/254466/download,CC BY-SA 4.0,https://creativecommons.org/licenses/by-sa/4.0/,A,Jonathon Jongsma,song,yes,yes,yes,no,high,Exact scientific-name match from Xeno-canto with commercial-safe Creative Commons license.,3
996,Yellow-browed Bunting,Emberiza chrysophrys,Emberizids (Emberizidae),no,missing,,,,,,,,,,,,,,,,,0
788,Yellow-browed Warbler,Phylloscopus inornatus,Leaf Warblers (Phylloscopidae),yes,strict_safe_ab,xeno-canto,global,XC605286,https://xeno-canto.org/605286,https://xeno-canto.org/605286/download,CC BY 4.0,https://creativecommons.org/licenses/by/4.0/,B,Jerome Fouert,"call, short calls",yes,yes,no,no,high,Exact scientific-name match from Xeno-canto with commercial-safe Creative Commons license.,9
639,Yellow-chevroned Parakeet,Brotogeris chiriri,"Parakeets, Macaws, Amazons, and Parrots (Psittacidae)",yes,strict_safe_ab,xeno-canto,americas,XC957841,https://xeno-canto.org/957841,https://xeno-canto.org/957841/download,CC BY-SA 4.0,https://creativecommons.org/licenses/by-sa/4.0/,A,steve,call,yes,yes,yes,no,high,Exact scientific-name match from Xeno-canto with commercial-safe Creative Commons license.,3
512,Yellow-crowned Night Heron,Nyctanassa violacea,"Bitterns, Herons, and Allies (Ardeidae)",no,missing,,,,,,,,,,,,,,,,,0
1023,Yellow-eyed Junco,Junco phaeonotus,Towhees and Sparrows (Passerellidae),yes,strict_safe_ab,xeno-canto,americas,XC475586,https://xeno-canto.org/475586,https://xeno-canto.org/475586/download,CC BY-SA 4.0,https://creativecommons.org/licenses/by-sa/4.0/,A,Diana Doyle,"alarm call, flight call",yes,yes,yes,no,high,Exact scientific-name match from Xeno-canto with commercial-safe Creative Commons license.,1
1159,Yellow-faced Grassquit,Tiaris olivaceus,Tanagers and Allies (Thraupidae),yes,strict_safe_ab,xeno-canto,americas,XC915753,https://xeno-canto.org/915753,https://xeno-canto.org/915753/download,CC BY 4.0,https://creativecommons.org/licenses/by/4.0/,A,JUAN ANTONIO ALONSO DE JUAN,song,yes,yes,no,no,high,Exact scientific-name match from Xeno-canto with commercial-safe Creative Commons license.,5
383,Yellow-footed Gull,Larus livens,"Gulls, Terns, and Skimmers (Laridae)",no,missing,,,,,,,,,,,,,,,,,0
977,Yellow-fronted Canary,Crithagra mozambica,Fringilline and Cardueline Finches and Allies (Fringillidae),yes,candidate_safe_research_grade,iNaturalist,research-grade exact taxon sound,iNat observation 334297145 / sound 1738283,https://www.inaturalist.org/observations/334297145,https://static.inaturalist.org/sounds/1738283.mp3?1768098716,CC-BY,https://creativecommons.org/licenses/by/4.0/,research-grade,"(c) Damien Wallace, some rights reserved (CC BY)",bird sound,yes,yes,no,yes,candidate,License-safe iNaturalist research-grade observation with exact taxon match; listen before shipping.,8
710,Yellow-green Vireo,Vireo flavoviridis,Vireos (Vireonidae),yes,strict_safe_ab,xeno-canto,americas,XC1032937,https://xeno-canto.org/1032937,https://xeno-canto.org/1032937/download,CC0-1.0,https://creativecommons.org/publicdomain/zero/1.0/,B,Gean Carlo Valdés,song,yes,yes,no,no,high,Exact scientific-name match from Xeno-canto with commercial-safe Creative Commons license.,13
642,Yellow-headed Amazon (1975-1982),Amazona oratrix,"Parakeets, Macaws, Amazons, and Parrots (Psittacidae)",yes,strict_safe_any_quality,xeno-canto,americas,XC463757,https://xeno-canto.org/463757,https://xeno-canto.org/463757/download,CC BY-SA 4.0,https://creativecommons.org/licenses/by-sa/4.0/,D,Oliver Komar,call,yes,yes,yes,no,high,Exact scientific-name match from Xeno-canto with commercial-safe Creative Commons license.,1
1050,Yellow-headed Blackbird,Xanthocephalus xanthocephalus,Blackbirds (Icteridae),yes,strict_safe_ab,xeno-canto,americas,XC361454,https://xeno-canto.org/361454,https://xeno-canto.org/361454/download,CC BY-SA 4.0,https://creativecommons.org/licenses/by-sa/4.0/,A,Justin Watts,call,yes,yes,yes,no,high,Exact scientific-name match from Xeno-canto with commercial-safe Creative Commons license.,3
619,Yellow-headed Caracara,Milvago chimachima,Caracaras and Falcons (Falconidae),no,missing,,,,,,,,,,,,,,,,,0
388,Yellow-legged Gull,Larus michahellis,"Gulls, Terns, and Skimmers (Laridae)",yes,strict_safe_any_quality,xeno-canto,global,XC624044,https://xeno-canto.org/624044,https://xeno-canto.org/624044/download,CC BY 4.0,https://creativecommons.org/licenses/by/4.0/,C,Giovanni Francesco Tartarelli,call,yes,yes,no,no,high,Exact scientific-name match from Xeno-canto with commercial-safe Creative Commons license.,1
1117,Yellow-rumped Warbler,Setophaga coronata,Wood-Warblers (Parulidae),yes,strict_safe_ab,xeno-canto,americas,XC570786,https://xeno-canto.org/570786,https://xeno-canto.org/570786/download,CC BY-SA 4.0,https://creativecommons.org/licenses/by-sa/4.0/,A,Doug Hynes,song,yes,yes,yes,no,high,Exact scientific-name match from Xeno-canto with commercial-safe Creative Commons license.,7
999,Yellow-throated Bunting,Emberiza elegans,Emberizids (Emberizidae),no,missing,,,,,,,,,,,,,,,,,0
702,Yellow-throated Vireo,Vireo flavifrons,Vireos (Vireonidae),yes,strict_safe_commons_exact,Wikimedia Commons,exact scientific-name audio search,175014608,https://commons.wikimedia.org/wiki/File:Vireo_flavifrons_-_Yellow-Throated_Vireo_Song.wav,https://upload.wikimedia.org/wikipedia/commons/4/4f/Vireo_flavifrons_-_Yellow-Throated_Vireo_Song.wav?utm_source=commons.wikimedia.org&utm_campaign=imageinfo&utm_content=original,CC BY 4.0,https://creativecommons.org/licenses/by/4.0,metadata exact,SwampVids,bird sound,yes,yes,no,no,medium-high,Commons audio result with exact scientific-name match and commercial-safe license metadata.,2
1118,Yellow-throated Warbler,Setophaga dominica,Wood-Warblers (Parulidae),yes,strict_safe_ab,xeno-canto,americas,XC884289,https://xeno-canto.org/884289,https://xeno-canto.org/884289/download,CC BY-SA 4.0,https://creativecommons.org/licenses/by-sa/4.0/,B,steve,song,yes,yes,yes,no,high,Exact scientific-name match from Xeno-canto with commercial-safe Creative Commons license.,1
712,Yucatan Vireo,Vireo magister,Vireos (Vireonidae),yes,candidate_safe_research_grade,iNaturalist,research-grade exact taxon sound,iNat observation 120690907 / sound 464530,https://www.inaturalist.org/observations/120690907,https://static.inaturalist.org/sounds/464530.wav?1654621334,CC-BY,https://creativecommons.org/licenses/by/4.0/,research-grade,"(c) Court Harding, some rights reserved (CC BY)",bird sound,yes,yes,no,yes,candidate,License-safe iNaturalist research-grade observation with exact taxon match; listen before shipping.,1
132,Zebra Dove,Geopelia striata,Pigeons and Doves (Columbidae),yes,strict_safe_ab,xeno-canto,global,XC347813,https://xeno-canto.org/347813,https://xeno-canto.org/347813/download,CC BY-SA 4.0,https://creativecommons.org/licenses/by-sa/4.0/,B,Derek Paulo,call,yes,yes,yes,no,high,Exact scientific-name match from Xeno-canto with commercial-safe Creative Commons license.,3
118,Zenaida Dove,Zenaida aurita,Pigeons and Doves (Columbidae),no,missing,,,,,,,,,,,,,,,,,0
448,Zino's Petrel,Pterodroma madeira,Shearwaters and Petrels (Procellariidae),no,missing,,,,,,,,,,,,,,,,,0
557,Zone-tailed Hawk,Buteo albonotatus,"Hawks, Kites, Eagles, and Allies (Accipitridae)",yes,candidate_safe_research_grade,iNaturalist,research-grade exact taxon sound,iNat observation 355784971 / sound 1907022,https://www.inaturalist.org/observations/355784971,https://static.inaturalist.org/sounds/1907022.m4a?1777334629,CC-BY,https://creativecommons.org/licenses/by/4.0/,research-grade,"(c) beth_snow, some rights reserved (CC BY)",bird sound,yes,yes,no,yes,candidate,License-safe iNaturalist research-grade observation with exact taxon match; listen before shipping.,6
